[OK] Wrote shared sensors: /work/hdd/bewv/smahesh1/ShadowHand-TQC/generated/studies/sphere_v1_demo/candidates/n1000_a0p1_b0p9/obj_size_large_ar_low_macro_low_rough_high/rigid/custom_obj_size_large_ar_low_macro_low_rough_high_1000_1.111111_0.123457/shared_touch_sensors_1000_1.111111_0.123457.xml
     Totals: Np=74 Npx=272 Nt=654 (sum 1000)
# ---- Merge Touch Sites (7:1:1 split + coverage) ----
Input base:    assets/hand_base.xml
Input sensors: /work/hdd/bewv/smahesh1/ShadowHand-TQC/generated/studies/sphere_v1_demo/candidates/n1000_a0p1_b0p9/obj_size_large_ar_low_macro_low_rough_high/rigid/custom_obj_size_large_ar_low_macro_low_rough_high_1000_1.111111_0.123457/shared_touch_sensors_1000_1.111111_0.123457.xml
Output file:   /work/hdd/bewv/smahesh1/ShadowHand-TQC/generated/studies/sphere_v1_demo/candidates/n1000_a0p1_b0p9/obj_size_large_ar_low_macro_low_rough_high/rigid/custom_obj_size_large_ar_low_macro_low_rough_high_1000_1.111111_0.123457/Sensors_withPos_1000_1.111111_0.123457.xml

Per (body, face) site counts:
  robot0:ffdistal          back : 15
  robot0:ffdistal          front: 102
  robot0:ffdistal          left : 7
  robot0:ffdistal          right: 7
  robot0:ffmiddle          back : 3
  robot0:ffmiddle          front: 22
  robot0:ffmiddle          left : 1
  robot0:ffmiddle          right: 2
  robot0:ffproximal        back : 3
  robot0:ffproximal        front: 22
  robot0:ffproximal        left : 1
  robot0:ffproximal        right: 2
  robot0:lfdistal          back : 15
  robot0:lfdistal          front: 102
  robot0:lfdistal          left : 7
  robot0:lfdistal          right: 7
  robot0:lfmetacarpal      front: 11
  robot0:lfmiddle          back : 3
  robot0:lfmiddle          front: 21
  robot0:lfmiddle          left : 1
  robot0:lfmiddle          right: 2
  robot0:lfproximal        back : 3
  robot0:lfproximal        front: 21
  robot0:lfproximal        left : 1
  robot0:lfproximal        right: 2
  robot0:mfdistal          back : 15
  robot0:mfdistal          front: 102
  robot0:mfdistal          left : 7
  robot0:mfdistal          right: 7
  robot0:mfmiddle          back : 3
  robot0:mfmiddle          front: 21
  robot0:mfmiddle          left : 1
  robot0:mfmiddle          right: 2
  robot0:mfproximal        back : 3
  robot0:mfproximal        front: 21
  robot0:mfproximal        left : 1
  robot0:mfproximal        right: 2
  robot0:palm              front: 63
  robot0:rfdistal          back : 15
  robot0:rfdistal          front: 102
  robot0:rfdistal          left : 7
  robot0:rfdistal          right: 7
  robot0:rfmiddle          back : 3
  robot0:rfmiddle          front: 21
  robot0:rfmiddle          left : 1
  robot0:rfmiddle          right: 2
  robot0:rfproximal        back : 3
  robot0:rfproximal        front: 21
  robot0:rfproximal        left : 1
  robot0:rfproximal        right: 2
  robot0:thdistal          back : 14
  robot0:thdistal          front: 102
  robot0:thdistal          left : 7
  robot0:thdistal          right: 7
  robot0:thmiddle          back : 3
  robot0:thmiddle          front: 21
  robot0:thmiddle          left : 1
  robot0:thmiddle          right: 2
  robot0:thproximal        back : 3
  robot0:thproximal        front: 21
  robot0:thproximal        left : 1
  robot0:thproximal        right: 2
[OK] Wrote robot hand with sites: /work/hdd/bewv/smahesh1/ShadowHand-TQC/generated/studies/sphere_v1_demo/candidates/n1000_a0p1_b0p9/obj_size_large_ar_low_macro_low_rough_high/rigid/custom_obj_size_large_ar_low_macro_low_rough_high_1000_1.111111_0.123457/Sensors_withPos_1000_1.111111_0.123457.xml
[OK] Copied custom .msh: /work/hdd/bewv/smahesh1/ShadowHand-TQC/generated/studies/sphere_v1_demo/candidates/n1000_a0p1_b0p9/obj_size_large_ar_low_macro_low_rough_high/rigid/stls/hand/obj_size_large_ar_low_macro_low_rough_high_obj_size-large_ar-low_macro-low_rough-high.msh
[OK] Wrote MSH diagnostics: /work/hdd/bewv/smahesh1/ShadowHand-TQC/generated/studies/sphere_v1_demo/candidates/n1000_a0p1_b0p9/obj_size_large_ar_low_macro_low_rough_high/rigid/custom_obj_size_large_ar_low_macro_low_rough_high_1000_1.111111_0.123457/obj_size_large_ar_low_macro_low_rough_high_obj_size-large_ar-low_macro-low_rough-high_msh_diagnostics.json
[OK] Wrote standalone env: /work/hdd/bewv/smahesh1/ShadowHand-TQC/generated/studies/sphere_v1_demo/candidates/n1000_a0p1_b0p9/obj_size_large_ar_low_macro_low_rough_high/rigid/custom_obj_size_large_ar_low_macro_low_rough_high_1000_1.111111_0.123457/manipulate_custom_obj_size_large_ar_low_macro_low_rough_high_touch_sensors_1000_1.111111_0.123457.xml
[OK] Copied asset: /work/hdd/bewv/smahesh1/ShadowHand-TQC/generated/studies/sphere_v1_demo/candidates/n1000_a0p1_b0p9/obj_size_large_ar_low_macro_low_rough_high/rigid/custom_obj_size_large_ar_low_macro_low_rough_high_1000_1.111111_0.123457/shared.xml
[OK] Copied asset: /work/hdd/bewv/smahesh1/ShadowHand-TQC/generated/studies/sphere_v1_demo/candidates/n1000_a0p1_b0p9/obj_size_large_ar_low_macro_low_rough_high/rigid/custom_obj_size_large_ar_low_macro_low_rough_high_1000_1.111111_0.123457/shared_asset.xml
[OK] Copied mesh: /work/hdd/bewv/smahesh1/ShadowHand-TQC/generated/studies/sphere_v1_demo/candidates/n1000_a0p1_b0p9/obj_size_large_ar_low_macro_low_rough_high/rigid/stls/hand/forearm_electric.stl
[OK] Copied mesh: /work/hdd/bewv/smahesh1/ShadowHand-TQC/generated/studies/sphere_v1_demo/candidates/n1000_a0p1_b0p9/obj_size_large_ar_low_macro_low_rough_high/rigid/stls/hand/TH1_z.stl
[OK] Copied mesh: /work/hdd/bewv/smahesh1/ShadowHand-TQC/generated/studies/sphere_v1_demo/candidates/n1000_a0p1_b0p9/obj_size_large_ar_low_macro_low_rough_high/rigid/stls/hand/forearm_electric_cvx.stl
[OK] Copied mesh: /work/hdd/bewv/smahesh1/ShadowHand-TQC/generated/studies/sphere_v1_demo/candidates/n1000_a0p1_b0p9/obj_size_large_ar_low_macro_low_rough_high/rigid/stls/hand/knuckle.stl
[OK] Copied mesh: /work/hdd/bewv/smahesh1/ShadowHand-TQC/generated/studies/sphere_v1_demo/candidates/n1000_a0p1_b0p9/obj_size_large_ar_low_macro_low_rough_high/rigid/stls/hand/lfmetacarpal.stl
[OK] Copied mesh: /work/hdd/bewv/smahesh1/ShadowHand-TQC/generated/studies/sphere_v1_demo/candidates/n1000_a0p1_b0p9/obj_size_large_ar_low_macro_low_rough_high/rigid/stls/hand/TH3_z.stl
[OK] Copied mesh: /work/hdd/bewv/smahesh1/ShadowHand-TQC/generated/studies/sphere_v1_demo/candidates/n1000_a0p1_b0p9/obj_size_large_ar_low_macro_low_rough_high/rigid/stls/hand/palm.stl
[OK] Copied mesh: /work/hdd/bewv/smahesh1/ShadowHand-TQC/generated/studies/sphere_v1_demo/candidates/n1000_a0p1_b0p9/obj_size_large_ar_low_macro_low_rough_high/rigid/stls/hand/wrist.stl
[OK] Copied mesh: /work/hdd/bewv/smahesh1/ShadowHand-TQC/generated/studies/sphere_v1_demo/candidates/n1000_a0p1_b0p9/obj_size_large_ar_low_macro_low_rough_high/rigid/stls/hand/F2.stl
[OK] Copied mesh: /work/hdd/bewv/smahesh1/ShadowHand-TQC/generated/studies/sphere_v1_demo/candidates/n1000_a0p1_b0p9/obj_size_large_ar_low_macro_low_rough_high/rigid/stls/hand/F1.stl
[OK] Copied mesh: /work/hdd/bewv/smahesh1/ShadowHand-TQC/generated/studies/sphere_v1_demo/candidates/n1000_a0p1_b0p9/obj_size_large_ar_low_macro_low_rough_high/rigid/stls/hand/F3.stl
[OK] Copied mesh: /work/hdd/bewv/smahesh1/ShadowHand-TQC/generated/studies/sphere_v1_demo/candidates/n1000_a0p1_b0p9/obj_size_large_ar_low_macro_low_rough_high/rigid/stls/hand/TH2_z.stl
[OK] Copied texture: /work/hdd/bewv/smahesh1/ShadowHand-TQC/generated/studies/sphere_v1_demo/candidates/n1000_a0p1_b0p9/obj_size_large_ar_low_macro_low_rough_high/rigid/textures/block_hidden.png
[OK] Copied texture: /work/hdd/bewv/smahesh1/ShadowHand-TQC/generated/studies/sphere_v1_demo/candidates/n1000_a0p1_b0p9/obj_size_large_ar_low_macro_low_rough_high/rigid/textures/block.png
Starting training with environment: n1000_a0p1_b0p9_obj_size_large_ar_low_macro_low_rough_high_rigid
Using 36 parallel environments
Eval frequency: 20000 timesteps
Total timesteps: 16000000.0
Using torch device: cuda
Adjusted buffer size: 9000000
Using cuda device
Replay-buffer NumPy payload is approximately 145.28 GiB in memory; local pickle size may vary.
Compact checkpoints enabled: replay buffers will not be saved. Resuming will rebuild the buffer from fresh experience.
Logging to /work/hdd/bewv/smahesh1/ShadowHand-TQC/generated/studies/sphere_v1_demo/candidates/n1000_a0p1_b0p9/obj_size_large_ar_low_macro_low_rough_high/rigid/runs/n1000_a0p1_b0p9_obj_size_large_ar_low_macro_low_rough_high_rigid_36env_0/TQC_1
---------------------------------
| rollout/           |          |
|    ep_len_mean     | 100      |
|    ep_rew_mean     | -100     |
|    success_rate    | 0        |
| time/              |          |
|    episodes        | 4        |
|    fps             | 328      |
|    time_elapsed    | 10       |
|    total_timesteps | 3600     |
---------------------------------
---------------------------------
| rollout/           |          |
|    ep_len_mean     | 100      |
|    ep_rew_mean     | -100     |
|    success_rate    | 0        |
| time/              |          |
|    episodes        | 8        |
|    fps             | 319      |
|    time_elapsed    | 11       |
|    total_timesteps | 3600     |
---------------------------------
---------------------------------
| rollout/           |          |
|    ep_len_mean     | 100      |
|    ep_rew_mean     | -100     |
|    success_rate    | 0        |
| time/              |          |
|    episodes        | 12       |
|    fps             | 319      |
|    time_elapsed    | 11       |
|    total_timesteps | 3600     |
---------------------------------
---------------------------------
| rollout/           |          |
|    ep_len_mean     | 100      |
|    ep_rew_mean     | -100     |
|    success_rate    | 0        |
| time/              |          |
|    episodes        | 16       |
|    fps             | 318      |
|    time_elapsed    | 11       |
|    total_timesteps | 3600     |
---------------------------------
---------------------------------
| rollout/           |          |
|    ep_len_mean     | 100      |
|    ep_rew_mean     | -100     |
|    success_rate    | 0        |
| time/              |          |
|    episodes        | 20       |
|    fps             | 318      |
|    time_elapsed    | 11       |
|    total_timesteps | 3600     |
---------------------------------
---------------------------------
| rollout/           |          |
|    ep_len_mean     | 100      |
|    ep_rew_mean     | -100     |
|    success_rate    | 0        |
| time/              |          |
|    episodes        | 24       |
|    fps             | 318      |
|    time_elapsed    | 11       |
|    total_timesteps | 3600     |
---------------------------------
---------------------------------
| rollout/           |          |
|    ep_len_mean     | 100      |
|    ep_rew_mean     | -100     |
|    success_rate    | 0        |
| time/              |          |
|    episodes        | 28       |
|    fps             | 318      |
|    time_elapsed    | 11       |
|    total_timesteps | 3600     |
---------------------------------
---------------------------------
| rollout/           |          |
|    ep_len_mean     | 100      |
|    ep_rew_mean     | -100     |
|    success_rate    | 0        |
| time/              |          |
|    episodes        | 32       |
|    fps             | 318      |
|    time_elapsed    | 11       |
|    total_timesteps | 3600     |
---------------------------------
---------------------------------
| rollout/           |          |
|    ep_len_mean     | 100      |
|    ep_rew_mean     | -100     |
|    success_rate    | 0        |
| time/              |          |
|    episodes        | 36       |
|    fps             | 318      |
|    time_elapsed    | 11       |
|    total_timesteps | 3600     |
---------------------------------
---------------------------------
| rollout/           |          |
|    ep_len_mean     | 100      |
|    ep_rew_mean     | -100     |
|    success_rate    | 0        |
| time/              |          |
|    episodes        | 40       |
|    fps             | 445      |
|    time_elapsed    | 16       |
|    total_timesteps | 7200     |
---------------------------------
---------------------------------
| rollout/           |          |
|    ep_len_mean     | 100      |
|    ep_rew_mean     | -100     |
|    success_rate    | 0        |
| time/              |          |
|    episodes        | 44       |
|    fps             | 445      |
|    time_elapsed    | 16       |
|    total_timesteps | 7200     |
---------------------------------
---------------------------------
| rollout/           |          |
|    ep_len_mean     | 100      |
|    ep_rew_mean     | -100     |
|    success_rate    | 0        |
| time/              |          |
|    episodes        | 48       |
|    fps             | 445      |
|    time_elapsed    | 16       |
|    total_timesteps | 7200     |
---------------------------------
---------------------------------
| rollout/           |          |
|    ep_len_mean     | 100      |
|    ep_rew_mean     | -100     |
|    success_rate    | 0        |
| time/              |          |
|    episodes        | 52       |
|    fps             | 445      |
|    time_elapsed    | 16       |
|    total_timesteps | 7200     |
---------------------------------
---------------------------------
| rollout/           |          |
|    ep_len_mean     | 100      |
|    ep_rew_mean     | -100     |
|    success_rate    | 0        |
| time/              |          |
|    episodes        | 56       |
|    fps             | 445      |
|    time_elapsed    | 16       |
|    total_timesteps | 7200     |
---------------------------------
---------------------------------
| rollout/           |          |
|    ep_len_mean     | 100      |
|    ep_rew_mean     | -100     |
|    success_rate    | 0        |
| time/              |          |
|    episodes        | 60       |
|    fps             | 445      |
|    time_elapsed    | 16       |
|    total_timesteps | 7200     |
---------------------------------
---------------------------------
| rollout/           |          |
|    ep_len_mean     | 100      |
|    ep_rew_mean     | -100     |
|    success_rate    | 0        |
| time/              |          |
|    episodes        | 64       |
|    fps             | 445      |
|    time_elapsed    | 16       |
|    total_timesteps | 7200     |
---------------------------------
---------------------------------
| rollout/           |          |
|    ep_len_mean     | 100      |
|    ep_rew_mean     | -100     |
|    success_rate    | 0        |
| time/              |          |
|    episodes        | 68       |
|    fps             | 445      |
|    time_elapsed    | 16       |
|    total_timesteps | 7200     |
---------------------------------
---------------------------------
| rollout/           |          |
|    ep_len_mean     | 100      |
|    ep_rew_mean     | -100     |
|    success_rate    | 0        |
| time/              |          |
|    episodes        | 72       |
|    fps             | 444      |
|    time_elapsed    | 16       |
|    total_timesteps | 7200     |
---------------------------------
---------------------------------
| rollout/           |          |
|    ep_len_mean     | 100      |
|    ep_rew_mean     | -100     |
|    success_rate    | 0        |
| time/              |          |
|    episodes        | 76       |
|    fps             | 493      |
|    time_elapsed    | 21       |
|    total_timesteps | 10800    |
| train/             |          |
|    actor_loss      | -24.7    |
|    critic_loss     | 1.19     |
|    ent_coef        | 0.979    |
|    ent_coef_loss   | -0.707   |
|    learning_rate   | 0.001    |
|    n_updates       | 22       |
---------------------------------
---------------------------------
| rollout/           |          |
|    ep_len_mean     | 100      |
|    ep_rew_mean     | -100     |
|    success_rate    | 0        |
| time/              |          |
|    episodes        | 80       |
|    fps             | 493      |
|    time_elapsed    | 21       |
|    total_timesteps | 10800    |
---------------------------------
---------------------------------
| rollout/           |          |
|    ep_len_mean     | 100      |
|    ep_rew_mean     | -100     |
|    success_rate    | 0        |
| time/              |          |
|    episodes        | 84       |
|    fps             | 493      |
|    time_elapsed    | 21       |
|    total_timesteps | 10800    |
---------------------------------
---------------------------------
| rollout/           |          |
|    ep_len_mean     | 100      |
|    ep_rew_mean     | -100     |
|    success_rate    | 0        |
| time/              |          |
|    episodes        | 88       |
|    fps             | 493      |
|    time_elapsed    | 21       |
|    total_timesteps | 10800    |
---------------------------------
---------------------------------
| rollout/           |          |
|    ep_len_mean     | 100      |
|    ep_rew_mean     | -100     |
|    success_rate    | 0        |
| time/              |          |
|    episodes        | 92       |
|    fps             | 493      |
|    time_elapsed    | 21       |
|    total_timesteps | 10800    |
---------------------------------
---------------------------------
| rollout/           |          |
|    ep_len_mean     | 100      |
|    ep_rew_mean     | -100     |
|    success_rate    | 0        |
| time/              |          |
|    episodes        | 96       |
|    fps             | 493      |
|    time_elapsed    | 21       |
|    total_timesteps | 10800    |
---------------------------------
---------------------------------
| rollout/           |          |
|    ep_len_mean     | 100      |
|    ep_rew_mean     | -100     |
|    success_rate    | 0        |
| time/              |          |
|    episodes        | 100      |
|    fps             | 493      |
|    time_elapsed    | 21       |
|    total_timesteps | 10800    |
---------------------------------
---------------------------------
| rollout/           |          |
|    ep_len_mean     | 100      |
|    ep_rew_mean     | -100     |
|    success_rate    | 0        |
| time/              |          |
|    episodes        | 104      |
|    fps             | 493      |
|    time_elapsed    | 21       |
|    total_timesteps | 10800    |
---------------------------------
---------------------------------
| rollout/           |          |
|    ep_len_mean     | 100      |
|    ep_rew_mean     | -100     |
|    success_rate    | 0        |
| time/              |          |
|    episodes        | 108      |
|    fps             | 493      |
|    time_elapsed    | 21       |
|    total_timesteps | 10800    |
---------------------------------
---------------------------------
| rollout/           |          |
|    ep_len_mean     | 100      |
|    ep_rew_mean     | -100     |
|    success_rate    | 0        |
| time/              |          |
|    episodes        | 112      |
|    fps             | 475      |
|    time_elapsed    | 30       |
|    total_timesteps | 14400    |
| train/             |          |
|    actor_loss      | -67.2    |
|    critic_loss     | 0.446    |
|    ent_coef        | 0.886    |
|    ent_coef_loss   | -4.07    |
|    learning_rate   | 0.001    |
|    n_updates       | 122      |
---------------------------------
---------------------------------
| rollout/           |          |
|    ep_len_mean     | 100      |
|    ep_rew_mean     | -100     |
|    success_rate    | 0        |
| time/              |          |
|    episodes        | 116      |
|    fps             | 475      |
|    time_elapsed    | 30       |
|    total_timesteps | 14400    |
---------------------------------
---------------------------------
| rollout/           |          |
|    ep_len_mean     | 100      |
|    ep_rew_mean     | -100     |
|    success_rate    | 0        |
| time/              |          |
|    episodes        | 120      |
|    fps             | 475      |
|    time_elapsed    | 30       |
|    total_timesteps | 14400    |
---------------------------------
---------------------------------
| rollout/           |          |
|    ep_len_mean     | 100      |
|    ep_rew_mean     | -100     |
|    success_rate    | 0        |
| time/              |          |
|    episodes        | 124      |
|    fps             | 475      |
|    time_elapsed    | 30       |
|    total_timesteps | 14400    |
---------------------------------
---------------------------------
| rollout/           |          |
|    ep_len_mean     | 100      |
|    ep_rew_mean     | -100     |
|    success_rate    | 0        |
| time/              |          |
|    episodes        | 128      |
|    fps             | 475      |
|    time_elapsed    | 30       |
|    total_timesteps | 14400    |
---------------------------------
---------------------------------
| rollout/           |          |
|    ep_len_mean     | 100      |
|    ep_rew_mean     | -100     |
|    success_rate    | 0        |
| time/              |          |
|    episodes        | 132      |
|    fps             | 475      |
|    time_elapsed    | 30       |
|    total_timesteps | 14400    |
---------------------------------
---------------------------------
| rollout/           |          |
|    ep_len_mean     | 100      |
|    ep_rew_mean     | -100     |
|    success_rate    | 0        |
| time/              |          |
|    episodes        | 136      |
|    fps             | 474      |
|    time_elapsed    | 30       |
|    total_timesteps | 14400    |
---------------------------------
---------------------------------
| rollout/           |          |
|    ep_len_mean     | 100      |
|    ep_rew_mean     | -100     |
|    success_rate    | 0        |
| time/              |          |
|    episodes        | 140      |
|    fps             | 474      |
|    time_elapsed    | 30       |
|    total_timesteps | 14400    |
---------------------------------
---------------------------------
| rollout/           |          |
|    ep_len_mean     | 100      |
|    ep_rew_mean     | -100     |
|    success_rate    | 0        |
| time/              |          |
|    episodes        | 144      |
|    fps             | 474      |
|    time_elapsed    | 30       |
|    total_timesteps | 14400    |
---------------------------------
---------------------------------
| rollout/           |          |
|    ep_len_mean     | 100      |
|    ep_rew_mean     | -100     |
|    success_rate    | 0        |
| time/              |          |
|    episodes        | 148      |
|    fps             | 464      |
|    time_elapsed    | 38       |
|    total_timesteps | 18000    |
| train/             |          |
|    actor_loss      | -97.7    |
|    critic_loss     | 0.698    |
|    ent_coef        | 0.802    |
|    ent_coef_loss   | -7.36    |
|    learning_rate   | 0.001    |
|    n_updates       | 222      |
---------------------------------
---------------------------------
| rollout/           |          |
|    ep_len_mean     | 100      |
|    ep_rew_mean     | -100     |
|    success_rate    | 0        |
| time/              |          |
|    episodes        | 152      |
|    fps             | 464      |
|    time_elapsed    | 38       |
|    total_timesteps | 18000    |
---------------------------------
---------------------------------
| rollout/           |          |
|    ep_len_mean     | 100      |
|    ep_rew_mean     | -100     |
|    success_rate    | 0        |
| time/              |          |
|    episodes        | 156      |
|    fps             | 464      |
|    time_elapsed    | 38       |
|    total_timesteps | 18000    |
---------------------------------
---------------------------------
| rollout/           |          |
|    ep_len_mean     | 100      |
|    ep_rew_mean     | -100     |
|    success_rate    | 0        |
| time/              |          |
|    episodes        | 160      |
|    fps             | 464      |
|    time_elapsed    | 38       |
|    total_timesteps | 18000    |
---------------------------------
---------------------------------
| rollout/           |          |
|    ep_len_mean     | 100      |
|    ep_rew_mean     | -100     |
|    success_rate    | 0        |
| time/              |          |
|    episodes        | 164      |
|    fps             | 464      |
|    time_elapsed    | 38       |
|    total_timesteps | 18000    |
---------------------------------
---------------------------------
| rollout/           |          |
|    ep_len_mean     | 100      |
|    ep_rew_mean     | -100     |
|    success_rate    | 0        |
| time/              |          |
|    episodes        | 168      |
|    fps             | 464      |
|    time_elapsed    | 38       |
|    total_timesteps | 18000    |
---------------------------------
---------------------------------
| rollout/           |          |
|    ep_len_mean     | 100      |
|    ep_rew_mean     | -100     |
|    success_rate    | 0        |
| time/              |          |
|    episodes        | 172      |
|    fps             | 464      |
|    time_elapsed    | 38       |
|    total_timesteps | 18000    |
---------------------------------
---------------------------------
| rollout/           |          |
|    ep_len_mean     | 100      |
|    ep_rew_mean     | -100     |
|    success_rate    | 0        |
| time/              |          |
|    episodes        | 176      |
|    fps             | 464      |
|    time_elapsed    | 38       |
|    total_timesteps | 18000    |
---------------------------------
---------------------------------
| rollout/           |          |
|    ep_len_mean     | 100      |
|    ep_rew_mean     | -100     |
|    success_rate    | 0        |
| time/              |          |
|    episodes        | 180      |
|    fps             | 464      |
|    time_elapsed    | 38       |
|    total_timesteps | 18000    |
---------------------------------

Running evaluation at 20016 timesteps...
Successfully copied normalization stats
Evaluation results: {'eval/mean_reward': np.float32(-100.0), 'eval/std_reward': np.float32(0.0), 'eval/success_rate': np.float64(0.0)}
---------------------------------
| rollout/           |          |
|    ep_len_mean     | 100      |
|    ep_rew_mean     | -100     |
|    success_rate    | 0        |
| time/              |          |
|    episodes        | 184      |
|    fps             | 292      |
|    time_elapsed    | 73       |
|    total_timesteps | 21600    |
| train/             |          |
|    actor_loss      | -118     |
|    critic_loss     | 0.707    |
|    ent_coef        | 0.726    |
|    ent_coef_loss   | -10.6    |
|    learning_rate   | 0.001    |
|    n_updates       | 322      |
---------------------------------
---------------------------------
| rollout/           |          |
|    ep_len_mean     | 100      |
|    ep_rew_mean     | -100     |
|    success_rate    | 0        |
| time/              |          |
|    episodes        | 188      |
|    fps             | 292      |
|    time_elapsed    | 73       |
|    total_timesteps | 21600    |
---------------------------------
---------------------------------
| rollout/           |          |
|    ep_len_mean     | 100      |
|    ep_rew_mean     | -100     |
|    success_rate    | 0        |
| time/              |          |
|    episodes        | 192      |
|    fps             | 292      |
|    time_elapsed    | 73       |
|    total_timesteps | 21600    |
---------------------------------
---------------------------------
| rollout/           |          |
|    ep_len_mean     | 100      |
|    ep_rew_mean     | -100     |
|    success_rate    | 0        |
| time/              |          |
|    episodes        | 196      |
|    fps             | 292      |
|    time_elapsed    | 73       |
|    total_timesteps | 21600    |
---------------------------------
---------------------------------
| rollout/           |          |
|    ep_len_mean     | 100      |
|    ep_rew_mean     | -100     |
|    success_rate    | 0        |
| time/              |          |
|    episodes        | 200      |
|    fps             | 292      |
|    time_elapsed    | 73       |
|    total_timesteps | 21600    |
---------------------------------
---------------------------------
| rollout/           |          |
|    ep_len_mean     | 100      |
|    ep_rew_mean     | -100     |
|    success_rate    | 0        |
| time/              |          |
|    episodes        | 204      |
|    fps             | 292      |
|    time_elapsed    | 73       |
|    total_timesteps | 21600    |
---------------------------------
---------------------------------
| rollout/           |          |
|    ep_len_mean     | 100      |
|    ep_rew_mean     | -100     |
|    success_rate    | 0        |
| time/              |          |
|    episodes        | 208      |
|    fps             | 292      |
|    time_elapsed    | 73       |
|    total_timesteps | 21600    |
---------------------------------
---------------------------------
| rollout/           |          |
|    ep_len_mean     | 100      |
|    ep_rew_mean     | -100     |
|    success_rate    | 0        |
| time/              |          |
|    episodes        | 212      |
|    fps             | 292      |
|    time_elapsed    | 73       |
|    total_timesteps | 21600    |
---------------------------------
---------------------------------
| rollout/           |          |
|    ep_len_mean     | 100      |
|    ep_rew_mean     | -100     |
|    success_rate    | 0        |
| time/              |          |
|    episodes        | 216      |
|    fps             | 292      |
|    time_elapsed    | 73       |
|    total_timesteps | 21600    |
---------------------------------
---------------------------------
| rollout/           |          |
|    ep_len_mean     | 100      |
|    ep_rew_mean     | -100     |
|    success_rate    | 0        |
| time/              |          |
|    episodes        | 220      |
|    fps             | 305      |
|    time_elapsed    | 82       |
|    total_timesteps | 25200    |
| train/             |          |
|    actor_loss      | -130     |
|    critic_loss     | 0.852    |
|    ent_coef        | 0.658    |
|    ent_coef_loss   | -13.7    |
|    learning_rate   | 0.001    |
|    n_updates       | 422      |
---------------------------------
---------------------------------
| rollout/           |          |
|    ep_len_mean     | 100      |
|    ep_rew_mean     | -100     |
|    success_rate    | 0        |
| time/              |          |
|    episodes        | 224      |
|    fps             | 305      |
|    time_elapsed    | 82       |
|    total_timesteps | 25200    |
---------------------------------
---------------------------------
| rollout/           |          |
|    ep_len_mean     | 100      |
|    ep_rew_mean     | -100     |
|    success_rate    | 0        |
| time/              |          |
|    episodes        | 228      |
|    fps             | 305      |
|    time_elapsed    | 82       |
|    total_timesteps | 25200    |
---------------------------------
---------------------------------
| rollout/           |          |
|    ep_len_mean     | 100      |
|    ep_rew_mean     | -100     |
|    success_rate    | 0        |
| time/              |          |
|    episodes        | 232      |
|    fps             | 305      |
|    time_elapsed    | 82       |
|    total_timesteps | 25200    |
---------------------------------
---------------------------------
| rollout/           |          |
|    ep_len_mean     | 100      |
|    ep_rew_mean     | -100     |
|    success_rate    | 0        |
| time/              |          |
|    episodes        | 236      |
|    fps             | 305      |
|    time_elapsed    | 82       |
|    total_timesteps | 25200    |
---------------------------------
---------------------------------
| rollout/           |          |
|    ep_len_mean     | 100      |
|    ep_rew_mean     | -100     |
|    success_rate    | 0        |
| time/              |          |
|    episodes        | 240      |
|    fps             | 305      |
|    time_elapsed    | 82       |
|    total_timesteps | 25200    |
---------------------------------
---------------------------------
| rollout/           |          |
|    ep_len_mean     | 100      |
|    ep_rew_mean     | -100     |
|    success_rate    | 0        |
| time/              |          |
|    episodes        | 244      |
|    fps             | 305      |
|    time_elapsed    | 82       |
|    total_timesteps | 25200    |
---------------------------------
---------------------------------
| rollout/           |          |
|    ep_len_mean     | 100      |
|    ep_rew_mean     | -100     |
|    success_rate    | 0        |
| time/              |          |
|    episodes        | 248      |
|    fps             | 305      |
|    time_elapsed    | 82       |
|    total_timesteps | 25200    |
---------------------------------
---------------------------------
| rollout/           |          |
|    ep_len_mean     | 100      |
|    ep_rew_mean     | -100     |
|    success_rate    | 0        |
| time/              |          |
|    episodes        | 252      |
|    fps             | 305      |
|    time_elapsed    | 82       |
|    total_timesteps | 25200    |
---------------------------------
---------------------------------
| rollout/           |          |
|    ep_len_mean     | 100      |
|    ep_rew_mean     | -100     |
|    success_rate    | 0        |
| time/              |          |
|    episodes        | 256      |
|    fps             | 316      |
|    time_elapsed    | 90       |
|    total_timesteps | 28800    |
| train/             |          |
|    actor_loss      | -136     |
|    critic_loss     | 0.826    |
|    ent_coef        | 0.596    |
|    ent_coef_loss   | -16.9    |
|    learning_rate   | 0.001    |
|    n_updates       | 522      |
---------------------------------
---------------------------------
| rollout/           |          |
|    ep_len_mean     | 100      |
|    ep_rew_mean     | -100     |
|    success_rate    | 0        |
| time/              |          |
|    episodes        | 260      |
|    fps             | 316      |
|    time_elapsed    | 90       |
|    total_timesteps | 28800    |
---------------------------------
---------------------------------
| rollout/           |          |
|    ep_len_mean     | 100      |
|    ep_rew_mean     | -100     |
|    success_rate    | 0        |
| time/              |          |
|    episodes        | 264      |
|    fps             | 316      |
|    time_elapsed    | 90       |
|    total_timesteps | 28800    |
---------------------------------
---------------------------------
| rollout/           |          |
|    ep_len_mean     | 100      |
|    ep_rew_mean     | -100     |
|    success_rate    | 0        |
| time/              |          |
|    episodes        | 268      |
|    fps             | 316      |
|    time_elapsed    | 90       |
|    total_timesteps | 28800    |
---------------------------------
---------------------------------
| rollout/           |          |
|    ep_len_mean     | 100      |
|    ep_rew_mean     | -100     |
|    success_rate    | 0        |
| time/              |          |
|    episodes        | 272      |
|    fps             | 316      |
|    time_elapsed    | 90       |
|    total_timesteps | 28800    |
---------------------------------
---------------------------------
| rollout/           |          |
|    ep_len_mean     | 100      |
|    ep_rew_mean     | -100     |
|    success_rate    | 0        |
| time/              |          |
|    episodes        | 276      |
|    fps             | 316      |
|    time_elapsed    | 90       |
|    total_timesteps | 28800    |
---------------------------------
---------------------------------
| rollout/           |          |
|    ep_len_mean     | 100      |
|    ep_rew_mean     | -100     |
|    success_rate    | 0        |
| time/              |          |
|    episodes        | 280      |
|    fps             | 316      |
|    time_elapsed    | 90       |
|    total_timesteps | 28800    |
---------------------------------
---------------------------------
| rollout/           |          |
|    ep_len_mean     | 100      |
|    ep_rew_mean     | -100     |
|    success_rate    | 0        |
| time/              |          |
|    episodes        | 284      |
|    fps             | 316      |
|    time_elapsed    | 90       |
|    total_timesteps | 28800    |
---------------------------------
---------------------------------
| rollout/           |          |
|    ep_len_mean     | 100      |
|    ep_rew_mean     | -100     |
|    success_rate    | 0        |
| time/              |          |
|    episodes        | 288      |
|    fps             | 316      |
|    time_elapsed    | 90       |
|    total_timesteps | 28800    |
---------------------------------
---------------------------------
| rollout/           |          |
|    ep_len_mean     | 100      |
|    ep_rew_mean     | -100     |
|    success_rate    | 0        |
| time/              |          |
|    episodes        | 292      |
|    fps             | 325      |
|    time_elapsed    | 99       |
|    total_timesteps | 32400    |
| train/             |          |
|    actor_loss      | -136     |
|    critic_loss     | 0.791    |
|    ent_coef        | 0.54     |
|    ent_coef_loss   | -20      |
|    learning_rate   | 0.001    |
|    n_updates       | 622      |
---------------------------------
---------------------------------
| rollout/           |          |
|    ep_len_mean     | 100      |
|    ep_rew_mean     | -100     |
|    success_rate    | 0        |
| time/              |          |
|    episodes        | 296      |
|    fps             | 325      |
|    time_elapsed    | 99       |
|    total_timesteps | 32400    |
---------------------------------
---------------------------------
| rollout/           |          |
|    ep_len_mean     | 100      |
|    ep_rew_mean     | -100     |
|    success_rate    | 0        |
| time/              |          |
|    episodes        | 300      |
|    fps             | 325      |
|    time_elapsed    | 99       |
|    total_timesteps | 32400    |
---------------------------------
---------------------------------
| rollout/           |          |
|    ep_len_mean     | 100      |
|    ep_rew_mean     | -100     |
|    success_rate    | 0        |
| time/              |          |
|    episodes        | 304      |
|    fps             | 325      |
|    time_elapsed    | 99       |
|    total_timesteps | 32400    |
---------------------------------
---------------------------------
| rollout/           |          |
|    ep_len_mean     | 100      |
|    ep_rew_mean     | -100     |
|    success_rate    | 0        |
| time/              |          |
|    episodes        | 308      |
|    fps             | 325      |
|    time_elapsed    | 99       |
|    total_timesteps | 32400    |
---------------------------------
---------------------------------
| rollout/           |          |
|    ep_len_mean     | 100      |
|    ep_rew_mean     | -100     |
|    success_rate    | 0        |
| time/              |          |
|    episodes        | 312      |
|    fps             | 325      |
|    time_elapsed    | 99       |
|    total_timesteps | 32400    |
---------------------------------
---------------------------------
| rollout/           |          |
|    ep_len_mean     | 100      |
|    ep_rew_mean     | -100     |
|    success_rate    | 0        |
| time/              |          |
|    episodes        | 316      |
|    fps             | 325      |
|    time_elapsed    | 99       |
|    total_timesteps | 32400    |
---------------------------------
---------------------------------
| rollout/           |          |
|    ep_len_mean     | 100      |
|    ep_rew_mean     | -100     |
|    success_rate    | 0        |
| time/              |          |
|    episodes        | 320      |
|    fps             | 325      |
|    time_elapsed    | 99       |
|    total_timesteps | 32400    |
---------------------------------
---------------------------------
| rollout/           |          |
|    ep_len_mean     | 100      |
|    ep_rew_mean     | -100     |
|    success_rate    | 0        |
| time/              |          |
|    episodes        | 324      |
|    fps             | 325      |
|    time_elapsed    | 99       |
|    total_timesteps | 32400    |
---------------------------------
---------------------------------
| rollout/           |          |
|    ep_len_mean     | 100      |
|    ep_rew_mean     | -100     |
|    success_rate    | 0        |
| time/              |          |
|    episodes        | 328      |
|    fps             | 332      |
|    time_elapsed    | 108      |
|    total_timesteps | 36000    |
| train/             |          |
|    actor_loss      | -133     |
|    critic_loss     | 0.79     |
|    ent_coef        | 0.49     |
|    ent_coef_loss   | -23.2    |
|    learning_rate   | 0.001    |
|    n_updates       | 722      |
---------------------------------
---------------------------------
| rollout/           |          |
|    ep_len_mean     | 100      |
|    ep_rew_mean     | -100     |
|    success_rate    | 0        |
| time/              |          |
|    episodes        | 332      |
|    fps             | 332      |
|    time_elapsed    | 108      |
|    total_timesteps | 36000    |
---------------------------------
---------------------------------
| rollout/           |          |
|    ep_len_mean     | 100      |
|    ep_rew_mean     | -100     |
|    success_rate    | 0        |
| time/              |          |
|    episodes        | 336      |
|    fps             | 332      |
|    time_elapsed    | 108      |
|    total_timesteps | 36000    |
---------------------------------
---------------------------------
| rollout/           |          |
|    ep_len_mean     | 100      |
|    ep_rew_mean     | -100     |
|    success_rate    | 0        |
| time/              |          |
|    episodes        | 340      |
|    fps             | 332      |
|    time_elapsed    | 108      |
|    total_timesteps | 36000    |
---------------------------------
---------------------------------
| rollout/           |          |
|    ep_len_mean     | 100      |
|    ep_rew_mean     | -100     |
|    success_rate    | 0        |
| time/              |          |
|    episodes        | 344      |
|    fps             | 332      |
|    time_elapsed    | 108      |
|    total_timesteps | 36000    |
---------------------------------
---------------------------------
| rollout/           |          |
|    ep_len_mean     | 100      |
|    ep_rew_mean     | -100     |
|    success_rate    | 0        |
| time/              |          |
|    episodes        | 348      |
|    fps             | 332      |
|    time_elapsed    | 108      |
|    total_timesteps | 36000    |
---------------------------------
---------------------------------
| rollout/           |          |
|    ep_len_mean     | 100      |
|    ep_rew_mean     | -100     |
|    success_rate    | 0        |
| time/              |          |
|    episodes        | 352      |
|    fps             | 332      |
|    time_elapsed    | 108      |
|    total_timesteps | 36000    |
---------------------------------
---------------------------------
| rollout/           |          |
|    ep_len_mean     | 100      |
|    ep_rew_mean     | -100     |
|    success_rate    | 0        |
| time/              |          |
|    episodes        | 356      |
|    fps             | 332      |
|    time_elapsed    | 108      |
|    total_timesteps | 36000    |
---------------------------------
---------------------------------
| rollout/           |          |
|    ep_len_mean     | 100      |
|    ep_rew_mean     | -100     |
|    success_rate    | 0        |
| time/              |          |
|    episodes        | 360      |
|    fps             | 332      |
|    time_elapsed    | 108      |
|    total_timesteps | 36000    |
---------------------------------
---------------------------------
| rollout/           |          |
|    ep_len_mean     | 100      |
|    ep_rew_mean     | -100     |
|    success_rate    | 0        |
| time/              |          |
|    episodes        | 364      |
|    fps             | 338      |
|    time_elapsed    | 116      |
|    total_timesteps | 39600    |
| train/             |          |
|    actor_loss      | -127     |
|    critic_loss     | 0.716    |
|    ent_coef        | 0.443    |
|    ent_coef_loss   | -26.5    |
|    learning_rate   | 0.001    |
|    n_updates       | 822      |
---------------------------------
---------------------------------
| rollout/           |          |
|    ep_len_mean     | 100      |
|    ep_rew_mean     | -100     |
|    success_rate    | 0        |
| time/              |          |
|    episodes        | 368      |
|    fps             | 338      |
|    time_elapsed    | 116      |
|    total_timesteps | 39600    |
---------------------------------
---------------------------------
| rollout/           |          |
|    ep_len_mean     | 100      |
|    ep_rew_mean     | -100     |
|    success_rate    | 0        |
| time/              |          |
|    episodes        | 372      |
|    fps             | 338      |
|    time_elapsed    | 116      |
|    total_timesteps | 39600    |
---------------------------------
---------------------------------
| rollout/           |          |
|    ep_len_mean     | 100      |
|    ep_rew_mean     | -100     |
|    success_rate    | 0        |
| time/              |          |
|    episodes        | 376      |
|    fps             | 338      |
|    time_elapsed    | 116      |
|    total_timesteps | 39600    |
---------------------------------
---------------------------------
| rollout/           |          |
|    ep_len_mean     | 100      |
|    ep_rew_mean     | -100     |
|    success_rate    | 0        |
| time/              |          |
|    episodes        | 380      |
|    fps             | 338      |
|    time_elapsed    | 116      |
|    total_timesteps | 39600    |
---------------------------------
---------------------------------
| rollout/           |          |
|    ep_len_mean     | 100      |
|    ep_rew_mean     | -100     |
|    success_rate    | 0        |
| time/              |          |
|    episodes        | 384      |
|    fps             | 338      |
|    time_elapsed    | 116      |
|    total_timesteps | 39600    |
---------------------------------
---------------------------------
| rollout/           |          |
|    ep_len_mean     | 100      |
|    ep_rew_mean     | -100     |
|    success_rate    | 0        |
| time/              |          |
|    episodes        | 388      |
|    fps             | 338      |
|    time_elapsed    | 116      |
|    total_timesteps | 39600    |
---------------------------------
---------------------------------
| rollout/           |          |
|    ep_len_mean     | 100      |
|    ep_rew_mean     | -100     |
|    success_rate    | 0        |
| time/              |          |
|    episodes        | 392      |
|    fps             | 338      |
|    time_elapsed    | 116      |
|    total_timesteps | 39600    |
---------------------------------
---------------------------------
| rollout/           |          |
|    ep_len_mean     | 100      |
|    ep_rew_mean     | -100     |
|    success_rate    | 0        |
| time/              |          |
|    episodes        | 396      |
|    fps             | 338      |
|    time_elapsed    | 116      |
|    total_timesteps | 39600    |
---------------------------------

Running evaluation at 40032 timesteps...
Successfully copied normalization stats
Evaluation results: {'eval/mean_reward': np.float32(-100.0), 'eval/std_reward': np.float32(0.0), 'eval/success_rate': np.float64(0.0)}
---------------------------------
| rollout/           |          |
|    ep_len_mean     | 100      |
|    ep_rew_mean     | -100     |
|    success_rate    | 0        |
| time/              |          |
|    episodes        | 400      |
|    fps             | 283      |
|    time_elapsed    | 152      |
|    total_timesteps | 43200    |
| train/             |          |
|    actor_loss      | -122     |
|    critic_loss     | 0.625    |
|    ent_coef        | 0.402    |
|    ent_coef_loss   | -29.7    |
|    learning_rate   | 0.001    |
|    n_updates       | 922      |
---------------------------------
---------------------------------
| rollout/           |          |
|    ep_len_mean     | 100      |
|    ep_rew_mean     | -100     |
|    success_rate    | 0        |
| time/              |          |
|    episodes        | 404      |
|    fps             | 283      |
|    time_elapsed    | 152      |
|    total_timesteps | 43200    |
---------------------------------
---------------------------------
| rollout/           |          |
|    ep_len_mean     | 100      |
|    ep_rew_mean     | -100     |
|    success_rate    | 0        |
| time/              |          |
|    episodes        | 408      |
|    fps             | 283      |
|    time_elapsed    | 152      |
|    total_timesteps | 43200    |
---------------------------------
---------------------------------
| rollout/           |          |
|    ep_len_mean     | 100      |
|    ep_rew_mean     | -100     |
|    success_rate    | 0        |
| time/              |          |
|    episodes        | 412      |
|    fps             | 283      |
|    time_elapsed    | 152      |
|    total_timesteps | 43200    |
---------------------------------
---------------------------------
| rollout/           |          |
|    ep_len_mean     | 100      |
|    ep_rew_mean     | -100     |
|    success_rate    | 0        |
| time/              |          |
|    episodes        | 416      |
|    fps             | 283      |
|    time_elapsed    | 152      |
|    total_timesteps | 43200    |
---------------------------------
---------------------------------
| rollout/           |          |
|    ep_len_mean     | 100      |
|    ep_rew_mean     | -100     |
|    success_rate    | 0        |
| time/              |          |
|    episodes        | 420      |
|    fps             | 283      |
|    time_elapsed    | 152      |
|    total_timesteps | 43200    |
---------------------------------
---------------------------------
| rollout/           |          |
|    ep_len_mean     | 100      |
|    ep_rew_mean     | -100     |
|    success_rate    | 0        |
| time/              |          |
|    episodes        | 424      |
|    fps             | 283      |
|    time_elapsed    | 152      |
|    total_timesteps | 43200    |
---------------------------------
---------------------------------
| rollout/           |          |
|    ep_len_mean     | 100      |
|    ep_rew_mean     | -100     |
|    success_rate    | 0        |
| time/              |          |
|    episodes        | 428      |
|    fps             | 283      |
|    time_elapsed    | 152      |
|    total_timesteps | 43200    |
---------------------------------
---------------------------------
| rollout/           |          |
|    ep_len_mean     | 100      |
|    ep_rew_mean     | -100     |
|    success_rate    | 0        |
| time/              |          |
|    episodes        | 432      |
|    fps             | 283      |
|    time_elapsed    | 152      |
|    total_timesteps | 43200    |
---------------------------------
---------------------------------
| rollout/           |          |
|    ep_len_mean     | 100      |
|    ep_rew_mean     | -100     |
|    success_rate    | 0        |
| time/              |          |
|    episodes        | 436      |
|    fps             | 290      |
|    time_elapsed    | 160      |
|    total_timesteps | 46800    |
| train/             |          |
|    actor_loss      | -113     |
|    critic_loss     | 0.509    |
|    ent_coef        | 0.364    |
|    ent_coef_loss   | -33      |
|    learning_rate   | 0.001    |
|    n_updates       | 1022     |
---------------------------------
---------------------------------
| rollout/           |          |
|    ep_len_mean     | 100      |
|    ep_rew_mean     | -100     |
|    success_rate    | 0        |
| time/              |          |
|    episodes        | 440      |
|    fps             | 290      |
|    time_elapsed    | 160      |
|    total_timesteps | 46800    |
---------------------------------
---------------------------------
| rollout/           |          |
|    ep_len_mean     | 100      |
|    ep_rew_mean     | -100     |
|    success_rate    | 0        |
| time/              |          |
|    episodes        | 444      |
|    fps             | 290      |
|    time_elapsed    | 160      |
|    total_timesteps | 46800    |
---------------------------------
---------------------------------
| rollout/           |          |
|    ep_len_mean     | 100      |
|    ep_rew_mean     | -100     |
|    success_rate    | 0        |
| time/              |          |
|    episodes        | 448      |
|    fps             | 290      |
|    time_elapsed    | 160      |
|    total_timesteps | 46800    |
---------------------------------
---------------------------------
| rollout/           |          |
|    ep_len_mean     | 100      |
|    ep_rew_mean     | -100     |
|    success_rate    | 0        |
| time/              |          |
|    episodes        | 452      |
|    fps             | 290      |
|    time_elapsed    | 160      |
|    total_timesteps | 46800    |
---------------------------------
---------------------------------
| rollout/           |          |
|    ep_len_mean     | 100      |
|    ep_rew_mean     | -100     |
|    success_rate    | 0        |
| time/              |          |
|    episodes        | 456      |
|    fps             | 290      |
|    time_elapsed    | 160      |
|    total_timesteps | 46800    |
---------------------------------
---------------------------------
| rollout/           |          |
|    ep_len_mean     | 100      |
|    ep_rew_mean     | -100     |
|    success_rate    | 0        |
| time/              |          |
|    episodes        | 460      |
|    fps             | 290      |
|    time_elapsed    | 160      |
|    total_timesteps | 46800    |
---------------------------------
---------------------------------
| rollout/           |          |
|    ep_len_mean     | 100      |
|    ep_rew_mean     | -100     |
|    success_rate    | 0        |
| time/              |          |
|    episodes        | 464      |
|    fps             | 290      |
|    time_elapsed    | 160      |
|    total_timesteps | 46800    |
---------------------------------
---------------------------------
| rollout/           |          |
|    ep_len_mean     | 100      |
|    ep_rew_mean     | -100     |
|    success_rate    | 0        |
| time/              |          |
|    episodes        | 468      |
|    fps             | 290      |
|    time_elapsed    | 160      |
|    total_timesteps | 46800    |
---------------------------------
---------------------------------
| rollout/           |          |
|    ep_len_mean     | 100      |
|    ep_rew_mean     | -100     |
|    success_rate    | 0        |
| time/              |          |
|    episodes        | 472      |
|    fps             | 297      |
|    time_elapsed    | 169      |
|    total_timesteps | 50400    |
| train/             |          |
|    actor_loss      | -106     |
|    critic_loss     | 0.45     |
|    ent_coef        | 0.329    |
|    ent_coef_loss   | -36.3    |
|    learning_rate   | 0.001    |
|    n_updates       | 1122     |
---------------------------------
---------------------------------
| rollout/           |          |
|    ep_len_mean     | 100      |
|    ep_rew_mean     | -100     |
|    success_rate    | 0        |
| time/              |          |
|    episodes        | 476      |
|    fps             | 297      |
|    time_elapsed    | 169      |
|    total_timesteps | 50400    |
---------------------------------
---------------------------------
| rollout/           |          |
|    ep_len_mean     | 100      |
|    ep_rew_mean     | -100     |
|    success_rate    | 0        |
| time/              |          |
|    episodes        | 480      |
|    fps             | 297      |
|    time_elapsed    | 169      |
|    total_timesteps | 50400    |
---------------------------------
---------------------------------
| rollout/           |          |
|    ep_len_mean     | 100      |
|    ep_rew_mean     | -100     |
|    success_rate    | 0        |
| time/              |          |
|    episodes        | 484      |
|    fps             | 297      |
|    time_elapsed    | 169      |
|    total_timesteps | 50400    |
---------------------------------
---------------------------------
| rollout/           |          |
|    ep_len_mean     | 100      |
|    ep_rew_mean     | -100     |
|    success_rate    | 0        |
| time/              |          |
|    episodes        | 488      |
|    fps             | 297      |
|    time_elapsed    | 169      |
|    total_timesteps | 50400    |
---------------------------------
---------------------------------
| rollout/           |          |
|    ep_len_mean     | 100      |
|    ep_rew_mean     | -100     |
|    success_rate    | 0        |
| time/              |          |
|    episodes        | 492      |
|    fps             | 297      |
|    time_elapsed    | 169      |
|    total_timesteps | 50400    |
---------------------------------
---------------------------------
| rollout/           |          |
|    ep_len_mean     | 100      |
|    ep_rew_mean     | -100     |
|    success_rate    | 0        |
| time/              |          |
|    episodes        | 496      |
|    fps             | 297      |
|    time_elapsed    | 169      |
|    total_timesteps | 50400    |
---------------------------------
---------------------------------
| rollout/           |          |
|    ep_len_mean     | 100      |
|    ep_rew_mean     | -100     |
|    success_rate    | 0        |
| time/              |          |
|    episodes        | 500      |
|    fps             | 297      |
|    time_elapsed    | 169      |
|    total_timesteps | 50400    |
---------------------------------
---------------------------------
| rollout/           |          |
|    ep_len_mean     | 100      |
|    ep_rew_mean     | -100     |
|    success_rate    | 0        |
| time/              |          |
|    episodes        | 504      |
|    fps             | 297      |
|    time_elapsed    | 169      |
|    total_timesteps | 50400    |
---------------------------------
---------------------------------
| rollout/           |          |
|    ep_len_mean     | 100      |
|    ep_rew_mean     | -100     |
|    success_rate    | 0        |
| time/              |          |
|    episodes        | 508      |
|    fps             | 302      |
|    time_elapsed    | 178      |
|    total_timesteps | 54000    |
| train/             |          |
|    actor_loss      | -97.7    |
|    critic_loss     | 0.423    |
|    ent_coef        | 0.298    |
|    ent_coef_loss   | -39.8    |
|    learning_rate   | 0.001    |
|    n_updates       | 1222     |
---------------------------------
---------------------------------
| rollout/           |          |
|    ep_len_mean     | 100      |
|    ep_rew_mean     | -100     |
|    success_rate    | 0        |
| time/              |          |
|    episodes        | 512      |
|    fps             | 302      |
|    time_elapsed    | 178      |
|    total_timesteps | 54000    |
---------------------------------
---------------------------------
| rollout/           |          |
|    ep_len_mean     | 100      |
|    ep_rew_mean     | -100     |
|    success_rate    | 0        |
| time/              |          |
|    episodes        | 516      |
|    fps             | 302      |
|    time_elapsed    | 178      |
|    total_timesteps | 54000    |
---------------------------------
---------------------------------
| rollout/           |          |
|    ep_len_mean     | 100      |
|    ep_rew_mean     | -100     |
|    success_rate    | 0        |
| time/              |          |
|    episodes        | 520      |
|    fps             | 302      |
|    time_elapsed    | 178      |
|    total_timesteps | 54000    |
---------------------------------
---------------------------------
| rollout/           |          |
|    ep_len_mean     | 100      |
|    ep_rew_mean     | -100     |
|    success_rate    | 0        |
| time/              |          |
|    episodes        | 524      |
|    fps             | 302      |
|    time_elapsed    | 178      |
|    total_timesteps | 54000    |
---------------------------------
---------------------------------
| rollout/           |          |
|    ep_len_mean     | 100      |
|    ep_rew_mean     | -100     |
|    success_rate    | 0        |
| time/              |          |
|    episodes        | 528      |
|    fps             | 302      |
|    time_elapsed    | 178      |
|    total_timesteps | 54000    |
---------------------------------
---------------------------------
| rollout/           |          |
|    ep_len_mean     | 100      |
|    ep_rew_mean     | -100     |
|    success_rate    | 0        |
| time/              |          |
|    episodes        | 532      |
|    fps             | 302      |
|    time_elapsed    | 178      |
|    total_timesteps | 54000    |
---------------------------------
---------------------------------
| rollout/           |          |
|    ep_len_mean     | 100      |
|    ep_rew_mean     | -100     |
|    success_rate    | 0        |
| time/              |          |
|    episodes        | 536      |
|    fps             | 302      |
|    time_elapsed    | 178      |
|    total_timesteps | 54000    |
---------------------------------
---------------------------------
| rollout/           |          |
|    ep_len_mean     | 100      |
|    ep_rew_mean     | -100     |
|    success_rate    | 0        |
| time/              |          |
|    episodes        | 540      |
|    fps             | 302      |
|    time_elapsed    | 178      |
|    total_timesteps | 54000    |
---------------------------------
---------------------------------
| rollout/           |          |
|    ep_len_mean     | 100      |
|    ep_rew_mean     | -100     |
|    success_rate    | 0        |
| time/              |          |
|    episodes        | 544      |
|    fps             | 302      |
|    time_elapsed    | 190      |
|    total_timesteps | 57600    |
| train/             |          |
|    actor_loss      | -90.9    |
|    critic_loss     | 0.37     |
|    ent_coef        | 0.269    |
|    ent_coef_loss   | -43      |
|    learning_rate   | 0.001    |
|    n_updates       | 1322     |
---------------------------------
---------------------------------
| rollout/           |          |
|    ep_len_mean     | 100      |
|    ep_rew_mean     | -100     |
|    success_rate    | 0        |
| time/              |          |
|    episodes        | 548      |
|    fps             | 302      |
|    time_elapsed    | 190      |
|    total_timesteps | 57600    |
---------------------------------
---------------------------------
| rollout/           |          |
|    ep_len_mean     | 100      |
|    ep_rew_mean     | -100     |
|    success_rate    | 0        |
| time/              |          |
|    episodes        | 552      |
|    fps             | 302      |
|    time_elapsed    | 190      |
|    total_timesteps | 57600    |
---------------------------------
---------------------------------
| rollout/           |          |
|    ep_len_mean     | 100      |
|    ep_rew_mean     | -100     |
|    success_rate    | 0        |
| time/              |          |
|    episodes        | 556      |
|    fps             | 302      |
|    time_elapsed    | 190      |
|    total_timesteps | 57600    |
---------------------------------
---------------------------------
| rollout/           |          |
|    ep_len_mean     | 100      |
|    ep_rew_mean     | -100     |
|    success_rate    | 0        |
| time/              |          |
|    episodes        | 560      |
|    fps             | 302      |
|    time_elapsed    | 190      |
|    total_timesteps | 57600    |
---------------------------------
---------------------------------
| rollout/           |          |
|    ep_len_mean     | 100      |
|    ep_rew_mean     | -100     |
|    success_rate    | 0        |
| time/              |          |
|    episodes        | 564      |
|    fps             | 302      |
|    time_elapsed    | 190      |
|    total_timesteps | 57600    |
---------------------------------
---------------------------------
| rollout/           |          |
|    ep_len_mean     | 100      |
|    ep_rew_mean     | -100     |
|    success_rate    | 0        |
| time/              |          |
|    episodes        | 568      |
|    fps             | 302      |
|    time_elapsed    | 190      |
|    total_timesteps | 57600    |
---------------------------------
---------------------------------
| rollout/           |          |
|    ep_len_mean     | 100      |
|    ep_rew_mean     | -100     |
|    success_rate    | 0        |
| time/              |          |
|    episodes        | 572      |
|    fps             | 302      |
|    time_elapsed    | 190      |
|    total_timesteps | 57600    |
---------------------------------
---------------------------------
| rollout/           |          |
|    ep_len_mean     | 100      |
|    ep_rew_mean     | -100     |
|    success_rate    | 0        |
| time/              |          |
|    episodes        | 576      |
|    fps             | 302      |
|    time_elapsed    | 190      |
|    total_timesteps | 57600    |
---------------------------------

Running evaluation at 60048 timesteps...
Successfully copied normalization stats
Evaluation results: {'eval/mean_reward': np.float32(-100.0), 'eval/std_reward': np.float32(0.0), 'eval/success_rate': np.float64(0.0)}
---------------------------------
| rollout/           |          |
|    ep_len_mean     | 100      |
|    ep_rew_mean     | -100     |
|    success_rate    | 0        |
| time/              |          |
|    episodes        | 580      |
|    fps             | 266      |
|    time_elapsed    | 230      |
|    total_timesteps | 61200    |
| train/             |          |
|    actor_loss      | -83.2    |
|    critic_loss     | 0.269    |
|    ent_coef        | 0.244    |
|    ent_coef_loss   | -46.3    |
|    learning_rate   | 0.001    |
|    n_updates       | 1422     |
---------------------------------
---------------------------------
| rollout/           |          |
|    ep_len_mean     | 100      |
|    ep_rew_mean     | -100     |
|    success_rate    | 0        |
| time/              |          |
|    episodes        | 584      |
|    fps             | 265      |
|    time_elapsed    | 230      |
|    total_timesteps | 61200    |
---------------------------------
---------------------------------
| rollout/           |          |
|    ep_len_mean     | 100      |
|    ep_rew_mean     | -100     |
|    success_rate    | 0        |
| time/              |          |
|    episodes        | 588      |
|    fps             | 265      |
|    time_elapsed    | 230      |
|    total_timesteps | 61200    |
---------------------------------
---------------------------------
| rollout/           |          |
|    ep_len_mean     | 100      |
|    ep_rew_mean     | -100     |
|    success_rate    | 0        |
| time/              |          |
|    episodes        | 592      |
|    fps             | 265      |
|    time_elapsed    | 230      |
|    total_timesteps | 61200    |
---------------------------------
---------------------------------
| rollout/           |          |
|    ep_len_mean     | 100      |
|    ep_rew_mean     | -100     |
|    success_rate    | 0        |
| time/              |          |
|    episodes        | 596      |
|    fps             | 265      |
|    time_elapsed    | 230      |
|    total_timesteps | 61200    |
---------------------------------
---------------------------------
| rollout/           |          |
|    ep_len_mean     | 100      |
|    ep_rew_mean     | -100     |
|    success_rate    | 0        |
| time/              |          |
|    episodes        | 600      |
|    fps             | 265      |
|    time_elapsed    | 230      |
|    total_timesteps | 61200    |
---------------------------------
---------------------------------
| rollout/           |          |
|    ep_len_mean     | 100      |
|    ep_rew_mean     | -100     |
|    success_rate    | 0        |
| time/              |          |
|    episodes        | 604      |
|    fps             | 265      |
|    time_elapsed    | 230      |
|    total_timesteps | 61200    |
---------------------------------
---------------------------------
| rollout/           |          |
|    ep_len_mean     | 100      |
|    ep_rew_mean     | -100     |
|    success_rate    | 0        |
| time/              |          |
|    episodes        | 608      |
|    fps             | 265      |
|    time_elapsed    | 230      |
|    total_timesteps | 61200    |
---------------------------------
---------------------------------
| rollout/           |          |
|    ep_len_mean     | 100      |
|    ep_rew_mean     | -100     |
|    success_rate    | 0        |
| time/              |          |
|    episodes        | 612      |
|    fps             | 265      |
|    time_elapsed    | 230      |
|    total_timesteps | 61200    |
---------------------------------
---------------------------------
| rollout/           |          |
|    ep_len_mean     | 100      |
|    ep_rew_mean     | -100     |
|    success_rate    | 0        |
| time/              |          |
|    episodes        | 616      |
|    fps             | 271      |
|    time_elapsed    | 238      |
|    total_timesteps | 64800    |
| train/             |          |
|    actor_loss      | -76      |
|    critic_loss     | 0.275    |
|    ent_coef        | 0.221    |
|    ent_coef_loss   | -49.7    |
|    learning_rate   | 0.001    |
|    n_updates       | 1522     |
---------------------------------
---------------------------------
| rollout/           |          |
|    ep_len_mean     | 100      |
|    ep_rew_mean     | -100     |
|    success_rate    | 0        |
| time/              |          |
|    episodes        | 620      |
|    fps             | 271      |
|    time_elapsed    | 238      |
|    total_timesteps | 64800    |
---------------------------------
---------------------------------
| rollout/           |          |
|    ep_len_mean     | 100      |
|    ep_rew_mean     | -100     |
|    success_rate    | 0        |
| time/              |          |
|    episodes        | 624      |
|    fps             | 271      |
|    time_elapsed    | 238      |
|    total_timesteps | 64800    |
---------------------------------
---------------------------------
| rollout/           |          |
|    ep_len_mean     | 100      |
|    ep_rew_mean     | -100     |
|    success_rate    | 0        |
| time/              |          |
|    episodes        | 628      |
|    fps             | 271      |
|    time_elapsed    | 238      |
|    total_timesteps | 64800    |
---------------------------------
---------------------------------
| rollout/           |          |
|    ep_len_mean     | 100      |
|    ep_rew_mean     | -100     |
|    success_rate    | 0        |
| time/              |          |
|    episodes        | 632      |
|    fps             | 271      |
|    time_elapsed    | 238      |
|    total_timesteps | 64800    |
---------------------------------
---------------------------------
| rollout/           |          |
|    ep_len_mean     | 100      |
|    ep_rew_mean     | -100     |
|    success_rate    | 0        |
| time/              |          |
|    episodes        | 636      |
|    fps             | 271      |
|    time_elapsed    | 238      |
|    total_timesteps | 64800    |
---------------------------------
---------------------------------
| rollout/           |          |
|    ep_len_mean     | 100      |
|    ep_rew_mean     | -100     |
|    success_rate    | 0        |
| time/              |          |
|    episodes        | 640      |
|    fps             | 271      |
|    time_elapsed    | 238      |
|    total_timesteps | 64800    |
---------------------------------
---------------------------------
| rollout/           |          |
|    ep_len_mean     | 100      |
|    ep_rew_mean     | -100     |
|    success_rate    | 0        |
| time/              |          |
|    episodes        | 644      |
|    fps             | 271      |
|    time_elapsed    | 238      |
|    total_timesteps | 64800    |
---------------------------------
---------------------------------
| rollout/           |          |
|    ep_len_mean     | 100      |
|    ep_rew_mean     | -100     |
|    success_rate    | 0        |
| time/              |          |
|    episodes        | 648      |
|    fps             | 271      |
|    time_elapsed    | 238      |
|    total_timesteps | 64800    |
---------------------------------
---------------------------------
| rollout/           |          |
|    ep_len_mean     | 100      |
|    ep_rew_mean     | -100     |
|    success_rate    | 0        |
| time/              |          |
|    episodes        | 652      |
|    fps             | 276      |
|    time_elapsed    | 247      |
|    total_timesteps | 68400    |
| train/             |          |
|    actor_loss      | -69.5    |
|    critic_loss     | 0.207    |
|    ent_coef        | 0.2      |
|    ent_coef_loss   | -53.1    |
|    learning_rate   | 0.001    |
|    n_updates       | 1622     |
---------------------------------
---------------------------------
| rollout/           |          |
|    ep_len_mean     | 100      |
|    ep_rew_mean     | -100     |
|    success_rate    | 0        |
| time/              |          |
|    episodes        | 656      |
|    fps             | 276      |
|    time_elapsed    | 247      |
|    total_timesteps | 68400    |
---------------------------------
---------------------------------
| rollout/           |          |
|    ep_len_mean     | 100      |
|    ep_rew_mean     | -100     |
|    success_rate    | 0        |
| time/              |          |
|    episodes        | 660      |
|    fps             | 276      |
|    time_elapsed    | 247      |
|    total_timesteps | 68400    |
---------------------------------
---------------------------------
| rollout/           |          |
|    ep_len_mean     | 100      |
|    ep_rew_mean     | -100     |
|    success_rate    | 0        |
| time/              |          |
|    episodes        | 664      |
|    fps             | 276      |
|    time_elapsed    | 247      |
|    total_timesteps | 68400    |
---------------------------------
---------------------------------
| rollout/           |          |
|    ep_len_mean     | 100      |
|    ep_rew_mean     | -100     |
|    success_rate    | 0        |
| time/              |          |
|    episodes        | 668      |
|    fps             | 276      |
|    time_elapsed    | 247      |
|    total_timesteps | 68400    |
---------------------------------
---------------------------------
| rollout/           |          |
|    ep_len_mean     | 100      |
|    ep_rew_mean     | -100     |
|    success_rate    | 0        |
| time/              |          |
|    episodes        | 672      |
|    fps             | 276      |
|    time_elapsed    | 247      |
|    total_timesteps | 68400    |
---------------------------------
---------------------------------
| rollout/           |          |
|    ep_len_mean     | 100      |
|    ep_rew_mean     | -100     |
|    success_rate    | 0        |
| time/              |          |
|    episodes        | 676      |
|    fps             | 276      |
|    time_elapsed    | 247      |
|    total_timesteps | 68400    |
---------------------------------
---------------------------------
| rollout/           |          |
|    ep_len_mean     | 100      |
|    ep_rew_mean     | -100     |
|    success_rate    | 0        |
| time/              |          |
|    episodes        | 680      |
|    fps             | 276      |
|    time_elapsed    | 247      |
|    total_timesteps | 68400    |
---------------------------------
---------------------------------
| rollout/           |          |
|    ep_len_mean     | 100      |
|    ep_rew_mean     | -100     |
|    success_rate    | 0        |
| time/              |          |
|    episodes        | 684      |
|    fps             | 276      |
|    time_elapsed    | 247      |
|    total_timesteps | 68400    |
---------------------------------
---------------------------------
| rollout/           |          |
|    ep_len_mean     | 100      |
|    ep_rew_mean     | -100     |
|    success_rate    | 0        |
| time/              |          |
|    episodes        | 688      |
|    fps             | 281      |
|    time_elapsed    | 256      |
|    total_timesteps | 72000    |
| train/             |          |
|    actor_loss      | -63.1    |
|    critic_loss     | 0.147    |
|    ent_coef        | 0.18     |
|    ent_coef_loss   | -56.4    |
|    learning_rate   | 0.001    |
|    n_updates       | 1722     |
---------------------------------
---------------------------------
| rollout/           |          |
|    ep_len_mean     | 100      |
|    ep_rew_mean     | -100     |
|    success_rate    | 0        |
| time/              |          |
|    episodes        | 692      |
|    fps             | 281      |
|    time_elapsed    | 256      |
|    total_timesteps | 72000    |
---------------------------------
---------------------------------
| rollout/           |          |
|    ep_len_mean     | 100      |
|    ep_rew_mean     | -100     |
|    success_rate    | 0        |
| time/              |          |
|    episodes        | 696      |
|    fps             | 281      |
|    time_elapsed    | 256      |
|    total_timesteps | 72000    |
---------------------------------
---------------------------------
| rollout/           |          |
|    ep_len_mean     | 100      |
|    ep_rew_mean     | -100     |
|    success_rate    | 0        |
| time/              |          |
|    episodes        | 700      |
|    fps             | 281      |
|    time_elapsed    | 256      |
|    total_timesteps | 72000    |
---------------------------------
---------------------------------
| rollout/           |          |
|    ep_len_mean     | 100      |
|    ep_rew_mean     | -100     |
|    success_rate    | 0        |
| time/              |          |
|    episodes        | 704      |
|    fps             | 281      |
|    time_elapsed    | 256      |
|    total_timesteps | 72000    |
---------------------------------
---------------------------------
| rollout/           |          |
|    ep_len_mean     | 100      |
|    ep_rew_mean     | -100     |
|    success_rate    | 0        |
| time/              |          |
|    episodes        | 708      |
|    fps             | 281      |
|    time_elapsed    | 256      |
|    total_timesteps | 72000    |
---------------------------------
---------------------------------
| rollout/           |          |
|    ep_len_mean     | 100      |
|    ep_rew_mean     | -100     |
|    success_rate    | 0        |
| time/              |          |
|    episodes        | 712      |
|    fps             | 281      |
|    time_elapsed    | 256      |
|    total_timesteps | 72000    |
---------------------------------
---------------------------------
| rollout/           |          |
|    ep_len_mean     | 100      |
|    ep_rew_mean     | -100     |
|    success_rate    | 0        |
| time/              |          |
|    episodes        | 716      |
|    fps             | 281      |
|    time_elapsed    | 256      |
|    total_timesteps | 72000    |
---------------------------------
---------------------------------
| rollout/           |          |
|    ep_len_mean     | 100      |
|    ep_rew_mean     | -100     |
|    success_rate    | 0        |
| time/              |          |
|    episodes        | 720      |
|    fps             | 281      |
|    time_elapsed    | 256      |
|    total_timesteps | 72000    |
---------------------------------
---------------------------------
| rollout/           |          |
|    ep_len_mean     | 100      |
|    ep_rew_mean     | -100     |
|    success_rate    | 0        |
| time/              |          |
|    episodes        | 724      |
|    fps             | 285      |
|    time_elapsed    | 264      |
|    total_timesteps | 75600    |
| train/             |          |
|    actor_loss      | -57.4    |
|    critic_loss     | 0.122    |
|    ent_coef        | 0.163    |
|    ent_coef_loss   | -59.8    |
|    learning_rate   | 0.001    |
|    n_updates       | 1822     |
---------------------------------
---------------------------------
| rollout/           |          |
|    ep_len_mean     | 100      |
|    ep_rew_mean     | -100     |
|    success_rate    | 0        |
| time/              |          |
|    episodes        | 728      |
|    fps             | 285      |
|    time_elapsed    | 264      |
|    total_timesteps | 75600    |
---------------------------------
---------------------------------
| rollout/           |          |
|    ep_len_mean     | 100      |
|    ep_rew_mean     | -100     |
|    success_rate    | 0        |
| time/              |          |
|    episodes        | 732      |
|    fps             | 285      |
|    time_elapsed    | 264      |
|    total_timesteps | 75600    |
---------------------------------
---------------------------------
| rollout/           |          |
|    ep_len_mean     | 100      |
|    ep_rew_mean     | -100     |
|    success_rate    | 0        |
| time/              |          |
|    episodes        | 736      |
|    fps             | 285      |
|    time_elapsed    | 264      |
|    total_timesteps | 75600    |
---------------------------------
---------------------------------
| rollout/           |          |
|    ep_len_mean     | 100      |
|    ep_rew_mean     | -100     |
|    success_rate    | 0        |
| time/              |          |
|    episodes        | 740      |
|    fps             | 285      |
|    time_elapsed    | 264      |
|    total_timesteps | 75600    |
---------------------------------
---------------------------------
| rollout/           |          |
|    ep_len_mean     | 100      |
|    ep_rew_mean     | -100     |
|    success_rate    | 0        |
| time/              |          |
|    episodes        | 744      |
|    fps             | 285      |
|    time_elapsed    | 264      |
|    total_timesteps | 75600    |
---------------------------------
---------------------------------
| rollout/           |          |
|    ep_len_mean     | 100      |
|    ep_rew_mean     | -100     |
|    success_rate    | 0        |
| time/              |          |
|    episodes        | 748      |
|    fps             | 285      |
|    time_elapsed    | 264      |
|    total_timesteps | 75600    |
---------------------------------
---------------------------------
| rollout/           |          |
|    ep_len_mean     | 100      |
|    ep_rew_mean     | -100     |
|    success_rate    | 0        |
| time/              |          |
|    episodes        | 752      |
|    fps             | 285      |
|    time_elapsed    | 264      |
|    total_timesteps | 75600    |
---------------------------------
---------------------------------
| rollout/           |          |
|    ep_len_mean     | 100      |
|    ep_rew_mean     | -100     |
|    success_rate    | 0        |
| time/              |          |
|    episodes        | 756      |
|    fps             | 285      |
|    time_elapsed    | 264      |
|    total_timesteps | 75600    |
---------------------------------
---------------------------------
| rollout/           |          |
|    ep_len_mean     | 100      |
|    ep_rew_mean     | -100     |
|    success_rate    | 0        |
| time/              |          |
|    episodes        | 760      |
|    fps             | 289      |
|    time_elapsed    | 273      |
|    total_timesteps | 79200    |
| train/             |          |
|    actor_loss      | -51.8    |
|    critic_loss     | 0.079    |
|    ent_coef        | 0.148    |
|    ent_coef_loss   | -63.2    |
|    learning_rate   | 0.001    |
|    n_updates       | 1922     |
---------------------------------
---------------------------------
| rollout/           |          |
|    ep_len_mean     | 100      |
|    ep_rew_mean     | -100     |
|    success_rate    | 0        |
| time/              |          |
|    episodes        | 764      |
|    fps             | 289      |
|    time_elapsed    | 273      |
|    total_timesteps | 79200    |
---------------------------------
---------------------------------
| rollout/           |          |
|    ep_len_mean     | 100      |
|    ep_rew_mean     | -100     |
|    success_rate    | 0        |
| time/              |          |
|    episodes        | 768      |
|    fps             | 289      |
|    time_elapsed    | 273      |
|    total_timesteps | 79200    |
---------------------------------
---------------------------------
| rollout/           |          |
|    ep_len_mean     | 100      |
|    ep_rew_mean     | -100     |
|    success_rate    | 0        |
| time/              |          |
|    episodes        | 772      |
|    fps             | 289      |
|    time_elapsed    | 273      |
|    total_timesteps | 79200    |
---------------------------------
---------------------------------
| rollout/           |          |
|    ep_len_mean     | 100      |
|    ep_rew_mean     | -100     |
|    success_rate    | 0        |
| time/              |          |
|    episodes        | 776      |
|    fps             | 289      |
|    time_elapsed    | 273      |
|    total_timesteps | 79200    |
---------------------------------
---------------------------------
| rollout/           |          |
|    ep_len_mean     | 100      |
|    ep_rew_mean     | -100     |
|    success_rate    | 0        |
| time/              |          |
|    episodes        | 780      |
|    fps             | 289      |
|    time_elapsed    | 273      |
|    total_timesteps | 79200    |
---------------------------------
---------------------------------
| rollout/           |          |
|    ep_len_mean     | 100      |
|    ep_rew_mean     | -100     |
|    success_rate    | 0        |
| time/              |          |
|    episodes        | 784      |
|    fps             | 289      |
|    time_elapsed    | 273      |
|    total_timesteps | 79200    |
---------------------------------
---------------------------------
| rollout/           |          |
|    ep_len_mean     | 100      |
|    ep_rew_mean     | -100     |
|    success_rate    | 0        |
| time/              |          |
|    episodes        | 788      |
|    fps             | 289      |
|    time_elapsed    | 273      |
|    total_timesteps | 79200    |
---------------------------------
---------------------------------
| rollout/           |          |
|    ep_len_mean     | 100      |
|    ep_rew_mean     | -100     |
|    success_rate    | 0        |
| time/              |          |
|    episodes        | 792      |
|    fps             | 289      |
|    time_elapsed    | 273      |
|    total_timesteps | 79200    |
---------------------------------

Running evaluation at 80064 timesteps...
Successfully copied normalization stats
Evaluation results: {'eval/mean_reward': np.float32(-100.0), 'eval/std_reward': np.float32(0.0), 'eval/success_rate': np.float64(0.0)}
---------------------------------
| rollout/           |          |
|    ep_len_mean     | 100      |
|    ep_rew_mean     | -100     |
|    success_rate    | 0        |
| time/              |          |
|    episodes        | 796      |
|    fps             | 267      |
|    time_elapsed    | 309      |
|    total_timesteps | 82800    |
| train/             |          |
|    actor_loss      | -47.2    |
|    critic_loss     | 0.0594   |
|    ent_coef        | 0.133    |
|    ent_coef_loss   | -66.6    |
|    learning_rate   | 0.001    |
|    n_updates       | 2022     |
---------------------------------
---------------------------------
| rollout/           |          |
|    ep_len_mean     | 100      |
|    ep_rew_mean     | -100     |
|    success_rate    | 0        |
| time/              |          |
|    episodes        | 800      |
|    fps             | 267      |
|    time_elapsed    | 309      |
|    total_timesteps | 82800    |
---------------------------------
---------------------------------
| rollout/           |          |
|    ep_len_mean     | 100      |
|    ep_rew_mean     | -100     |
|    success_rate    | 0        |
| time/              |          |
|    episodes        | 804      |
|    fps             | 267      |
|    time_elapsed    | 309      |
|    total_timesteps | 82800    |
---------------------------------
---------------------------------
| rollout/           |          |
|    ep_len_mean     | 100      |
|    ep_rew_mean     | -100     |
|    success_rate    | 0        |
| time/              |          |
|    episodes        | 808      |
|    fps             | 267      |
|    time_elapsed    | 309      |
|    total_timesteps | 82800    |
---------------------------------
---------------------------------
| rollout/           |          |
|    ep_len_mean     | 100      |
|    ep_rew_mean     | -100     |
|    success_rate    | 0        |
| time/              |          |
|    episodes        | 812      |
|    fps             | 267      |
|    time_elapsed    | 309      |
|    total_timesteps | 82800    |
---------------------------------
---------------------------------
| rollout/           |          |
|    ep_len_mean     | 100      |
|    ep_rew_mean     | -100     |
|    success_rate    | 0        |
| time/              |          |
|    episodes        | 816      |
|    fps             | 267      |
|    time_elapsed    | 309      |
|    total_timesteps | 82800    |
---------------------------------
---------------------------------
| rollout/           |          |
|    ep_len_mean     | 100      |
|    ep_rew_mean     | -100     |
|    success_rate    | 0        |
| time/              |          |
|    episodes        | 820      |
|    fps             | 267      |
|    time_elapsed    | 309      |
|    total_timesteps | 82800    |
---------------------------------
---------------------------------
| rollout/           |          |
|    ep_len_mean     | 100      |
|    ep_rew_mean     | -100     |
|    success_rate    | 0        |
| time/              |          |
|    episodes        | 824      |
|    fps             | 267      |
|    time_elapsed    | 309      |
|    total_timesteps | 82800    |
---------------------------------
---------------------------------
| rollout/           |          |
|    ep_len_mean     | 100      |
|    ep_rew_mean     | -100     |
|    success_rate    | 0        |
| time/              |          |
|    episodes        | 828      |
|    fps             | 267      |
|    time_elapsed    | 309      |
|    total_timesteps | 82800    |
---------------------------------
---------------------------------
| rollout/           |          |
|    ep_len_mean     | 100      |
|    ep_rew_mean     | -100     |
|    success_rate    | 0        |
| time/              |          |
|    episodes        | 832      |
|    fps             | 267      |
|    time_elapsed    | 322      |
|    total_timesteps | 86400    |
| train/             |          |
|    actor_loss      | -42.9    |
|    critic_loss     | 0.047    |
|    ent_coef        | 0.121    |
|    ent_coef_loss   | -69.9    |
|    learning_rate   | 0.001    |
|    n_updates       | 2122     |
---------------------------------
---------------------------------
| rollout/           |          |
|    ep_len_mean     | 100      |
|    ep_rew_mean     | -100     |
|    success_rate    | 0        |
| time/              |          |
|    episodes        | 836      |
|    fps             | 267      |
|    time_elapsed    | 322      |
|    total_timesteps | 86400    |
---------------------------------
---------------------------------
| rollout/           |          |
|    ep_len_mean     | 100      |
|    ep_rew_mean     | -100     |
|    success_rate    | 0        |
| time/              |          |
|    episodes        | 840      |
|    fps             | 267      |
|    time_elapsed    | 322      |
|    total_timesteps | 86400    |
---------------------------------
---------------------------------
| rollout/           |          |
|    ep_len_mean     | 100      |
|    ep_rew_mean     | -100     |
|    success_rate    | 0        |
| time/              |          |
|    episodes        | 844      |
|    fps             | 267      |
|    time_elapsed    | 322      |
|    total_timesteps | 86400    |
---------------------------------
---------------------------------
| rollout/           |          |
|    ep_len_mean     | 100      |
|    ep_rew_mean     | -100     |
|    success_rate    | 0        |
| time/              |          |
|    episodes        | 848      |
|    fps             | 267      |
|    time_elapsed    | 322      |
|    total_timesteps | 86400    |
---------------------------------
---------------------------------
| rollout/           |          |
|    ep_len_mean     | 100      |
|    ep_rew_mean     | -100     |
|    success_rate    | 0        |
| time/              |          |
|    episodes        | 852      |
|    fps             | 267      |
|    time_elapsed    | 322      |
|    total_timesteps | 86400    |
---------------------------------
---------------------------------
| rollout/           |          |
|    ep_len_mean     | 100      |
|    ep_rew_mean     | -100     |
|    success_rate    | 0        |
| time/              |          |
|    episodes        | 856      |
|    fps             | 267      |
|    time_elapsed    | 322      |
|    total_timesteps | 86400    |
---------------------------------
---------------------------------
| rollout/           |          |
|    ep_len_mean     | 100      |
|    ep_rew_mean     | -100     |
|    success_rate    | 0        |
| time/              |          |
|    episodes        | 860      |
|    fps             | 267      |
|    time_elapsed    | 322      |
|    total_timesteps | 86400    |
---------------------------------
---------------------------------
| rollout/           |          |
|    ep_len_mean     | 100      |
|    ep_rew_mean     | -100     |
|    success_rate    | 0        |
| time/              |          |
|    episodes        | 864      |
|    fps             | 267      |
|    time_elapsed    | 322      |
|    total_timesteps | 86400    |
---------------------------------
---------------------------------
| rollout/           |          |
|    ep_len_mean     | 100      |
|    ep_rew_mean     | -100     |
|    success_rate    | 0        |
| time/              |          |
|    episodes        | 868      |
|    fps             | 271      |
|    time_elapsed    | 331      |
|    total_timesteps | 90000    |
| train/             |          |
|    actor_loss      | -38.8    |
|    critic_loss     | 0.0365   |
|    ent_coef        | 0.109    |
|    ent_coef_loss   | -73.3    |
|    learning_rate   | 0.001    |
|    n_updates       | 2222     |
---------------------------------
---------------------------------
| rollout/           |          |
|    ep_len_mean     | 100      |
|    ep_rew_mean     | -100     |
|    success_rate    | 0        |
| time/              |          |
|    episodes        | 872      |
|    fps             | 271      |
|    time_elapsed    | 331      |
|    total_timesteps | 90000    |
---------------------------------
---------------------------------
| rollout/           |          |
|    ep_len_mean     | 100      |
|    ep_rew_mean     | -100     |
|    success_rate    | 0        |
| time/              |          |
|    episodes        | 876      |
|    fps             | 271      |
|    time_elapsed    | 331      |
|    total_timesteps | 90000    |
---------------------------------
---------------------------------
| rollout/           |          |
|    ep_len_mean     | 100      |
|    ep_rew_mean     | -100     |
|    success_rate    | 0        |
| time/              |          |
|    episodes        | 880      |
|    fps             | 271      |
|    time_elapsed    | 331      |
|    total_timesteps | 90000    |
---------------------------------
---------------------------------
| rollout/           |          |
|    ep_len_mean     | 100      |
|    ep_rew_mean     | -100     |
|    success_rate    | 0        |
| time/              |          |
|    episodes        | 884      |
|    fps             | 271      |
|    time_elapsed    | 331      |
|    total_timesteps | 90000    |
---------------------------------
---------------------------------
| rollout/           |          |
|    ep_len_mean     | 100      |
|    ep_rew_mean     | -100     |
|    success_rate    | 0        |
| time/              |          |
|    episodes        | 888      |
|    fps             | 271      |
|    time_elapsed    | 331      |
|    total_timesteps | 90000    |
---------------------------------
---------------------------------
| rollout/           |          |
|    ep_len_mean     | 100      |
|    ep_rew_mean     | -100     |
|    success_rate    | 0        |
| time/              |          |
|    episodes        | 892      |
|    fps             | 271      |
|    time_elapsed    | 331      |
|    total_timesteps | 90000    |
---------------------------------
---------------------------------
| rollout/           |          |
|    ep_len_mean     | 100      |
|    ep_rew_mean     | -100     |
|    success_rate    | 0        |
| time/              |          |
|    episodes        | 896      |
|    fps             | 271      |
|    time_elapsed    | 331      |
|    total_timesteps | 90000    |
---------------------------------
---------------------------------
| rollout/           |          |
|    ep_len_mean     | 100      |
|    ep_rew_mean     | -100     |
|    success_rate    | 0        |
| time/              |          |
|    episodes        | 900      |
|    fps             | 271      |
|    time_elapsed    | 331      |
|    total_timesteps | 90000    |
---------------------------------
---------------------------------
| rollout/           |          |
|    ep_len_mean     | 100      |
|    ep_rew_mean     | -100     |
|    success_rate    | 0        |
| time/              |          |
|    episodes        | 904      |
|    fps             | 275      |
|    time_elapsed    | 339      |
|    total_timesteps | 93600    |
| train/             |          |
|    actor_loss      | -34.9    |
|    critic_loss     | 0.0294   |
|    ent_coef        | 0.0987   |
|    ent_coef_loss   | -76.6    |
|    learning_rate   | 0.001    |
|    n_updates       | 2322     |
---------------------------------
---------------------------------
| rollout/           |          |
|    ep_len_mean     | 100      |
|    ep_rew_mean     | -100     |
|    success_rate    | 0        |
| time/              |          |
|    episodes        | 908      |
|    fps             | 275      |
|    time_elapsed    | 339      |
|    total_timesteps | 93600    |
---------------------------------
---------------------------------
| rollout/           |          |
|    ep_len_mean     | 100      |
|    ep_rew_mean     | -100     |
|    success_rate    | 0        |
| time/              |          |
|    episodes        | 912      |
|    fps             | 275      |
|    time_elapsed    | 339      |
|    total_timesteps | 93600    |
---------------------------------
---------------------------------
| rollout/           |          |
|    ep_len_mean     | 100      |
|    ep_rew_mean     | -100     |
|    success_rate    | 0        |
| time/              |          |
|    episodes        | 916      |
|    fps             | 275      |
|    time_elapsed    | 339      |
|    total_timesteps | 93600    |
---------------------------------
---------------------------------
| rollout/           |          |
|    ep_len_mean     | 100      |
|    ep_rew_mean     | -100     |
|    success_rate    | 0        |
| time/              |          |
|    episodes        | 920      |
|    fps             | 275      |
|    time_elapsed    | 339      |
|    total_timesteps | 93600    |
---------------------------------
---------------------------------
| rollout/           |          |
|    ep_len_mean     | 100      |
|    ep_rew_mean     | -100     |
|    success_rate    | 0        |
| time/              |          |
|    episodes        | 924      |
|    fps             | 275      |
|    time_elapsed    | 339      |
|    total_timesteps | 93600    |
---------------------------------
---------------------------------
| rollout/           |          |
|    ep_len_mean     | 100      |
|    ep_rew_mean     | -100     |
|    success_rate    | 0        |
| time/              |          |
|    episodes        | 928      |
|    fps             | 275      |
|    time_elapsed    | 339      |
|    total_timesteps | 93600    |
---------------------------------
---------------------------------
| rollout/           |          |
|    ep_len_mean     | 100      |
|    ep_rew_mean     | -100     |
|    success_rate    | 0        |
| time/              |          |
|    episodes        | 932      |
|    fps             | 275      |
|    time_elapsed    | 339      |
|    total_timesteps | 93600    |
---------------------------------
---------------------------------
| rollout/           |          |
|    ep_len_mean     | 100      |
|    ep_rew_mean     | -100     |
|    success_rate    | 0        |
| time/              |          |
|    episodes        | 936      |
|    fps             | 275      |
|    time_elapsed    | 339      |
|    total_timesteps | 93600    |
---------------------------------
---------------------------------
| rollout/           |          |
|    ep_len_mean     | 100      |
|    ep_rew_mean     | -100     |
|    success_rate    | 0        |
| time/              |          |
|    episodes        | 940      |
|    fps             | 279      |
|    time_elapsed    | 348      |
|    total_timesteps | 97200    |
| train/             |          |
|    actor_loss      | -31.5    |
|    critic_loss     | 0.0215   |
|    ent_coef        | 0.0893   |
|    ent_coef_loss   | -80.2    |
|    learning_rate   | 0.001    |
|    n_updates       | 2422     |
---------------------------------
---------------------------------
| rollout/           |          |
|    ep_len_mean     | 100      |
|    ep_rew_mean     | -100     |
|    success_rate    | 0        |
| time/              |          |
|    episodes        | 944      |
|    fps             | 279      |
|    time_elapsed    | 348      |
|    total_timesteps | 97200    |
---------------------------------
---------------------------------
| rollout/           |          |
|    ep_len_mean     | 100      |
|    ep_rew_mean     | -100     |
|    success_rate    | 0        |
| time/              |          |
|    episodes        | 948      |
|    fps             | 279      |
|    time_elapsed    | 348      |
|    total_timesteps | 97200    |
---------------------------------
---------------------------------
| rollout/           |          |
|    ep_len_mean     | 100      |
|    ep_rew_mean     | -100     |
|    success_rate    | 0        |
| time/              |          |
|    episodes        | 952      |
|    fps             | 279      |
|    time_elapsed    | 348      |
|    total_timesteps | 97200    |
---------------------------------
---------------------------------
| rollout/           |          |
|    ep_len_mean     | 100      |
|    ep_rew_mean     | -100     |
|    success_rate    | 0        |
| time/              |          |
|    episodes        | 956      |
|    fps             | 279      |
|    time_elapsed    | 348      |
|    total_timesteps | 97200    |
---------------------------------
---------------------------------
| rollout/           |          |
|    ep_len_mean     | 100      |
|    ep_rew_mean     | -100     |
|    success_rate    | 0        |
| time/              |          |
|    episodes        | 960      |
|    fps             | 279      |
|    time_elapsed    | 348      |
|    total_timesteps | 97200    |
---------------------------------
---------------------------------
| rollout/           |          |
|    ep_len_mean     | 100      |
|    ep_rew_mean     | -100     |
|    success_rate    | 0        |
| time/              |          |
|    episodes        | 964      |
|    fps             | 279      |
|    time_elapsed    | 348      |
|    total_timesteps | 97200    |
---------------------------------
---------------------------------
| rollout/           |          |
|    ep_len_mean     | 100      |
|    ep_rew_mean     | -100     |
|    success_rate    | 0        |
| time/              |          |
|    episodes        | 968      |
|    fps             | 279      |
|    time_elapsed    | 348      |
|    total_timesteps | 97200    |
---------------------------------
---------------------------------
| rollout/           |          |
|    ep_len_mean     | 100      |
|    ep_rew_mean     | -100     |
|    success_rate    | 0        |
| time/              |          |
|    episodes        | 972      |
|    fps             | 279      |
|    time_elapsed    | 348      |
|    total_timesteps | 97200    |
---------------------------------

Running evaluation at 100080 timesteps...
Successfully copied normalization stats
Evaluation results: {'eval/mean_reward': np.float32(-100.0), 'eval/std_reward': np.float32(0.0), 'eval/success_rate': np.float64(0.0)}
---------------------------------
| rollout/           |          |
|    ep_len_mean     | 100      |
|    ep_rew_mean     | -100     |
|    success_rate    | 0        |
| time/              |          |
|    episodes        | 976      |
|    fps             | 261      |
|    time_elapsed    | 384      |
|    total_timesteps | 100800   |
| train/             |          |
|    actor_loss      | -28.3    |
|    critic_loss     | 0.019    |
|    ent_coef        | 0.0807   |
|    ent_coef_loss   | -83.5    |
|    learning_rate   | 0.001    |
|    n_updates       | 2522     |
---------------------------------
---------------------------------
| rollout/           |          |
|    ep_len_mean     | 100      |
|    ep_rew_mean     | -100     |
|    success_rate    | 0        |
| time/              |          |
|    episodes        | 980      |
|    fps             | 261      |
|    time_elapsed    | 384      |
|    total_timesteps | 100800   |
---------------------------------
---------------------------------
| rollout/           |          |
|    ep_len_mean     | 100      |
|    ep_rew_mean     | -100     |
|    success_rate    | 0        |
| time/              |          |
|    episodes        | 984      |
|    fps             | 261      |
|    time_elapsed    | 384      |
|    total_timesteps | 100800   |
---------------------------------
---------------------------------
| rollout/           |          |
|    ep_len_mean     | 100      |
|    ep_rew_mean     | -100     |
|    success_rate    | 0        |
| time/              |          |
|    episodes        | 988      |
|    fps             | 261      |
|    time_elapsed    | 384      |
|    total_timesteps | 100800   |
---------------------------------
---------------------------------
| rollout/           |          |
|    ep_len_mean     | 100      |
|    ep_rew_mean     | -100     |
|    success_rate    | 0        |
| time/              |          |
|    episodes        | 992      |
|    fps             | 261      |
|    time_elapsed    | 384      |
|    total_timesteps | 100800   |
---------------------------------
---------------------------------
| rollout/           |          |
|    ep_len_mean     | 100      |
|    ep_rew_mean     | -100     |
|    success_rate    | 0        |
| time/              |          |
|    episodes        | 996      |
|    fps             | 261      |
|    time_elapsed    | 384      |
|    total_timesteps | 100800   |
---------------------------------
---------------------------------
| rollout/           |          |
|    ep_len_mean     | 100      |
|    ep_rew_mean     | -100     |
|    success_rate    | 0        |
| time/              |          |
|    episodes        | 1000     |
|    fps             | 261      |
|    time_elapsed    | 384      |
|    total_timesteps | 100800   |
---------------------------------
---------------------------------
| rollout/           |          |
|    ep_len_mean     | 100      |
|    ep_rew_mean     | -100     |
|    success_rate    | 0        |
| time/              |          |
|    episodes        | 1004     |
|    fps             | 261      |
|    time_elapsed    | 384      |
|    total_timesteps | 100800   |
---------------------------------
---------------------------------
| rollout/           |          |
|    ep_len_mean     | 100      |
|    ep_rew_mean     | -100     |
|    success_rate    | 0        |
| time/              |          |
|    episodes        | 1008     |
|    fps             | 261      |
|    time_elapsed    | 384      |
|    total_timesteps | 100800   |
---------------------------------
---------------------------------
| rollout/           |          |
|    ep_len_mean     | 100      |
|    ep_rew_mean     | -100     |
|    success_rate    | 0        |
| time/              |          |
|    episodes        | 1012     |
|    fps             | 265      |
|    time_elapsed    | 393      |
|    total_timesteps | 104400   |
| train/             |          |
|    actor_loss      | -25.4    |
|    critic_loss     | 0.0167   |
|    ent_coef        | 0.073    |
|    ent_coef_loss   | -86.9    |
|    learning_rate   | 0.001    |
|    n_updates       | 2622     |
---------------------------------
---------------------------------
| rollout/           |          |
|    ep_len_mean     | 100      |
|    ep_rew_mean     | -100     |
|    success_rate    | 0        |
| time/              |          |
|    episodes        | 1016     |
|    fps             | 265      |
|    time_elapsed    | 393      |
|    total_timesteps | 104400   |
---------------------------------
---------------------------------
| rollout/           |          |
|    ep_len_mean     | 100      |
|    ep_rew_mean     | -100     |
|    success_rate    | 0        |
| time/              |          |
|    episodes        | 1020     |
|    fps             | 265      |
|    time_elapsed    | 393      |
|    total_timesteps | 104400   |
---------------------------------
---------------------------------
| rollout/           |          |
|    ep_len_mean     | 100      |
|    ep_rew_mean     | -100     |
|    success_rate    | 0        |
| time/              |          |
|    episodes        | 1024     |
|    fps             | 265      |
|    time_elapsed    | 393      |
|    total_timesteps | 104400   |
---------------------------------
---------------------------------
| rollout/           |          |
|    ep_len_mean     | 100      |
|    ep_rew_mean     | -100     |
|    success_rate    | 0        |
| time/              |          |
|    episodes        | 1028     |
|    fps             | 265      |
|    time_elapsed    | 393      |
|    total_timesteps | 104400   |
---------------------------------
---------------------------------
| rollout/           |          |
|    ep_len_mean     | 100      |
|    ep_rew_mean     | -100     |
|    success_rate    | 0        |
| time/              |          |
|    episodes        | 1032     |
|    fps             | 265      |
|    time_elapsed    | 393      |
|    total_timesteps | 104400   |
---------------------------------
---------------------------------
| rollout/           |          |
|    ep_len_mean     | 100      |
|    ep_rew_mean     | -100     |
|    success_rate    | 0        |
| time/              |          |
|    episodes        | 1036     |
|    fps             | 265      |
|    time_elapsed    | 393      |
|    total_timesteps | 104400   |
---------------------------------
---------------------------------
| rollout/           |          |
|    ep_len_mean     | 100      |
|    ep_rew_mean     | -100     |
|    success_rate    | 0        |
| time/              |          |
|    episodes        | 1040     |
|    fps             | 265      |
|    time_elapsed    | 393      |
|    total_timesteps | 104400   |
---------------------------------
---------------------------------
| rollout/           |          |
|    ep_len_mean     | 100      |
|    ep_rew_mean     | -100     |
|    success_rate    | 0        |
| time/              |          |
|    episodes        | 1044     |
|    fps             | 265      |
|    time_elapsed    | 393      |
|    total_timesteps | 104400   |
---------------------------------
---------------------------------
| rollout/           |          |
|    ep_len_mean     | 100      |
|    ep_rew_mean     | -100     |
|    success_rate    | 0        |
| time/              |          |
|    episodes        | 1048     |
|    fps             | 265      |
|    time_elapsed    | 406      |
|    total_timesteps | 108000   |
| train/             |          |
|    actor_loss      | -22.9    |
|    critic_loss     | 0.0129   |
|    ent_coef        | 0.066    |
|    ent_coef_loss   | -90.3    |
|    learning_rate   | 0.001    |
|    n_updates       | 2722     |
---------------------------------
---------------------------------
| rollout/           |          |
|    ep_len_mean     | 100      |
|    ep_rew_mean     | -100     |
|    success_rate    | 0        |
| time/              |          |
|    episodes        | 1052     |
|    fps             | 265      |
|    time_elapsed    | 406      |
|    total_timesteps | 108000   |
---------------------------------
---------------------------------
| rollout/           |          |
|    ep_len_mean     | 100      |
|    ep_rew_mean     | -100     |
|    success_rate    | 0        |
| time/              |          |
|    episodes        | 1056     |
|    fps             | 265      |
|    time_elapsed    | 406      |
|    total_timesteps | 108000   |
---------------------------------
---------------------------------
| rollout/           |          |
|    ep_len_mean     | 100      |
|    ep_rew_mean     | -100     |
|    success_rate    | 0        |
| time/              |          |
|    episodes        | 1060     |
|    fps             | 265      |
|    time_elapsed    | 406      |
|    total_timesteps | 108000   |
---------------------------------
---------------------------------
| rollout/           |          |
|    ep_len_mean     | 100      |
|    ep_rew_mean     | -100     |
|    success_rate    | 0        |
| time/              |          |
|    episodes        | 1064     |
|    fps             | 265      |
|    time_elapsed    | 406      |
|    total_timesteps | 108000   |
---------------------------------
---------------------------------
| rollout/           |          |
|    ep_len_mean     | 100      |
|    ep_rew_mean     | -100     |
|    success_rate    | 0        |
| time/              |          |
|    episodes        | 1068     |
|    fps             | 265      |
|    time_elapsed    | 406      |
|    total_timesteps | 108000   |
---------------------------------
---------------------------------
| rollout/           |          |
|    ep_len_mean     | 100      |
|    ep_rew_mean     | -100     |
|    success_rate    | 0        |
| time/              |          |
|    episodes        | 1072     |
|    fps             | 265      |
|    time_elapsed    | 406      |
|    total_timesteps | 108000   |
---------------------------------
---------------------------------
| rollout/           |          |
|    ep_len_mean     | 100      |
|    ep_rew_mean     | -100     |
|    success_rate    | 0        |
| time/              |          |
|    episodes        | 1076     |
|    fps             | 265      |
|    time_elapsed    | 406      |
|    total_timesteps | 108000   |
---------------------------------
---------------------------------
| rollout/           |          |
|    ep_len_mean     | 100      |
|    ep_rew_mean     | -100     |
|    success_rate    | 0        |
| time/              |          |
|    episodes        | 1080     |
|    fps             | 265      |
|    time_elapsed    | 406      |
|    total_timesteps | 108000   |
---------------------------------
---------------------------------
| rollout/           |          |
|    ep_len_mean     | 100      |
|    ep_rew_mean     | -100     |
|    success_rate    | 0        |
| time/              |          |
|    episodes        | 1084     |
|    fps             | 268      |
|    time_elapsed    | 414      |
|    total_timesteps | 111600   |
| train/             |          |
|    actor_loss      | -20.5    |
|    critic_loss     | 0.0096   |
|    ent_coef        | 0.0597   |
|    ent_coef_loss   | -93.7    |
|    learning_rate   | 0.001    |
|    n_updates       | 2822     |
---------------------------------
---------------------------------
| rollout/           |          |
|    ep_len_mean     | 100      |
|    ep_rew_mean     | -100     |
|    success_rate    | 0        |
| time/              |          |
|    episodes        | 1088     |
|    fps             | 268      |
|    time_elapsed    | 414      |
|    total_timesteps | 111600   |
---------------------------------
---------------------------------
| rollout/           |          |
|    ep_len_mean     | 100      |
|    ep_rew_mean     | -100     |
|    success_rate    | 0        |
| time/              |          |
|    episodes        | 1092     |
|    fps             | 268      |
|    time_elapsed    | 414      |
|    total_timesteps | 111600   |
---------------------------------
---------------------------------
| rollout/           |          |
|    ep_len_mean     | 100      |
|    ep_rew_mean     | -100     |
|    success_rate    | 0        |
| time/              |          |
|    episodes        | 1096     |
|    fps             | 268      |
|    time_elapsed    | 414      |
|    total_timesteps | 111600   |
---------------------------------
---------------------------------
| rollout/           |          |
|    ep_len_mean     | 100      |
|    ep_rew_mean     | -100     |
|    success_rate    | 0        |
| time/              |          |
|    episodes        | 1100     |
|    fps             | 268      |
|    time_elapsed    | 414      |
|    total_timesteps | 111600   |
---------------------------------
---------------------------------
| rollout/           |          |
|    ep_len_mean     | 100      |
|    ep_rew_mean     | -100     |
|    success_rate    | 0        |
| time/              |          |
|    episodes        | 1104     |
|    fps             | 268      |
|    time_elapsed    | 414      |
|    total_timesteps | 111600   |
---------------------------------
---------------------------------
| rollout/           |          |
|    ep_len_mean     | 100      |
|    ep_rew_mean     | -100     |
|    success_rate    | 0        |
| time/              |          |
|    episodes        | 1108     |
|    fps             | 268      |
|    time_elapsed    | 414      |
|    total_timesteps | 111600   |
---------------------------------
---------------------------------
| rollout/           |          |
|    ep_len_mean     | 100      |
|    ep_rew_mean     | -100     |
|    success_rate    | 0        |
| time/              |          |
|    episodes        | 1112     |
|    fps             | 268      |
|    time_elapsed    | 414      |
|    total_timesteps | 111600   |
---------------------------------
---------------------------------
| rollout/           |          |
|    ep_len_mean     | 100      |
|    ep_rew_mean     | -100     |
|    success_rate    | 0        |
| time/              |          |
|    episodes        | 1116     |
|    fps             | 268      |
|    time_elapsed    | 414      |
|    total_timesteps | 111600   |
---------------------------------
---------------------------------
| rollout/           |          |
|    ep_len_mean     | 100      |
|    ep_rew_mean     | -100     |
|    success_rate    | 0        |
| time/              |          |
|    episodes        | 1120     |
|    fps             | 271      |
|    time_elapsed    | 423      |
|    total_timesteps | 115200   |
| train/             |          |
|    actor_loss      | -18.3    |
|    critic_loss     | 0.00769  |
|    ent_coef        | 0.054    |
|    ent_coef_loss   | -97.1    |
|    learning_rate   | 0.001    |
|    n_updates       | 2922     |
---------------------------------
---------------------------------
| rollout/           |          |
|    ep_len_mean     | 100      |
|    ep_rew_mean     | -100     |
|    success_rate    | 0        |
| time/              |          |
|    episodes        | 1124     |
|    fps             | 271      |
|    time_elapsed    | 423      |
|    total_timesteps | 115200   |
---------------------------------
---------------------------------
| rollout/           |          |
|    ep_len_mean     | 100      |
|    ep_rew_mean     | -100     |
|    success_rate    | 0        |
| time/              |          |
|    episodes        | 1128     |
|    fps             | 271      |
|    time_elapsed    | 423      |
|    total_timesteps | 115200   |
---------------------------------
---------------------------------
| rollout/           |          |
|    ep_len_mean     | 100      |
|    ep_rew_mean     | -100     |
|    success_rate    | 0        |
| time/              |          |
|    episodes        | 1132     |
|    fps             | 271      |
|    time_elapsed    | 423      |
|    total_timesteps | 115200   |
---------------------------------
---------------------------------
| rollout/           |          |
|    ep_len_mean     | 100      |
|    ep_rew_mean     | -100     |
|    success_rate    | 0        |
| time/              |          |
|    episodes        | 1136     |
|    fps             | 271      |
|    time_elapsed    | 423      |
|    total_timesteps | 115200   |
---------------------------------
---------------------------------
| rollout/           |          |
|    ep_len_mean     | 100      |
|    ep_rew_mean     | -100     |
|    success_rate    | 0        |
| time/              |          |
|    episodes        | 1140     |
|    fps             | 271      |
|    time_elapsed    | 423      |
|    total_timesteps | 115200   |
---------------------------------
---------------------------------
| rollout/           |          |
|    ep_len_mean     | 100      |
|    ep_rew_mean     | -100     |
|    success_rate    | 0        |
| time/              |          |
|    episodes        | 1144     |
|    fps             | 271      |
|    time_elapsed    | 423      |
|    total_timesteps | 115200   |
---------------------------------
---------------------------------
| rollout/           |          |
|    ep_len_mean     | 100      |
|    ep_rew_mean     | -100     |
|    success_rate    | 0        |
| time/              |          |
|    episodes        | 1148     |
|    fps             | 271      |
|    time_elapsed    | 423      |
|    total_timesteps | 115200   |
---------------------------------
---------------------------------
| rollout/           |          |
|    ep_len_mean     | 100      |
|    ep_rew_mean     | -100     |
|    success_rate    | 0        |
| time/              |          |
|    episodes        | 1152     |
|    fps             | 271      |
|    time_elapsed    | 423      |
|    total_timesteps | 115200   |
---------------------------------
---------------------------------
| rollout/           |          |
|    ep_len_mean     | 100      |
|    ep_rew_mean     | -100     |
|    success_rate    | 0        |
| time/              |          |
|    episodes        | 1156     |
|    fps             | 274      |
|    time_elapsed    | 432      |
|    total_timesteps | 118800   |
| train/             |          |
|    actor_loss      | -16.3    |
|    critic_loss     | 0.00624  |
|    ent_coef        | 0.0488   |
|    ent_coef_loss   | -101     |
|    learning_rate   | 0.001    |
|    n_updates       | 3022     |
---------------------------------
---------------------------------
| rollout/           |          |
|    ep_len_mean     | 100      |
|    ep_rew_mean     | -100     |
|    success_rate    | 0        |
| time/              |          |
|    episodes        | 1160     |
|    fps             | 274      |
|    time_elapsed    | 432      |
|    total_timesteps | 118800   |
---------------------------------
---------------------------------
| rollout/           |          |
|    ep_len_mean     | 100      |
|    ep_rew_mean     | -100     |
|    success_rate    | 0        |
| time/              |          |
|    episodes        | 1164     |
|    fps             | 274      |
|    time_elapsed    | 432      |
|    total_timesteps | 118800   |
---------------------------------
---------------------------------
| rollout/           |          |
|    ep_len_mean     | 100      |
|    ep_rew_mean     | -100     |
|    success_rate    | 0        |
| time/              |          |
|    episodes        | 1168     |
|    fps             | 274      |
|    time_elapsed    | 432      |
|    total_timesteps | 118800   |
---------------------------------
---------------------------------
| rollout/           |          |
|    ep_len_mean     | 100      |
|    ep_rew_mean     | -100     |
|    success_rate    | 0        |
| time/              |          |
|    episodes        | 1172     |
|    fps             | 274      |
|    time_elapsed    | 432      |
|    total_timesteps | 118800   |
---------------------------------
---------------------------------
| rollout/           |          |
|    ep_len_mean     | 100      |
|    ep_rew_mean     | -100     |
|    success_rate    | 0        |
| time/              |          |
|    episodes        | 1176     |
|    fps             | 274      |
|    time_elapsed    | 432      |
|    total_timesteps | 118800   |
---------------------------------
---------------------------------
| rollout/           |          |
|    ep_len_mean     | 100      |
|    ep_rew_mean     | -100     |
|    success_rate    | 0        |
| time/              |          |
|    episodes        | 1180     |
|    fps             | 274      |
|    time_elapsed    | 432      |
|    total_timesteps | 118800   |
---------------------------------
---------------------------------
| rollout/           |          |
|    ep_len_mean     | 100      |
|    ep_rew_mean     | -100     |
|    success_rate    | 0        |
| time/              |          |
|    episodes        | 1184     |
|    fps             | 274      |
|    time_elapsed    | 432      |
|    total_timesteps | 118800   |
---------------------------------
---------------------------------
| rollout/           |          |
|    ep_len_mean     | 100      |
|    ep_rew_mean     | -100     |
|    success_rate    | 0        |
| time/              |          |
|    episodes        | 1188     |
|    fps             | 274      |
|    time_elapsed    | 432      |
|    total_timesteps | 118800   |
---------------------------------

Running evaluation at 120096 timesteps...
Successfully copied normalization stats
Evaluation results: {'eval/mean_reward': np.float32(-100.0), 'eval/std_reward': np.float32(0.0), 'eval/success_rate': np.float64(0.0)}
---------------------------------
| rollout/           |          |
|    ep_len_mean     | 100      |
|    ep_rew_mean     | -100     |
|    success_rate    | 0        |
| time/              |          |
|    episodes        | 1192     |
|    fps             | 260      |
|    time_elapsed    | 469      |
|    total_timesteps | 122400   |
| train/             |          |
|    actor_loss      | -14.4    |
|    critic_loss     | 0.00511  |
|    ent_coef        | 0.0442   |
|    ent_coef_loss   | -104     |
|    learning_rate   | 0.001    |
|    n_updates       | 3122     |
---------------------------------
---------------------------------
| rollout/           |          |
|    ep_len_mean     | 100      |
|    ep_rew_mean     | -100     |
|    success_rate    | 0        |
| time/              |          |
|    episodes        | 1196     |
|    fps             | 260      |
|    time_elapsed    | 469      |
|    total_timesteps | 122400   |
---------------------------------
---------------------------------
| rollout/           |          |
|    ep_len_mean     | 100      |
|    ep_rew_mean     | -100     |
|    success_rate    | 0        |
| time/              |          |
|    episodes        | 1200     |
|    fps             | 260      |
|    time_elapsed    | 469      |
|    total_timesteps | 122400   |
---------------------------------
---------------------------------
| rollout/           |          |
|    ep_len_mean     | 100      |
|    ep_rew_mean     | -100     |
|    success_rate    | 0        |
| time/              |          |
|    episodes        | 1204     |
|    fps             | 260      |
|    time_elapsed    | 469      |
|    total_timesteps | 122400   |
---------------------------------
---------------------------------
| rollout/           |          |
|    ep_len_mean     | 100      |
|    ep_rew_mean     | -100     |
|    success_rate    | 0        |
| time/              |          |
|    episodes        | 1208     |
|    fps             | 260      |
|    time_elapsed    | 469      |
|    total_timesteps | 122400   |
---------------------------------
---------------------------------
| rollout/           |          |
|    ep_len_mean     | 100      |
|    ep_rew_mean     | -100     |
|    success_rate    | 0        |
| time/              |          |
|    episodes        | 1212     |
|    fps             | 260      |
|    time_elapsed    | 469      |
|    total_timesteps | 122400   |
---------------------------------
---------------------------------
| rollout/           |          |
|    ep_len_mean     | 100      |
|    ep_rew_mean     | -100     |
|    success_rate    | 0        |
| time/              |          |
|    episodes        | 1216     |
|    fps             | 260      |
|    time_elapsed    | 469      |
|    total_timesteps | 122400   |
---------------------------------
---------------------------------
| rollout/           |          |
|    ep_len_mean     | 100      |
|    ep_rew_mean     | -100     |
|    success_rate    | 0        |
| time/              |          |
|    episodes        | 1220     |
|    fps             | 260      |
|    time_elapsed    | 469      |
|    total_timesteps | 122400   |
---------------------------------
---------------------------------
| rollout/           |          |
|    ep_len_mean     | 100      |
|    ep_rew_mean     | -100     |
|    success_rate    | 0        |
| time/              |          |
|    episodes        | 1224     |
|    fps             | 260      |
|    time_elapsed    | 469      |
|    total_timesteps | 122400   |
---------------------------------
---------------------------------
| rollout/           |          |
|    ep_len_mean     | 100      |
|    ep_rew_mean     | -100     |
|    success_rate    | 0        |
| time/              |          |
|    episodes        | 1228     |
|    fps             | 263      |
|    time_elapsed    | 477      |
|    total_timesteps | 126000   |
| train/             |          |
|    actor_loss      | -12.8    |
|    critic_loss     | 0.00465  |
|    ent_coef        | 0.0399   |
|    ent_coef_loss   | -107     |
|    learning_rate   | 0.001    |
|    n_updates       | 3222     |
---------------------------------
---------------------------------
| rollout/           |          |
|    ep_len_mean     | 100      |
|    ep_rew_mean     | -100     |
|    success_rate    | 0        |
| time/              |          |
|    episodes        | 1232     |
|    fps             | 263      |
|    time_elapsed    | 477      |
|    total_timesteps | 126000   |
---------------------------------
---------------------------------
| rollout/           |          |
|    ep_len_mean     | 100      |
|    ep_rew_mean     | -100     |
|    success_rate    | 0        |
| time/              |          |
|    episodes        | 1236     |
|    fps             | 263      |
|    time_elapsed    | 477      |
|    total_timesteps | 126000   |
---------------------------------
---------------------------------
| rollout/           |          |
|    ep_len_mean     | 100      |
|    ep_rew_mean     | -100     |
|    success_rate    | 0        |
| time/              |          |
|    episodes        | 1240     |
|    fps             | 263      |
|    time_elapsed    | 477      |
|    total_timesteps | 126000   |
---------------------------------
---------------------------------
| rollout/           |          |
|    ep_len_mean     | 100      |
|    ep_rew_mean     | -100     |
|    success_rate    | 0        |
| time/              |          |
|    episodes        | 1244     |
|    fps             | 263      |
|    time_elapsed    | 477      |
|    total_timesteps | 126000   |
---------------------------------
---------------------------------
| rollout/           |          |
|    ep_len_mean     | 100      |
|    ep_rew_mean     | -100     |
|    success_rate    | 0        |
| time/              |          |
|    episodes        | 1248     |
|    fps             | 263      |
|    time_elapsed    | 477      |
|    total_timesteps | 126000   |
---------------------------------
---------------------------------
| rollout/           |          |
|    ep_len_mean     | 100      |
|    ep_rew_mean     | -100     |
|    success_rate    | 0        |
| time/              |          |
|    episodes        | 1252     |
|    fps             | 263      |
|    time_elapsed    | 477      |
|    total_timesteps | 126000   |
---------------------------------
---------------------------------
| rollout/           |          |
|    ep_len_mean     | 100      |
|    ep_rew_mean     | -100     |
|    success_rate    | 0        |
| time/              |          |
|    episodes        | 1256     |
|    fps             | 263      |
|    time_elapsed    | 477      |
|    total_timesteps | 126000   |
---------------------------------
---------------------------------
| rollout/           |          |
|    ep_len_mean     | 100      |
|    ep_rew_mean     | -100     |
|    success_rate    | 0        |
| time/              |          |
|    episodes        | 1260     |
|    fps             | 263      |
|    time_elapsed    | 477      |
|    total_timesteps | 126000   |
---------------------------------
---------------------------------
| rollout/           |          |
|    ep_len_mean     | 100      |
|    ep_rew_mean     | -100     |
|    success_rate    | 0        |
| time/              |          |
|    episodes        | 1264     |
|    fps             | 266      |
|    time_elapsed    | 486      |
|    total_timesteps | 129600   |
| train/             |          |
|    actor_loss      | -11.3    |
|    critic_loss     | 0.00394  |
|    ent_coef        | 0.0361   |
|    ent_coef_loss   | -111     |
|    learning_rate   | 0.001    |
|    n_updates       | 3322     |
---------------------------------
---------------------------------
| rollout/           |          |
|    ep_len_mean     | 100      |
|    ep_rew_mean     | -100     |
|    success_rate    | 0        |
| time/              |          |
|    episodes        | 1268     |
|    fps             | 266      |
|    time_elapsed    | 486      |
|    total_timesteps | 129600   |
---------------------------------
---------------------------------
| rollout/           |          |
|    ep_len_mean     | 100      |
|    ep_rew_mean     | -100     |
|    success_rate    | 0        |
| time/              |          |
|    episodes        | 1272     |
|    fps             | 266      |
|    time_elapsed    | 486      |
|    total_timesteps | 129600   |
---------------------------------
---------------------------------
| rollout/           |          |
|    ep_len_mean     | 100      |
|    ep_rew_mean     | -100     |
|    success_rate    | 0        |
| time/              |          |
|    episodes        | 1276     |
|    fps             | 266      |
|    time_elapsed    | 486      |
|    total_timesteps | 129600   |
---------------------------------
---------------------------------
| rollout/           |          |
|    ep_len_mean     | 100      |
|    ep_rew_mean     | -100     |
|    success_rate    | 0        |
| time/              |          |
|    episodes        | 1280     |
|    fps             | 266      |
|    time_elapsed    | 486      |
|    total_timesteps | 129600   |
---------------------------------
---------------------------------
| rollout/           |          |
|    ep_len_mean     | 100      |
|    ep_rew_mean     | -100     |
|    success_rate    | 0        |
| time/              |          |
|    episodes        | 1284     |
|    fps             | 266      |
|    time_elapsed    | 486      |
|    total_timesteps | 129600   |
---------------------------------
---------------------------------
| rollout/           |          |
|    ep_len_mean     | 100      |
|    ep_rew_mean     | -100     |
|    success_rate    | 0        |
| time/              |          |
|    episodes        | 1288     |
|    fps             | 266      |
|    time_elapsed    | 486      |
|    total_timesteps | 129600   |
---------------------------------
---------------------------------
| rollout/           |          |
|    ep_len_mean     | 100      |
|    ep_rew_mean     | -100     |
|    success_rate    | 0        |
| time/              |          |
|    episodes        | 1292     |
|    fps             | 266      |
|    time_elapsed    | 486      |
|    total_timesteps | 129600   |
---------------------------------
---------------------------------
| rollout/           |          |
|    ep_len_mean     | 100      |
|    ep_rew_mean     | -100     |
|    success_rate    | 0        |
| time/              |          |
|    episodes        | 1296     |
|    fps             | 266      |
|    time_elapsed    | 486      |
|    total_timesteps | 129600   |
---------------------------------
---------------------------------
| rollout/           |          |
|    ep_len_mean     | 100      |
|    ep_rew_mean     | -100     |
|    success_rate    | 0        |
| time/              |          |
|    episodes        | 1300     |
|    fps             | 269      |
|    time_elapsed    | 495      |
|    total_timesteps | 133200   |
| train/             |          |
|    actor_loss      | -9.9     |
|    critic_loss     | 0.00378  |
|    ent_coef        | 0.0326   |
|    ent_coef_loss   | -114     |
|    learning_rate   | 0.001    |
|    n_updates       | 3422     |
---------------------------------
---------------------------------
| rollout/           |          |
|    ep_len_mean     | 100      |
|    ep_rew_mean     | -100     |
|    success_rate    | 0        |
| time/              |          |
|    episodes        | 1304     |
|    fps             | 268      |
|    time_elapsed    | 495      |
|    total_timesteps | 133200   |
---------------------------------
---------------------------------
| rollout/           |          |
|    ep_len_mean     | 100      |
|    ep_rew_mean     | -100     |
|    success_rate    | 0        |
| time/              |          |
|    episodes        | 1308     |
|    fps             | 268      |
|    time_elapsed    | 495      |
|    total_timesteps | 133200   |
---------------------------------
---------------------------------
| rollout/           |          |
|    ep_len_mean     | 100      |
|    ep_rew_mean     | -100     |
|    success_rate    | 0        |
| time/              |          |
|    episodes        | 1312     |
|    fps             | 268      |
|    time_elapsed    | 495      |
|    total_timesteps | 133200   |
---------------------------------
---------------------------------
| rollout/           |          |
|    ep_len_mean     | 100      |
|    ep_rew_mean     | -100     |
|    success_rate    | 0        |
| time/              |          |
|    episodes        | 1316     |
|    fps             | 268      |
|    time_elapsed    | 495      |
|    total_timesteps | 133200   |
---------------------------------
---------------------------------
| rollout/           |          |
|    ep_len_mean     | 100      |
|    ep_rew_mean     | -100     |
|    success_rate    | 0        |
| time/              |          |
|    episodes        | 1320     |
|    fps             | 268      |
|    time_elapsed    | 495      |
|    total_timesteps | 133200   |
---------------------------------
---------------------------------
| rollout/           |          |
|    ep_len_mean     | 100      |
|    ep_rew_mean     | -100     |
|    success_rate    | 0        |
| time/              |          |
|    episodes        | 1324     |
|    fps             | 268      |
|    time_elapsed    | 495      |
|    total_timesteps | 133200   |
---------------------------------
---------------------------------
| rollout/           |          |
|    ep_len_mean     | 100      |
|    ep_rew_mean     | -100     |
|    success_rate    | 0        |
| time/              |          |
|    episodes        | 1328     |
|    fps             | 268      |
|    time_elapsed    | 495      |
|    total_timesteps | 133200   |
---------------------------------
---------------------------------
| rollout/           |          |
|    ep_len_mean     | 100      |
|    ep_rew_mean     | -100     |
|    success_rate    | 0        |
| time/              |          |
|    episodes        | 1332     |
|    fps             | 268      |
|    time_elapsed    | 495      |
|    total_timesteps | 133200   |
---------------------------------
---------------------------------
| rollout/           |          |
|    ep_len_mean     | 100      |
|    ep_rew_mean     | -100     |
|    success_rate    | 0        |
| time/              |          |
|    episodes        | 1336     |
|    fps             | 270      |
|    time_elapsed    | 506      |
|    total_timesteps | 136800   |
| train/             |          |
|    actor_loss      | -8.72    |
|    critic_loss     | 0.00308  |
|    ent_coef        | 0.0295   |
|    ent_coef_loss   | -118     |
|    learning_rate   | 0.001    |
|    n_updates       | 3522     |
---------------------------------
---------------------------------
| rollout/           |          |
|    ep_len_mean     | 100      |
|    ep_rew_mean     | -100     |
|    success_rate    | 0        |
| time/              |          |
|    episodes        | 1340     |
|    fps             | 270      |
|    time_elapsed    | 506      |
|    total_timesteps | 136800   |
---------------------------------
---------------------------------
| rollout/           |          |
|    ep_len_mean     | 100      |
|    ep_rew_mean     | -100     |
|    success_rate    | 0        |
| time/              |          |
|    episodes        | 1344     |
|    fps             | 270      |
|    time_elapsed    | 506      |
|    total_timesteps | 136800   |
---------------------------------
---------------------------------
| rollout/           |          |
|    ep_len_mean     | 100      |
|    ep_rew_mean     | -100     |
|    success_rate    | 0        |
| time/              |          |
|    episodes        | 1348     |
|    fps             | 270      |
|    time_elapsed    | 506      |
|    total_timesteps | 136800   |
---------------------------------
---------------------------------
| rollout/           |          |
|    ep_len_mean     | 100      |
|    ep_rew_mean     | -100     |
|    success_rate    | 0        |
| time/              |          |
|    episodes        | 1352     |
|    fps             | 270      |
|    time_elapsed    | 506      |
|    total_timesteps | 136800   |
---------------------------------
---------------------------------
| rollout/           |          |
|    ep_len_mean     | 100      |
|    ep_rew_mean     | -100     |
|    success_rate    | 0        |
| time/              |          |
|    episodes        | 1356     |
|    fps             | 270      |
|    time_elapsed    | 506      |
|    total_timesteps | 136800   |
---------------------------------
---------------------------------
| rollout/           |          |
|    ep_len_mean     | 100      |
|    ep_rew_mean     | -100     |
|    success_rate    | 0        |
| time/              |          |
|    episodes        | 1360     |
|    fps             | 270      |
|    time_elapsed    | 506      |
|    total_timesteps | 136800   |
---------------------------------
---------------------------------
| rollout/           |          |
|    ep_len_mean     | 100      |
|    ep_rew_mean     | -100     |
|    success_rate    | 0        |
| time/              |          |
|    episodes        | 1364     |
|    fps             | 270      |
|    time_elapsed    | 506      |
|    total_timesteps | 136800   |
---------------------------------
---------------------------------
| rollout/           |          |
|    ep_len_mean     | 100      |
|    ep_rew_mean     | -100     |
|    success_rate    | 0        |
| time/              |          |
|    episodes        | 1368     |
|    fps             | 270      |
|    time_elapsed    | 506      |
|    total_timesteps | 136800   |
---------------------------------

Running evaluation at 140112 timesteps...
Successfully copied normalization stats
Evaluation results: {'eval/mean_reward': np.float32(-100.0), 'eval/std_reward': np.float32(0.0), 'eval/success_rate': np.float64(0.0)}
---------------------------------
| rollout/           |          |
|    ep_len_mean     | 100      |
|    ep_rew_mean     | -100     |
|    success_rate    | 0        |
| time/              |          |
|    episodes        | 1372     |
|    fps             | 259      |
|    time_elapsed    | 542      |
|    total_timesteps | 140400   |
| train/             |          |
|    actor_loss      | -7.64    |
|    critic_loss     | 0.0032   |
|    ent_coef        | 0.0267   |
|    ent_coef_loss   | -121     |
|    learning_rate   | 0.001    |
|    n_updates       | 3622     |
---------------------------------
---------------------------------
| rollout/           |          |
|    ep_len_mean     | 100      |
|    ep_rew_mean     | -100     |
|    success_rate    | 0        |
| time/              |          |
|    episodes        | 1376     |
|    fps             | 258      |
|    time_elapsed    | 542      |
|    total_timesteps | 140400   |
---------------------------------
---------------------------------
| rollout/           |          |
|    ep_len_mean     | 100      |
|    ep_rew_mean     | -100     |
|    success_rate    | 0        |
| time/              |          |
|    episodes        | 1380     |
|    fps             | 258      |
|    time_elapsed    | 542      |
|    total_timesteps | 140400   |
---------------------------------
---------------------------------
| rollout/           |          |
|    ep_len_mean     | 100      |
|    ep_rew_mean     | -100     |
|    success_rate    | 0        |
| time/              |          |
|    episodes        | 1384     |
|    fps             | 258      |
|    time_elapsed    | 542      |
|    total_timesteps | 140400   |
---------------------------------
---------------------------------
| rollout/           |          |
|    ep_len_mean     | 100      |
|    ep_rew_mean     | -100     |
|    success_rate    | 0        |
| time/              |          |
|    episodes        | 1388     |
|    fps             | 258      |
|    time_elapsed    | 542      |
|    total_timesteps | 140400   |
---------------------------------
---------------------------------
| rollout/           |          |
|    ep_len_mean     | 100      |
|    ep_rew_mean     | -100     |
|    success_rate    | 0        |
| time/              |          |
|    episodes        | 1392     |
|    fps             | 258      |
|    time_elapsed    | 542      |
|    total_timesteps | 140400   |
---------------------------------
---------------------------------
| rollout/           |          |
|    ep_len_mean     | 100      |
|    ep_rew_mean     | -100     |
|    success_rate    | 0        |
| time/              |          |
|    episodes        | 1396     |
|    fps             | 258      |
|    time_elapsed    | 542      |
|    total_timesteps | 140400   |
---------------------------------
---------------------------------
| rollout/           |          |
|    ep_len_mean     | 100      |
|    ep_rew_mean     | -100     |
|    success_rate    | 0        |
| time/              |          |
|    episodes        | 1400     |
|    fps             | 258      |
|    time_elapsed    | 542      |
|    total_timesteps | 140400   |
---------------------------------
---------------------------------
| rollout/           |          |
|    ep_len_mean     | 100      |
|    ep_rew_mean     | -100     |
|    success_rate    | 0        |
| time/              |          |
|    episodes        | 1404     |
|    fps             | 258      |
|    time_elapsed    | 542      |
|    total_timesteps | 140400   |
---------------------------------
---------------------------------
| rollout/           |          |
|    ep_len_mean     | 100      |
|    ep_rew_mean     | -100     |
|    success_rate    | 0        |
| time/              |          |
|    episodes        | 1408     |
|    fps             | 261      |
|    time_elapsed    | 550      |
|    total_timesteps | 144000   |
| train/             |          |
|    actor_loss      | -6.63    |
|    critic_loss     | 0.00262  |
|    ent_coef        | 0.0241   |
|    ent_coef_loss   | -125     |
|    learning_rate   | 0.001    |
|    n_updates       | 3722     |
---------------------------------
---------------------------------
| rollout/           |          |
|    ep_len_mean     | 100      |
|    ep_rew_mean     | -100     |
|    success_rate    | 0        |
| time/              |          |
|    episodes        | 1412     |
|    fps             | 261      |
|    time_elapsed    | 550      |
|    total_timesteps | 144000   |
---------------------------------
---------------------------------
| rollout/           |          |
|    ep_len_mean     | 100      |
|    ep_rew_mean     | -100     |
|    success_rate    | 0        |
| time/              |          |
|    episodes        | 1416     |
|    fps             | 261      |
|    time_elapsed    | 550      |
|    total_timesteps | 144000   |
---------------------------------
---------------------------------
| rollout/           |          |
|    ep_len_mean     | 100      |
|    ep_rew_mean     | -100     |
|    success_rate    | 0        |
| time/              |          |
|    episodes        | 1420     |
|    fps             | 261      |
|    time_elapsed    | 550      |
|    total_timesteps | 144000   |
---------------------------------
---------------------------------
| rollout/           |          |
|    ep_len_mean     | 100      |
|    ep_rew_mean     | -100     |
|    success_rate    | 0        |
| time/              |          |
|    episodes        | 1424     |
|    fps             | 261      |
|    time_elapsed    | 550      |
|    total_timesteps | 144000   |
---------------------------------
---------------------------------
| rollout/           |          |
|    ep_len_mean     | 100      |
|    ep_rew_mean     | -100     |
|    success_rate    | 0        |
| time/              |          |
|    episodes        | 1428     |
|    fps             | 261      |
|    time_elapsed    | 550      |
|    total_timesteps | 144000   |
---------------------------------
---------------------------------
| rollout/           |          |
|    ep_len_mean     | 100      |
|    ep_rew_mean     | -100     |
|    success_rate    | 0        |
| time/              |          |
|    episodes        | 1432     |
|    fps             | 261      |
|    time_elapsed    | 550      |
|    total_timesteps | 144000   |
---------------------------------
---------------------------------
| rollout/           |          |
|    ep_len_mean     | 100      |
|    ep_rew_mean     | -100     |
|    success_rate    | 0        |
| time/              |          |
|    episodes        | 1436     |
|    fps             | 261      |
|    time_elapsed    | 550      |
|    total_timesteps | 144000   |
---------------------------------
---------------------------------
| rollout/           |          |
|    ep_len_mean     | 100      |
|    ep_rew_mean     | -100     |
|    success_rate    | 0        |
| time/              |          |
|    episodes        | 1440     |
|    fps             | 261      |
|    time_elapsed    | 550      |
|    total_timesteps | 144000   |
---------------------------------
---------------------------------
| rollout/           |          |
|    ep_len_mean     | 100      |
|    ep_rew_mean     | -100     |
|    success_rate    | 0        |
| time/              |          |
|    episodes        | 1444     |
|    fps             | 263      |
|    time_elapsed    | 559      |
|    total_timesteps | 147600   |
| train/             |          |
|    actor_loss      | -5.76    |
|    critic_loss     | 0.0025   |
|    ent_coef        | 0.0218   |
|    ent_coef_loss   | -128     |
|    learning_rate   | 0.001    |
|    n_updates       | 3822     |
---------------------------------
---------------------------------
| rollout/           |          |
|    ep_len_mean     | 100      |
|    ep_rew_mean     | -100     |
|    success_rate    | 0        |
| time/              |          |
|    episodes        | 1448     |
|    fps             | 263      |
|    time_elapsed    | 559      |
|    total_timesteps | 147600   |
---------------------------------
---------------------------------
| rollout/           |          |
|    ep_len_mean     | 100      |
|    ep_rew_mean     | -100     |
|    success_rate    | 0        |
| time/              |          |
|    episodes        | 1452     |
|    fps             | 263      |
|    time_elapsed    | 559      |
|    total_timesteps | 147600   |
---------------------------------
---------------------------------
| rollout/           |          |
|    ep_len_mean     | 100      |
|    ep_rew_mean     | -100     |
|    success_rate    | 0        |
| time/              |          |
|    episodes        | 1456     |
|    fps             | 263      |
|    time_elapsed    | 559      |
|    total_timesteps | 147600   |
---------------------------------
---------------------------------
| rollout/           |          |
|    ep_len_mean     | 100      |
|    ep_rew_mean     | -100     |
|    success_rate    | 0        |
| time/              |          |
|    episodes        | 1460     |
|    fps             | 263      |
|    time_elapsed    | 559      |
|    total_timesteps | 147600   |
---------------------------------
---------------------------------
| rollout/           |          |
|    ep_len_mean     | 100      |
|    ep_rew_mean     | -100     |
|    success_rate    | 0        |
| time/              |          |
|    episodes        | 1464     |
|    fps             | 263      |
|    time_elapsed    | 559      |
|    total_timesteps | 147600   |
---------------------------------
---------------------------------
| rollout/           |          |
|    ep_len_mean     | 100      |
|    ep_rew_mean     | -100     |
|    success_rate    | 0        |
| time/              |          |
|    episodes        | 1468     |
|    fps             | 263      |
|    time_elapsed    | 559      |
|    total_timesteps | 147600   |
---------------------------------
---------------------------------
| rollout/           |          |
|    ep_len_mean     | 100      |
|    ep_rew_mean     | -100     |
|    success_rate    | 0        |
| time/              |          |
|    episodes        | 1472     |
|    fps             | 263      |
|    time_elapsed    | 559      |
|    total_timesteps | 147600   |
---------------------------------
---------------------------------
| rollout/           |          |
|    ep_len_mean     | 100      |
|    ep_rew_mean     | -100     |
|    success_rate    | 0        |
| time/              |          |
|    episodes        | 1476     |
|    fps             | 263      |
|    time_elapsed    | 559      |
|    total_timesteps | 147600   |
---------------------------------
---------------------------------
| rollout/           |          |
|    ep_len_mean     | 100      |
|    ep_rew_mean     | -100     |
|    success_rate    | 0        |
| time/              |          |
|    episodes        | 1480     |
|    fps             | 265      |
|    time_elapsed    | 568      |
|    total_timesteps | 151200   |
| train/             |          |
|    actor_loss      | -4.94    |
|    critic_loss     | 0.0024   |
|    ent_coef        | 0.0198   |
|    ent_coef_loss   | -131     |
|    learning_rate   | 0.001    |
|    n_updates       | 3922     |
---------------------------------
---------------------------------
| rollout/           |          |
|    ep_len_mean     | 100      |
|    ep_rew_mean     | -100     |
|    success_rate    | 0        |
| time/              |          |
|    episodes        | 1484     |
|    fps             | 265      |
|    time_elapsed    | 568      |
|    total_timesteps | 151200   |
---------------------------------
---------------------------------
| rollout/           |          |
|    ep_len_mean     | 100      |
|    ep_rew_mean     | -100     |
|    success_rate    | 0        |
| time/              |          |
|    episodes        | 1488     |
|    fps             | 265      |
|    time_elapsed    | 568      |
|    total_timesteps | 151200   |
---------------------------------
---------------------------------
| rollout/           |          |
|    ep_len_mean     | 100      |
|    ep_rew_mean     | -100     |
|    success_rate    | 0        |
| time/              |          |
|    episodes        | 1492     |
|    fps             | 265      |
|    time_elapsed    | 568      |
|    total_timesteps | 151200   |
---------------------------------
---------------------------------
| rollout/           |          |
|    ep_len_mean     | 100      |
|    ep_rew_mean     | -100     |
|    success_rate    | 0        |
| time/              |          |
|    episodes        | 1496     |
|    fps             | 265      |
|    time_elapsed    | 568      |
|    total_timesteps | 151200   |
---------------------------------
---------------------------------
| rollout/           |          |
|    ep_len_mean     | 100      |
|    ep_rew_mean     | -100     |
|    success_rate    | 0        |
| time/              |          |
|    episodes        | 1500     |
|    fps             | 265      |
|    time_elapsed    | 568      |
|    total_timesteps | 151200   |
---------------------------------
---------------------------------
| rollout/           |          |
|    ep_len_mean     | 100      |
|    ep_rew_mean     | -100     |
|    success_rate    | 0        |
| time/              |          |
|    episodes        | 1504     |
|    fps             | 265      |
|    time_elapsed    | 568      |
|    total_timesteps | 151200   |
---------------------------------
---------------------------------
| rollout/           |          |
|    ep_len_mean     | 100      |
|    ep_rew_mean     | -100     |
|    success_rate    | 0        |
| time/              |          |
|    episodes        | 1508     |
|    fps             | 265      |
|    time_elapsed    | 568      |
|    total_timesteps | 151200   |
---------------------------------
---------------------------------
| rollout/           |          |
|    ep_len_mean     | 100      |
|    ep_rew_mean     | -100     |
|    success_rate    | 0        |
| time/              |          |
|    episodes        | 1512     |
|    fps             | 265      |
|    time_elapsed    | 568      |
|    total_timesteps | 151200   |
---------------------------------
---------------------------------
| rollout/           |          |
|    ep_len_mean     | 100      |
|    ep_rew_mean     | -100     |
|    success_rate    | 0        |
| time/              |          |
|    episodes        | 1516     |
|    fps             | 268      |
|    time_elapsed    | 577      |
|    total_timesteps | 154800   |
| train/             |          |
|    actor_loss      | -4.16    |
|    critic_loss     | 0.00225  |
|    ent_coef        | 0.0179   |
|    ent_coef_loss   | -134     |
|    learning_rate   | 0.001    |
|    n_updates       | 4022     |
---------------------------------
---------------------------------
| rollout/           |          |
|    ep_len_mean     | 100      |
|    ep_rew_mean     | -100     |
|    success_rate    | 0        |
| time/              |          |
|    episodes        | 1520     |
|    fps             | 268      |
|    time_elapsed    | 577      |
|    total_timesteps | 154800   |
---------------------------------
---------------------------------
| rollout/           |          |
|    ep_len_mean     | 100      |
|    ep_rew_mean     | -100     |
|    success_rate    | 0        |
| time/              |          |
|    episodes        | 1524     |
|    fps             | 268      |
|    time_elapsed    | 577      |
|    total_timesteps | 154800   |
---------------------------------
---------------------------------
| rollout/           |          |
|    ep_len_mean     | 100      |
|    ep_rew_mean     | -100     |
|    success_rate    | 0        |
| time/              |          |
|    episodes        | 1528     |
|    fps             | 268      |
|    time_elapsed    | 577      |
|    total_timesteps | 154800   |
---------------------------------
---------------------------------
| rollout/           |          |
|    ep_len_mean     | 100      |
|    ep_rew_mean     | -100     |
|    success_rate    | 0        |
| time/              |          |
|    episodes        | 1532     |
|    fps             | 268      |
|    time_elapsed    | 577      |
|    total_timesteps | 154800   |
---------------------------------
---------------------------------
| rollout/           |          |
|    ep_len_mean     | 100      |
|    ep_rew_mean     | -100     |
|    success_rate    | 0        |
| time/              |          |
|    episodes        | 1536     |
|    fps             | 268      |
|    time_elapsed    | 577      |
|    total_timesteps | 154800   |
---------------------------------
---------------------------------
| rollout/           |          |
|    ep_len_mean     | 100      |
|    ep_rew_mean     | -100     |
|    success_rate    | 0        |
| time/              |          |
|    episodes        | 1540     |
|    fps             | 268      |
|    time_elapsed    | 577      |
|    total_timesteps | 154800   |
---------------------------------
---------------------------------
| rollout/           |          |
|    ep_len_mean     | 100      |
|    ep_rew_mean     | -100     |
|    success_rate    | 0        |
| time/              |          |
|    episodes        | 1544     |
|    fps             | 268      |
|    time_elapsed    | 577      |
|    total_timesteps | 154800   |
---------------------------------
---------------------------------
| rollout/           |          |
|    ep_len_mean     | 100      |
|    ep_rew_mean     | -100     |
|    success_rate    | 0        |
| time/              |          |
|    episodes        | 1548     |
|    fps             | 268      |
|    time_elapsed    | 577      |
|    total_timesteps | 154800   |
---------------------------------
---------------------------------
| rollout/           |          |
|    ep_len_mean     | 100      |
|    ep_rew_mean     | -100     |
|    success_rate    | 0        |
| time/              |          |
|    episodes        | 1552     |
|    fps             | 270      |
|    time_elapsed    | 585      |
|    total_timesteps | 158400   |
| train/             |          |
|    actor_loss      | -3.49    |
|    critic_loss     | 0.00215  |
|    ent_coef        | 0.0162   |
|    ent_coef_loss   | -138     |
|    learning_rate   | 0.001    |
|    n_updates       | 4122     |
---------------------------------
---------------------------------
| rollout/           |          |
|    ep_len_mean     | 100      |
|    ep_rew_mean     | -100     |
|    success_rate    | 0        |
| time/              |          |
|    episodes        | 1556     |
|    fps             | 270      |
|    time_elapsed    | 585      |
|    total_timesteps | 158400   |
---------------------------------
---------------------------------
| rollout/           |          |
|    ep_len_mean     | 100      |
|    ep_rew_mean     | -100     |
|    success_rate    | 0        |
| time/              |          |
|    episodes        | 1560     |
|    fps             | 270      |
|    time_elapsed    | 585      |
|    total_timesteps | 158400   |
---------------------------------
---------------------------------
| rollout/           |          |
|    ep_len_mean     | 100      |
|    ep_rew_mean     | -100     |
|    success_rate    | 0        |
| time/              |          |
|    episodes        | 1564     |
|    fps             | 270      |
|    time_elapsed    | 585      |
|    total_timesteps | 158400   |
---------------------------------
---------------------------------
| rollout/           |          |
|    ep_len_mean     | 100      |
|    ep_rew_mean     | -100     |
|    success_rate    | 0        |
| time/              |          |
|    episodes        | 1568     |
|    fps             | 270      |
|    time_elapsed    | 585      |
|    total_timesteps | 158400   |
---------------------------------
---------------------------------
| rollout/           |          |
|    ep_len_mean     | 100      |
|    ep_rew_mean     | -100     |
|    success_rate    | 0        |
| time/              |          |
|    episodes        | 1572     |
|    fps             | 270      |
|    time_elapsed    | 585      |
|    total_timesteps | 158400   |
---------------------------------
---------------------------------
| rollout/           |          |
|    ep_len_mean     | 100      |
|    ep_rew_mean     | -100     |
|    success_rate    | 0        |
| time/              |          |
|    episodes        | 1576     |
|    fps             | 270      |
|    time_elapsed    | 585      |
|    total_timesteps | 158400   |
---------------------------------
---------------------------------
| rollout/           |          |
|    ep_len_mean     | 100      |
|    ep_rew_mean     | -100     |
|    success_rate    | 0        |
| time/              |          |
|    episodes        | 1580     |
|    fps             | 270      |
|    time_elapsed    | 586      |
|    total_timesteps | 158400   |
---------------------------------
---------------------------------
| rollout/           |          |
|    ep_len_mean     | 100      |
|    ep_rew_mean     | -100     |
|    success_rate    | 0        |
| time/              |          |
|    episodes        | 1584     |
|    fps             | 270      |
|    time_elapsed    | 586      |
|    total_timesteps | 158400   |
---------------------------------

Running evaluation at 160128 timesteps...
Successfully copied normalization stats
Evaluation results: {'eval/mean_reward': np.float32(-100.0), 'eval/std_reward': np.float32(0.0), 'eval/success_rate': np.float64(0.0)}
---------------------------------
| rollout/           |          |
|    ep_len_mean     | 100      |
|    ep_rew_mean     | -100     |
|    success_rate    | 0        |
| time/              |          |
|    episodes        | 1588     |
|    fps             | 260      |
|    time_elapsed    | 620      |
|    total_timesteps | 162000   |
| train/             |          |
|    actor_loss      | -2.9     |
|    critic_loss     | 0.00219  |
|    ent_coef        | 0.0146   |
|    ent_coef_loss   | -141     |
|    learning_rate   | 0.001    |
|    n_updates       | 4222     |
---------------------------------
---------------------------------
| rollout/           |          |
|    ep_len_mean     | 100      |
|    ep_rew_mean     | -100     |
|    success_rate    | 0        |
| time/              |          |
|    episodes        | 1592     |
|    fps             | 260      |
|    time_elapsed    | 620      |
|    total_timesteps | 162000   |
---------------------------------
---------------------------------
| rollout/           |          |
|    ep_len_mean     | 100      |
|    ep_rew_mean     | -100     |
|    success_rate    | 0        |
| time/              |          |
|    episodes        | 1596     |
|    fps             | 260      |
|    time_elapsed    | 620      |
|    total_timesteps | 162000   |
---------------------------------
---------------------------------
| rollout/           |          |
|    ep_len_mean     | 100      |
|    ep_rew_mean     | -100     |
|    success_rate    | 0        |
| time/              |          |
|    episodes        | 1600     |
|    fps             | 260      |
|    time_elapsed    | 620      |
|    total_timesteps | 162000   |
---------------------------------
---------------------------------
| rollout/           |          |
|    ep_len_mean     | 100      |
|    ep_rew_mean     | -100     |
|    success_rate    | 0        |
| time/              |          |
|    episodes        | 1604     |
|    fps             | 260      |
|    time_elapsed    | 620      |
|    total_timesteps | 162000   |
---------------------------------
---------------------------------
| rollout/           |          |
|    ep_len_mean     | 100      |
|    ep_rew_mean     | -100     |
|    success_rate    | 0        |
| time/              |          |
|    episodes        | 1608     |
|    fps             | 260      |
|    time_elapsed    | 620      |
|    total_timesteps | 162000   |
---------------------------------
---------------------------------
| rollout/           |          |
|    ep_len_mean     | 100      |
|    ep_rew_mean     | -100     |
|    success_rate    | 0        |
| time/              |          |
|    episodes        | 1612     |
|    fps             | 260      |
|    time_elapsed    | 620      |
|    total_timesteps | 162000   |
---------------------------------
---------------------------------
| rollout/           |          |
|    ep_len_mean     | 100      |
|    ep_rew_mean     | -100     |
|    success_rate    | 0        |
| time/              |          |
|    episodes        | 1616     |
|    fps             | 260      |
|    time_elapsed    | 620      |
|    total_timesteps | 162000   |
---------------------------------
---------------------------------
| rollout/           |          |
|    ep_len_mean     | 100      |
|    ep_rew_mean     | -100     |
|    success_rate    | 0        |
| time/              |          |
|    episodes        | 1620     |
|    fps             | 260      |
|    time_elapsed    | 620      |
|    total_timesteps | 162000   |
---------------------------------
---------------------------------
| rollout/           |          |
|    ep_len_mean     | 100      |
|    ep_rew_mean     | -100     |
|    success_rate    | 0        |
| time/              |          |
|    episodes        | 1624     |
|    fps             | 263      |
|    time_elapsed    | 629      |
|    total_timesteps | 165600   |
| train/             |          |
|    actor_loss      | -2.36    |
|    critic_loss     | 0.0022   |
|    ent_coef        | 0.0132   |
|    ent_coef_loss   | -144     |
|    learning_rate   | 0.001    |
|    n_updates       | 4322     |
---------------------------------
---------------------------------
| rollout/           |          |
|    ep_len_mean     | 100      |
|    ep_rew_mean     | -100     |
|    success_rate    | 0        |
| time/              |          |
|    episodes        | 1628     |
|    fps             | 263      |
|    time_elapsed    | 629      |
|    total_timesteps | 165600   |
---------------------------------
---------------------------------
| rollout/           |          |
|    ep_len_mean     | 100      |
|    ep_rew_mean     | -100     |
|    success_rate    | 0        |
| time/              |          |
|    episodes        | 1632     |
|    fps             | 263      |
|    time_elapsed    | 629      |
|    total_timesteps | 165600   |
---------------------------------
---------------------------------
| rollout/           |          |
|    ep_len_mean     | 100      |
|    ep_rew_mean     | -100     |
|    success_rate    | 0        |
| time/              |          |
|    episodes        | 1636     |
|    fps             | 263      |
|    time_elapsed    | 629      |
|    total_timesteps | 165600   |
---------------------------------
---------------------------------
| rollout/           |          |
|    ep_len_mean     | 100      |
|    ep_rew_mean     | -100     |
|    success_rate    | 0        |
| time/              |          |
|    episodes        | 1640     |
|    fps             | 263      |
|    time_elapsed    | 629      |
|    total_timesteps | 165600   |
---------------------------------
---------------------------------
| rollout/           |          |
|    ep_len_mean     | 100      |
|    ep_rew_mean     | -100     |
|    success_rate    | 0        |
| time/              |          |
|    episodes        | 1644     |
|    fps             | 263      |
|    time_elapsed    | 629      |
|    total_timesteps | 165600   |
---------------------------------
---------------------------------
| rollout/           |          |
|    ep_len_mean     | 100      |
|    ep_rew_mean     | -100     |
|    success_rate    | 0        |
| time/              |          |
|    episodes        | 1648     |
|    fps             | 263      |
|    time_elapsed    | 629      |
|    total_timesteps | 165600   |
---------------------------------
---------------------------------
| rollout/           |          |
|    ep_len_mean     | 100      |
|    ep_rew_mean     | -100     |
|    success_rate    | 0        |
| time/              |          |
|    episodes        | 1652     |
|    fps             | 263      |
|    time_elapsed    | 629      |
|    total_timesteps | 165600   |
---------------------------------
---------------------------------
| rollout/           |          |
|    ep_len_mean     | 100      |
|    ep_rew_mean     | -100     |
|    success_rate    | 0        |
| time/              |          |
|    episodes        | 1656     |
|    fps             | 263      |
|    time_elapsed    | 629      |
|    total_timesteps | 165600   |
---------------------------------
---------------------------------
| rollout/           |          |
|    ep_len_mean     | 100      |
|    ep_rew_mean     | -100     |
|    success_rate    | 0        |
| time/              |          |
|    episodes        | 1660     |
|    fps             | 265      |
|    time_elapsed    | 637      |
|    total_timesteps | 169200   |
| train/             |          |
|    actor_loss      | -1.87    |
|    critic_loss     | 0.00219  |
|    ent_coef        | 0.012    |
|    ent_coef_loss   | -146     |
|    learning_rate   | 0.001    |
|    n_updates       | 4422     |
---------------------------------
---------------------------------
| rollout/           |          |
|    ep_len_mean     | 100      |
|    ep_rew_mean     | -100     |
|    success_rate    | 0        |
| time/              |          |
|    episodes        | 1664     |
|    fps             | 265      |
|    time_elapsed    | 637      |
|    total_timesteps | 169200   |
---------------------------------
---------------------------------
| rollout/           |          |
|    ep_len_mean     | 100      |
|    ep_rew_mean     | -100     |
|    success_rate    | 0        |
| time/              |          |
|    episodes        | 1668     |
|    fps             | 265      |
|    time_elapsed    | 637      |
|    total_timesteps | 169200   |
---------------------------------
---------------------------------
| rollout/           |          |
|    ep_len_mean     | 100      |
|    ep_rew_mean     | -100     |
|    success_rate    | 0        |
| time/              |          |
|    episodes        | 1672     |
|    fps             | 265      |
|    time_elapsed    | 637      |
|    total_timesteps | 169200   |
---------------------------------
---------------------------------
| rollout/           |          |
|    ep_len_mean     | 100      |
|    ep_rew_mean     | -100     |
|    success_rate    | 0        |
| time/              |          |
|    episodes        | 1676     |
|    fps             | 265      |
|    time_elapsed    | 637      |
|    total_timesteps | 169200   |
---------------------------------
---------------------------------
| rollout/           |          |
|    ep_len_mean     | 100      |
|    ep_rew_mean     | -100     |
|    success_rate    | 0        |
| time/              |          |
|    episodes        | 1680     |
|    fps             | 265      |
|    time_elapsed    | 637      |
|    total_timesteps | 169200   |
---------------------------------
---------------------------------
| rollout/           |          |
|    ep_len_mean     | 100      |
|    ep_rew_mean     | -100     |
|    success_rate    | 0        |
| time/              |          |
|    episodes        | 1684     |
|    fps             | 265      |
|    time_elapsed    | 637      |
|    total_timesteps | 169200   |
---------------------------------
---------------------------------
| rollout/           |          |
|    ep_len_mean     | 100      |
|    ep_rew_mean     | -100     |
|    success_rate    | 0        |
| time/              |          |
|    episodes        | 1688     |
|    fps             | 265      |
|    time_elapsed    | 637      |
|    total_timesteps | 169200   |
---------------------------------
---------------------------------
| rollout/           |          |
|    ep_len_mean     | 100      |
|    ep_rew_mean     | -100     |
|    success_rate    | 0        |
| time/              |          |
|    episodes        | 1692     |
|    fps             | 265      |
|    time_elapsed    | 637      |
|    total_timesteps | 169200   |
---------------------------------
---------------------------------
| rollout/           |          |
|    ep_len_mean     | 100      |
|    ep_rew_mean     | -100     |
|    success_rate    | 0        |
| time/              |          |
|    episodes        | 1696     |
|    fps             | 267      |
|    time_elapsed    | 646      |
|    total_timesteps | 172800   |
| train/             |          |
|    actor_loss      | -1.42    |
|    critic_loss     | 0.00227  |
|    ent_coef        | 0.0108   |
|    ent_coef_loss   | -149     |
|    learning_rate   | 0.001    |
|    n_updates       | 4522     |
---------------------------------
---------------------------------
| rollout/           |          |
|    ep_len_mean     | 100      |
|    ep_rew_mean     | -100     |
|    success_rate    | 0        |
| time/              |          |
|    episodes        | 1700     |
|    fps             | 267      |
|    time_elapsed    | 646      |
|    total_timesteps | 172800   |
---------------------------------
---------------------------------
| rollout/           |          |
|    ep_len_mean     | 100      |
|    ep_rew_mean     | -100     |
|    success_rate    | 0        |
| time/              |          |
|    episodes        | 1704     |
|    fps             | 267      |
|    time_elapsed    | 646      |
|    total_timesteps | 172800   |
---------------------------------
---------------------------------
| rollout/           |          |
|    ep_len_mean     | 100      |
|    ep_rew_mean     | -100     |
|    success_rate    | 0        |
| time/              |          |
|    episodes        | 1708     |
|    fps             | 267      |
|    time_elapsed    | 646      |
|    total_timesteps | 172800   |
---------------------------------
---------------------------------
| rollout/           |          |
|    ep_len_mean     | 100      |
|    ep_rew_mean     | -100     |
|    success_rate    | 0        |
| time/              |          |
|    episodes        | 1712     |
|    fps             | 267      |
|    time_elapsed    | 646      |
|    total_timesteps | 172800   |
---------------------------------
---------------------------------
| rollout/           |          |
|    ep_len_mean     | 100      |
|    ep_rew_mean     | -100     |
|    success_rate    | 0        |
| time/              |          |
|    episodes        | 1716     |
|    fps             | 267      |
|    time_elapsed    | 646      |
|    total_timesteps | 172800   |
---------------------------------
---------------------------------
| rollout/           |          |
|    ep_len_mean     | 100      |
|    ep_rew_mean     | -100     |
|    success_rate    | 0        |
| time/              |          |
|    episodes        | 1720     |
|    fps             | 267      |
|    time_elapsed    | 646      |
|    total_timesteps | 172800   |
---------------------------------
---------------------------------
| rollout/           |          |
|    ep_len_mean     | 100      |
|    ep_rew_mean     | -100     |
|    success_rate    | 0        |
| time/              |          |
|    episodes        | 1724     |
|    fps             | 267      |
|    time_elapsed    | 646      |
|    total_timesteps | 172800   |
---------------------------------
---------------------------------
| rollout/           |          |
|    ep_len_mean     | 100      |
|    ep_rew_mean     | -100     |
|    success_rate    | 0        |
| time/              |          |
|    episodes        | 1728     |
|    fps             | 267      |
|    time_elapsed    | 646      |
|    total_timesteps | 172800   |
---------------------------------
---------------------------------
| rollout/           |          |
|    ep_len_mean     | 100      |
|    ep_rew_mean     | -100     |
|    success_rate    | 0        |
| time/              |          |
|    episodes        | 1732     |
|    fps             | 269      |
|    time_elapsed    | 654      |
|    total_timesteps | 176400   |
| train/             |          |
|    actor_loss      | -0.997   |
|    critic_loss     | 0.00232  |
|    ent_coef        | 0.00982  |
|    ent_coef_loss   | -152     |
|    learning_rate   | 0.001    |
|    n_updates       | 4622     |
---------------------------------
---------------------------------
| rollout/           |          |
|    ep_len_mean     | 100      |
|    ep_rew_mean     | -100     |
|    success_rate    | 0        |
| time/              |          |
|    episodes        | 1736     |
|    fps             | 269      |
|    time_elapsed    | 654      |
|    total_timesteps | 176400   |
---------------------------------
---------------------------------
| rollout/           |          |
|    ep_len_mean     | 100      |
|    ep_rew_mean     | -100     |
|    success_rate    | 0        |
| time/              |          |
|    episodes        | 1740     |
|    fps             | 269      |
|    time_elapsed    | 654      |
|    total_timesteps | 176400   |
---------------------------------
---------------------------------
| rollout/           |          |
|    ep_len_mean     | 100      |
|    ep_rew_mean     | -100     |
|    success_rate    | 0        |
| time/              |          |
|    episodes        | 1744     |
|    fps             | 269      |
|    time_elapsed    | 654      |
|    total_timesteps | 176400   |
---------------------------------
---------------------------------
| rollout/           |          |
|    ep_len_mean     | 100      |
|    ep_rew_mean     | -100     |
|    success_rate    | 0        |
| time/              |          |
|    episodes        | 1748     |
|    fps             | 269      |
|    time_elapsed    | 654      |
|    total_timesteps | 176400   |
---------------------------------
---------------------------------
| rollout/           |          |
|    ep_len_mean     | 100      |
|    ep_rew_mean     | -100     |
|    success_rate    | 0        |
| time/              |          |
|    episodes        | 1752     |
|    fps             | 269      |
|    time_elapsed    | 654      |
|    total_timesteps | 176400   |
---------------------------------
---------------------------------
| rollout/           |          |
|    ep_len_mean     | 100      |
|    ep_rew_mean     | -100     |
|    success_rate    | 0        |
| time/              |          |
|    episodes        | 1756     |
|    fps             | 269      |
|    time_elapsed    | 654      |
|    total_timesteps | 176400   |
---------------------------------
---------------------------------
| rollout/           |          |
|    ep_len_mean     | 100      |
|    ep_rew_mean     | -100     |
|    success_rate    | 0        |
| time/              |          |
|    episodes        | 1760     |
|    fps             | 269      |
|    time_elapsed    | 654      |
|    total_timesteps | 176400   |
---------------------------------
---------------------------------
| rollout/           |          |
|    ep_len_mean     | 100      |
|    ep_rew_mean     | -100     |
|    success_rate    | 0        |
| time/              |          |
|    episodes        | 1764     |
|    fps             | 269      |
|    time_elapsed    | 654      |
|    total_timesteps | 176400   |
---------------------------------
---------------------------------
| rollout/           |          |
|    ep_len_mean     | 100      |
|    ep_rew_mean     | -100     |
|    success_rate    | 0        |
| time/              |          |
|    episodes        | 1768     |
|    fps             | 271      |
|    time_elapsed    | 663      |
|    total_timesteps | 180000   |
| train/             |          |
|    actor_loss      | -0.7     |
|    critic_loss     | 0.00249  |
|    ent_coef        | 0.00889  |
|    ent_coef_loss   | -155     |
|    learning_rate   | 0.001    |
|    n_updates       | 4722     |
---------------------------------
---------------------------------
| rollout/           |          |
|    ep_len_mean     | 100      |
|    ep_rew_mean     | -100     |
|    success_rate    | 0        |
| time/              |          |
|    episodes        | 1772     |
|    fps             | 271      |
|    time_elapsed    | 663      |
|    total_timesteps | 180000   |
---------------------------------
---------------------------------
| rollout/           |          |
|    ep_len_mean     | 100      |
|    ep_rew_mean     | -100     |
|    success_rate    | 0        |
| time/              |          |
|    episodes        | 1776     |
|    fps             | 271      |
|    time_elapsed    | 663      |
|    total_timesteps | 180000   |
---------------------------------
---------------------------------
| rollout/           |          |
|    ep_len_mean     | 100      |
|    ep_rew_mean     | -100     |
|    success_rate    | 0        |
| time/              |          |
|    episodes        | 1780     |
|    fps             | 271      |
|    time_elapsed    | 663      |
|    total_timesteps | 180000   |
---------------------------------
---------------------------------
| rollout/           |          |
|    ep_len_mean     | 100      |
|    ep_rew_mean     | -100     |
|    success_rate    | 0        |
| time/              |          |
|    episodes        | 1784     |
|    fps             | 271      |
|    time_elapsed    | 663      |
|    total_timesteps | 180000   |
---------------------------------
---------------------------------
| rollout/           |          |
|    ep_len_mean     | 100      |
|    ep_rew_mean     | -100     |
|    success_rate    | 0        |
| time/              |          |
|    episodes        | 1788     |
|    fps             | 271      |
|    time_elapsed    | 663      |
|    total_timesteps | 180000   |
---------------------------------
---------------------------------
| rollout/           |          |
|    ep_len_mean     | 100      |
|    ep_rew_mean     | -100     |
|    success_rate    | 0        |
| time/              |          |
|    episodes        | 1792     |
|    fps             | 271      |
|    time_elapsed    | 663      |
|    total_timesteps | 180000   |
---------------------------------
---------------------------------
| rollout/           |          |
|    ep_len_mean     | 100      |
|    ep_rew_mean     | -100     |
|    success_rate    | 0        |
| time/              |          |
|    episodes        | 1796     |
|    fps             | 271      |
|    time_elapsed    | 663      |
|    total_timesteps | 180000   |
---------------------------------
---------------------------------
| rollout/           |          |
|    ep_len_mean     | 100      |
|    ep_rew_mean     | -100     |
|    success_rate    | 0        |
| time/              |          |
|    episodes        | 1800     |
|    fps             | 271      |
|    time_elapsed    | 663      |
|    total_timesteps | 180000   |
---------------------------------

Running evaluation at 180144 timesteps...
Successfully copied normalization stats
Evaluation results: {'eval/mean_reward': np.float32(-100.0), 'eval/std_reward': np.float32(0.0), 'eval/success_rate': np.float64(0.0)}
---------------------------------
| rollout/           |          |
|    ep_len_mean     | 100      |
|    ep_rew_mean     | -100     |
|    success_rate    | 0        |
| time/              |          |
|    episodes        | 1804     |
|    fps             | 263      |
|    time_elapsed    | 698      |
|    total_timesteps | 183600   |
| train/             |          |
|    actor_loss      | -0.374   |
|    critic_loss     | 0.00258  |
|    ent_coef        | 0.00806  |
|    ent_coef_loss   | -156     |
|    learning_rate   | 0.001    |
|    n_updates       | 4822     |
---------------------------------
---------------------------------
| rollout/           |          |
|    ep_len_mean     | 100      |
|    ep_rew_mean     | -100     |
|    success_rate    | 0        |
| time/              |          |
|    episodes        | 1808     |
|    fps             | 262      |
|    time_elapsed    | 698      |
|    total_timesteps | 183600   |
---------------------------------
---------------------------------
| rollout/           |          |
|    ep_len_mean     | 100      |
|    ep_rew_mean     | -100     |
|    success_rate    | 0        |
| time/              |          |
|    episodes        | 1812     |
|    fps             | 262      |
|    time_elapsed    | 698      |
|    total_timesteps | 183600   |
---------------------------------
---------------------------------
| rollout/           |          |
|    ep_len_mean     | 100      |
|    ep_rew_mean     | -100     |
|    success_rate    | 0        |
| time/              |          |
|    episodes        | 1816     |
|    fps             | 262      |
|    time_elapsed    | 698      |
|    total_timesteps | 183600   |
---------------------------------
---------------------------------
| rollout/           |          |
|    ep_len_mean     | 100      |
|    ep_rew_mean     | -100     |
|    success_rate    | 0        |
| time/              |          |
|    episodes        | 1820     |
|    fps             | 262      |
|    time_elapsed    | 698      |
|    total_timesteps | 183600   |
---------------------------------
---------------------------------
| rollout/           |          |
|    ep_len_mean     | 100      |
|    ep_rew_mean     | -100     |
|    success_rate    | 0        |
| time/              |          |
|    episodes        | 1824     |
|    fps             | 262      |
|    time_elapsed    | 698      |
|    total_timesteps | 183600   |
---------------------------------
---------------------------------
| rollout/           |          |
|    ep_len_mean     | 100      |
|    ep_rew_mean     | -100     |
|    success_rate    | 0        |
| time/              |          |
|    episodes        | 1828     |
|    fps             | 262      |
|    time_elapsed    | 698      |
|    total_timesteps | 183600   |
---------------------------------
---------------------------------
| rollout/           |          |
|    ep_len_mean     | 100      |
|    ep_rew_mean     | -100     |
|    success_rate    | 0        |
| time/              |          |
|    episodes        | 1832     |
|    fps             | 262      |
|    time_elapsed    | 698      |
|    total_timesteps | 183600   |
---------------------------------
---------------------------------
| rollout/           |          |
|    ep_len_mean     | 100      |
|    ep_rew_mean     | -100     |
|    success_rate    | 0        |
| time/              |          |
|    episodes        | 1836     |
|    fps             | 262      |
|    time_elapsed    | 698      |
|    total_timesteps | 183600   |
---------------------------------
---------------------------------
| rollout/           |          |
|    ep_len_mean     | 100      |
|    ep_rew_mean     | -100     |
|    success_rate    | 0        |
| time/              |          |
|    episodes        | 1840     |
|    fps             | 264      |
|    time_elapsed    | 706      |
|    total_timesteps | 187200   |
| train/             |          |
|    actor_loss      | -0.161   |
|    critic_loss     | 0.0024   |
|    ent_coef        | 0.00731  |
|    ent_coef_loss   | -158     |
|    learning_rate   | 0.001    |
|    n_updates       | 4922     |
---------------------------------
---------------------------------
| rollout/           |          |
|    ep_len_mean     | 100      |
|    ep_rew_mean     | -100     |
|    success_rate    | 0        |
| time/              |          |
|    episodes        | 1844     |
|    fps             | 264      |
|    time_elapsed    | 706      |
|    total_timesteps | 187200   |
---------------------------------
---------------------------------
| rollout/           |          |
|    ep_len_mean     | 100      |
|    ep_rew_mean     | -100     |
|    success_rate    | 0        |
| time/              |          |
|    episodes        | 1848     |
|    fps             | 264      |
|    time_elapsed    | 706      |
|    total_timesteps | 187200   |
---------------------------------
---------------------------------
| rollout/           |          |
|    ep_len_mean     | 100      |
|    ep_rew_mean     | -100     |
|    success_rate    | 0        |
| time/              |          |
|    episodes        | 1852     |
|    fps             | 264      |
|    time_elapsed    | 706      |
|    total_timesteps | 187200   |
---------------------------------
---------------------------------
| rollout/           |          |
|    ep_len_mean     | 100      |
|    ep_rew_mean     | -100     |
|    success_rate    | 0        |
| time/              |          |
|    episodes        | 1856     |
|    fps             | 264      |
|    time_elapsed    | 706      |
|    total_timesteps | 187200   |
---------------------------------
---------------------------------
| rollout/           |          |
|    ep_len_mean     | 100      |
|    ep_rew_mean     | -100     |
|    success_rate    | 0        |
| time/              |          |
|    episodes        | 1860     |
|    fps             | 264      |
|    time_elapsed    | 706      |
|    total_timesteps | 187200   |
---------------------------------
---------------------------------
| rollout/           |          |
|    ep_len_mean     | 100      |
|    ep_rew_mean     | -100     |
|    success_rate    | 0        |
| time/              |          |
|    episodes        | 1864     |
|    fps             | 264      |
|    time_elapsed    | 706      |
|    total_timesteps | 187200   |
---------------------------------
---------------------------------
| rollout/           |          |
|    ep_len_mean     | 100      |
|    ep_rew_mean     | -100     |
|    success_rate    | 0        |
| time/              |          |
|    episodes        | 1868     |
|    fps             | 264      |
|    time_elapsed    | 706      |
|    total_timesteps | 187200   |
---------------------------------
---------------------------------
| rollout/           |          |
|    ep_len_mean     | 100      |
|    ep_rew_mean     | -100     |
|    success_rate    | 0        |
| time/              |          |
|    episodes        | 1872     |
|    fps             | 264      |
|    time_elapsed    | 706      |
|    total_timesteps | 187200   |
---------------------------------
---------------------------------
| rollout/           |          |
|    ep_len_mean     | 100      |
|    ep_rew_mean     | -100     |
|    success_rate    | 0        |
| time/              |          |
|    episodes        | 1876     |
|    fps             | 266      |
|    time_elapsed    | 715      |
|    total_timesteps | 190800   |
| train/             |          |
|    actor_loss      | 0.116    |
|    critic_loss     | 0.00236  |
|    ent_coef        | 0.00663  |
|    ent_coef_loss   | -158     |
|    learning_rate   | 0.001    |
|    n_updates       | 5022     |
---------------------------------
---------------------------------
| rollout/           |          |
|    ep_len_mean     | 100      |
|    ep_rew_mean     | -100     |
|    success_rate    | 0        |
| time/              |          |
|    episodes        | 1880     |
|    fps             | 266      |
|    time_elapsed    | 715      |
|    total_timesteps | 190800   |
---------------------------------
---------------------------------
| rollout/           |          |
|    ep_len_mean     | 100      |
|    ep_rew_mean     | -100     |
|    success_rate    | 0        |
| time/              |          |
|    episodes        | 1884     |
|    fps             | 266      |
|    time_elapsed    | 715      |
|    total_timesteps | 190800   |
---------------------------------
---------------------------------
| rollout/           |          |
|    ep_len_mean     | 100      |
|    ep_rew_mean     | -100     |
|    success_rate    | 0        |
| time/              |          |
|    episodes        | 1888     |
|    fps             | 266      |
|    time_elapsed    | 715      |
|    total_timesteps | 190800   |
---------------------------------
---------------------------------
| rollout/           |          |
|    ep_len_mean     | 100      |
|    ep_rew_mean     | -100     |
|    success_rate    | 0        |
| time/              |          |
|    episodes        | 1892     |
|    fps             | 266      |
|    time_elapsed    | 715      |
|    total_timesteps | 190800   |
---------------------------------
---------------------------------
| rollout/           |          |
|    ep_len_mean     | 100      |
|    ep_rew_mean     | -100     |
|    success_rate    | 0        |
| time/              |          |
|    episodes        | 1896     |
|    fps             | 266      |
|    time_elapsed    | 715      |
|    total_timesteps | 190800   |
---------------------------------
---------------------------------
| rollout/           |          |
|    ep_len_mean     | 100      |
|    ep_rew_mean     | -100     |
|    success_rate    | 0        |
| time/              |          |
|    episodes        | 1900     |
|    fps             | 266      |
|    time_elapsed    | 715      |
|    total_timesteps | 190800   |
---------------------------------
---------------------------------
| rollout/           |          |
|    ep_len_mean     | 100      |
|    ep_rew_mean     | -100     |
|    success_rate    | 0        |
| time/              |          |
|    episodes        | 1904     |
|    fps             | 266      |
|    time_elapsed    | 715      |
|    total_timesteps | 190800   |
---------------------------------
---------------------------------
| rollout/           |          |
|    ep_len_mean     | 100      |
|    ep_rew_mean     | -100     |
|    success_rate    | 0        |
| time/              |          |
|    episodes        | 1908     |
|    fps             | 266      |
|    time_elapsed    | 715      |
|    total_timesteps | 190800   |
---------------------------------
---------------------------------
| rollout/           |          |
|    ep_len_mean     | 100      |
|    ep_rew_mean     | -100     |
|    success_rate    | 0        |
| time/              |          |
|    episodes        | 1912     |
|    fps             | 267      |
|    time_elapsed    | 725      |
|    total_timesteps | 194400   |
| train/             |          |
|    actor_loss      | 0.381    |
|    critic_loss     | 0.00236  |
|    ent_coef        | 0.00602  |
|    ent_coef_loss   | -163     |
|    learning_rate   | 0.001    |
|    n_updates       | 5122     |
---------------------------------
---------------------------------
| rollout/           |          |
|    ep_len_mean     | 100      |
|    ep_rew_mean     | -100     |
|    success_rate    | 0        |
| time/              |          |
|    episodes        | 1916     |
|    fps             | 267      |
|    time_elapsed    | 725      |
|    total_timesteps | 194400   |
---------------------------------
---------------------------------
| rollout/           |          |
|    ep_len_mean     | 100      |
|    ep_rew_mean     | -100     |
|    success_rate    | 0        |
| time/              |          |
|    episodes        | 1920     |
|    fps             | 267      |
|    time_elapsed    | 725      |
|    total_timesteps | 194400   |
---------------------------------
---------------------------------
| rollout/           |          |
|    ep_len_mean     | 100      |
|    ep_rew_mean     | -100     |
|    success_rate    | 0        |
| time/              |          |
|    episodes        | 1924     |
|    fps             | 267      |
|    time_elapsed    | 725      |
|    total_timesteps | 194400   |
---------------------------------
---------------------------------
| rollout/           |          |
|    ep_len_mean     | 100      |
|    ep_rew_mean     | -100     |
|    success_rate    | 0        |
| time/              |          |
|    episodes        | 1928     |
|    fps             | 267      |
|    time_elapsed    | 725      |
|    total_timesteps | 194400   |
---------------------------------
---------------------------------
| rollout/           |          |
|    ep_len_mean     | 100      |
|    ep_rew_mean     | -100     |
|    success_rate    | 0        |
| time/              |          |
|    episodes        | 1932     |
|    fps             | 267      |
|    time_elapsed    | 725      |
|    total_timesteps | 194400   |
---------------------------------
---------------------------------
| rollout/           |          |
|    ep_len_mean     | 100      |
|    ep_rew_mean     | -100     |
|    success_rate    | 0        |
| time/              |          |
|    episodes        | 1936     |
|    fps             | 267      |
|    time_elapsed    | 725      |
|    total_timesteps | 194400   |
---------------------------------
---------------------------------
| rollout/           |          |
|    ep_len_mean     | 100      |
|    ep_rew_mean     | -100     |
|    success_rate    | 0        |
| time/              |          |
|    episodes        | 1940     |
|    fps             | 267      |
|    time_elapsed    | 725      |
|    total_timesteps | 194400   |
---------------------------------
---------------------------------
| rollout/           |          |
|    ep_len_mean     | 100      |
|    ep_rew_mean     | -100     |
|    success_rate    | 0        |
| time/              |          |
|    episodes        | 1944     |
|    fps             | 267      |
|    time_elapsed    | 725      |
|    total_timesteps | 194400   |
---------------------------------
---------------------------------
| rollout/           |          |
|    ep_len_mean     | 100      |
|    ep_rew_mean     | -100     |
|    success_rate    | 0        |
| time/              |          |
|    episodes        | 1948     |
|    fps             | 269      |
|    time_elapsed    | 734      |
|    total_timesteps | 198000   |
| train/             |          |
|    actor_loss      | 0.574    |
|    critic_loss     | 0.00255  |
|    ent_coef        | 0.00547  |
|    ent_coef_loss   | -162     |
|    learning_rate   | 0.001    |
|    n_updates       | 5222     |
---------------------------------
---------------------------------
| rollout/           |          |
|    ep_len_mean     | 100      |
|    ep_rew_mean     | -100     |
|    success_rate    | 0        |
| time/              |          |
|    episodes        | 1952     |
|    fps             | 269      |
|    time_elapsed    | 734      |
|    total_timesteps | 198000   |
---------------------------------
---------------------------------
| rollout/           |          |
|    ep_len_mean     | 100      |
|    ep_rew_mean     | -100     |
|    success_rate    | 0        |
| time/              |          |
|    episodes        | 1956     |
|    fps             | 269      |
|    time_elapsed    | 734      |
|    total_timesteps | 198000   |
---------------------------------
---------------------------------
| rollout/           |          |
|    ep_len_mean     | 100      |
|    ep_rew_mean     | -100     |
|    success_rate    | 0        |
| time/              |          |
|    episodes        | 1960     |
|    fps             | 269      |
|    time_elapsed    | 734      |
|    total_timesteps | 198000   |
---------------------------------
---------------------------------
| rollout/           |          |
|    ep_len_mean     | 100      |
|    ep_rew_mean     | -100     |
|    success_rate    | 0        |
| time/              |          |
|    episodes        | 1964     |
|    fps             | 269      |
|    time_elapsed    | 734      |
|    total_timesteps | 198000   |
---------------------------------
---------------------------------
| rollout/           |          |
|    ep_len_mean     | 100      |
|    ep_rew_mean     | -100     |
|    success_rate    | 0        |
| time/              |          |
|    episodes        | 1968     |
|    fps             | 269      |
|    time_elapsed    | 734      |
|    total_timesteps | 198000   |
---------------------------------
---------------------------------
| rollout/           |          |
|    ep_len_mean     | 100      |
|    ep_rew_mean     | -100     |
|    success_rate    | 0        |
| time/              |          |
|    episodes        | 1972     |
|    fps             | 269      |
|    time_elapsed    | 734      |
|    total_timesteps | 198000   |
---------------------------------
---------------------------------
| rollout/           |          |
|    ep_len_mean     | 100      |
|    ep_rew_mean     | -100     |
|    success_rate    | 0        |
| time/              |          |
|    episodes        | 1976     |
|    fps             | 269      |
|    time_elapsed    | 734      |
|    total_timesteps | 198000   |
---------------------------------
---------------------------------
| rollout/           |          |
|    ep_len_mean     | 100      |
|    ep_rew_mean     | -100     |
|    success_rate    | 0        |
| time/              |          |
|    episodes        | 1980     |
|    fps             | 269      |
|    time_elapsed    | 734      |
|    total_timesteps | 198000   |
---------------------------------
Saved VecNormalize stats to /work/hdd/bewv/smahesh1/ShadowHand-TQC/generated/studies/sphere_v1_demo/candidates/n1000_a0p1_b0p9/obj_size_large_ar_low_macro_low_rough_high/rigid/models/n1000_a0p1_b0p9_obj_size_large_ar_low_macro_low_rough_high_rigid/vecnorm_200016.pkl
Saved model to /work/hdd/bewv/smahesh1/ShadowHand-TQC/generated/studies/sphere_v1_demo/candidates/n1000_a0p1_b0p9/obj_size_large_ar_low_macro_low_rough_high/rigid/models/n1000_a0p1_b0p9_obj_size_large_ar_low_macro_low_rough_high_rigid/model_200016_steps.zip

Running evaluation at 200160 timesteps...
Successfully copied normalization stats
Evaluation results: {'eval/mean_reward': np.float32(-100.0), 'eval/std_reward': np.float32(0.0), 'eval/success_rate': np.float64(0.0)}
---------------------------------
| rollout/           |          |
|    ep_len_mean     | 100      |
|    ep_rew_mean     | -100     |
|    success_rate    | 0        |
| time/              |          |
|    episodes        | 1984     |
|    fps             | 261      |
|    time_elapsed    | 770      |
|    total_timesteps | 201600   |
| train/             |          |
|    actor_loss      | 0.752    |
|    critic_loss     | 0.0028   |
|    ent_coef        | 0.00498  |
|    ent_coef_loss   | -164     |
|    learning_rate   | 0.001    |
|    n_updates       | 5322     |
---------------------------------
---------------------------------
| rollout/           |          |
|    ep_len_mean     | 100      |
|    ep_rew_mean     | -100     |
|    success_rate    | 0        |
| time/              |          |
|    episodes        | 1988     |
|    fps             | 261      |
|    time_elapsed    | 770      |
|    total_timesteps | 201600   |
---------------------------------
---------------------------------
| rollout/           |          |
|    ep_len_mean     | 100      |
|    ep_rew_mean     | -100     |
|    success_rate    | 0        |
| time/              |          |
|    episodes        | 1992     |
|    fps             | 261      |
|    time_elapsed    | 770      |
|    total_timesteps | 201600   |
---------------------------------
---------------------------------
| rollout/           |          |
|    ep_len_mean     | 100      |
|    ep_rew_mean     | -100     |
|    success_rate    | 0        |
| time/              |          |
|    episodes        | 1996     |
|    fps             | 261      |
|    time_elapsed    | 770      |
|    total_timesteps | 201600   |
---------------------------------
---------------------------------
| rollout/           |          |
|    ep_len_mean     | 100      |
|    ep_rew_mean     | -100     |
|    success_rate    | 0        |
| time/              |          |
|    episodes        | 2000     |
|    fps             | 261      |
|    time_elapsed    | 770      |
|    total_timesteps | 201600   |
---------------------------------
---------------------------------
| rollout/           |          |
|    ep_len_mean     | 100      |
|    ep_rew_mean     | -100     |
|    success_rate    | 0        |
| time/              |          |
|    episodes        | 2004     |
|    fps             | 261      |
|    time_elapsed    | 770      |
|    total_timesteps | 201600   |
---------------------------------
---------------------------------
| rollout/           |          |
|    ep_len_mean     | 100      |
|    ep_rew_mean     | -100     |
|    success_rate    | 0        |
| time/              |          |
|    episodes        | 2008     |
|    fps             | 261      |
|    time_elapsed    | 770      |
|    total_timesteps | 201600   |
---------------------------------
---------------------------------
| rollout/           |          |
|    ep_len_mean     | 100      |
|    ep_rew_mean     | -100     |
|    success_rate    | 0        |
| time/              |          |
|    episodes        | 2012     |
|    fps             | 261      |
|    time_elapsed    | 770      |
|    total_timesteps | 201600   |
---------------------------------
---------------------------------
| rollout/           |          |
|    ep_len_mean     | 100      |
|    ep_rew_mean     | -100     |
|    success_rate    | 0        |
| time/              |          |
|    episodes        | 2016     |
|    fps             | 261      |
|    time_elapsed    | 770      |
|    total_timesteps | 201600   |
---------------------------------
---------------------------------
| rollout/           |          |
|    ep_len_mean     | 100      |
|    ep_rew_mean     | -100     |
|    success_rate    | 0        |
| time/              |          |
|    episodes        | 2020     |
|    fps             | 263      |
|    time_elapsed    | 778      |
|    total_timesteps | 205200   |
| train/             |          |
|    actor_loss      | 0.831    |
|    critic_loss     | 0.00252  |
|    ent_coef        | 0.00452  |
|    ent_coef_loss   | -165     |
|    learning_rate   | 0.001    |
|    n_updates       | 5422     |
---------------------------------
---------------------------------
| rollout/           |          |
|    ep_len_mean     | 100      |
|    ep_rew_mean     | -100     |
|    success_rate    | 0        |
| time/              |          |
|    episodes        | 2024     |
|    fps             | 263      |
|    time_elapsed    | 778      |
|    total_timesteps | 205200   |
---------------------------------
---------------------------------
| rollout/           |          |
|    ep_len_mean     | 100      |
|    ep_rew_mean     | -100     |
|    success_rate    | 0        |
| time/              |          |
|    episodes        | 2028     |
|    fps             | 263      |
|    time_elapsed    | 778      |
|    total_timesteps | 205200   |
---------------------------------
---------------------------------
| rollout/           |          |
|    ep_len_mean     | 100      |
|    ep_rew_mean     | -100     |
|    success_rate    | 0        |
| time/              |          |
|    episodes        | 2032     |
|    fps             | 263      |
|    time_elapsed    | 778      |
|    total_timesteps | 205200   |
---------------------------------
---------------------------------
| rollout/           |          |
|    ep_len_mean     | 100      |
|    ep_rew_mean     | -100     |
|    success_rate    | 0        |
| time/              |          |
|    episodes        | 2036     |
|    fps             | 263      |
|    time_elapsed    | 778      |
|    total_timesteps | 205200   |
---------------------------------
---------------------------------
| rollout/           |          |
|    ep_len_mean     | 100      |
|    ep_rew_mean     | -100     |
|    success_rate    | 0        |
| time/              |          |
|    episodes        | 2040     |
|    fps             | 263      |
|    time_elapsed    | 778      |
|    total_timesteps | 205200   |
---------------------------------
---------------------------------
| rollout/           |          |
|    ep_len_mean     | 100      |
|    ep_rew_mean     | -100     |
|    success_rate    | 0        |
| time/              |          |
|    episodes        | 2044     |
|    fps             | 263      |
|    time_elapsed    | 778      |
|    total_timesteps | 205200   |
---------------------------------
---------------------------------
| rollout/           |          |
|    ep_len_mean     | 100      |
|    ep_rew_mean     | -100     |
|    success_rate    | 0        |
| time/              |          |
|    episodes        | 2048     |
|    fps             | 263      |
|    time_elapsed    | 778      |
|    total_timesteps | 205200   |
---------------------------------
---------------------------------
| rollout/           |          |
|    ep_len_mean     | 100      |
|    ep_rew_mean     | -100     |
|    success_rate    | 0        |
| time/              |          |
|    episodes        | 2052     |
|    fps             | 263      |
|    time_elapsed    | 778      |
|    total_timesteps | 205200   |
---------------------------------
---------------------------------
| rollout/           |          |
|    ep_len_mean     | 100      |
|    ep_rew_mean     | -100     |
|    success_rate    | 0        |
| time/              |          |
|    episodes        | 2056     |
|    fps             | 265      |
|    time_elapsed    | 787      |
|    total_timesteps | 208800   |
| train/             |          |
|    actor_loss      | 1.01     |
|    critic_loss     | 0.00283  |
|    ent_coef        | 0.00412  |
|    ent_coef_loss   | -165     |
|    learning_rate   | 0.001    |
|    n_updates       | 5522     |
---------------------------------
---------------------------------
| rollout/           |          |
|    ep_len_mean     | 100      |
|    ep_rew_mean     | -100     |
|    success_rate    | 0        |
| time/              |          |
|    episodes        | 2060     |
|    fps             | 265      |
|    time_elapsed    | 787      |
|    total_timesteps | 208800   |
---------------------------------
---------------------------------
| rollout/           |          |
|    ep_len_mean     | 100      |
|    ep_rew_mean     | -100     |
|    success_rate    | 0        |
| time/              |          |
|    episodes        | 2064     |
|    fps             | 265      |
|    time_elapsed    | 787      |
|    total_timesteps | 208800   |
---------------------------------
---------------------------------
| rollout/           |          |
|    ep_len_mean     | 100      |
|    ep_rew_mean     | -100     |
|    success_rate    | 0        |
| time/              |          |
|    episodes        | 2068     |
|    fps             | 265      |
|    time_elapsed    | 787      |
|    total_timesteps | 208800   |
---------------------------------
---------------------------------
| rollout/           |          |
|    ep_len_mean     | 100      |
|    ep_rew_mean     | -100     |
|    success_rate    | 0        |
| time/              |          |
|    episodes        | 2072     |
|    fps             | 265      |
|    time_elapsed    | 787      |
|    total_timesteps | 208800   |
---------------------------------
---------------------------------
| rollout/           |          |
|    ep_len_mean     | 100      |
|    ep_rew_mean     | -100     |
|    success_rate    | 0        |
| time/              |          |
|    episodes        | 2076     |
|    fps             | 265      |
|    time_elapsed    | 787      |
|    total_timesteps | 208800   |
---------------------------------
---------------------------------
| rollout/           |          |
|    ep_len_mean     | 100      |
|    ep_rew_mean     | -100     |
|    success_rate    | 0        |
| time/              |          |
|    episodes        | 2080     |
|    fps             | 265      |
|    time_elapsed    | 787      |
|    total_timesteps | 208800   |
---------------------------------
---------------------------------
| rollout/           |          |
|    ep_len_mean     | 100      |
|    ep_rew_mean     | -100     |
|    success_rate    | 0        |
| time/              |          |
|    episodes        | 2084     |
|    fps             | 265      |
|    time_elapsed    | 787      |
|    total_timesteps | 208800   |
---------------------------------
---------------------------------
| rollout/           |          |
|    ep_len_mean     | 100      |
|    ep_rew_mean     | -100     |
|    success_rate    | 0        |
| time/              |          |
|    episodes        | 2088     |
|    fps             | 265      |
|    time_elapsed    | 787      |
|    total_timesteps | 208800   |
---------------------------------
---------------------------------
| rollout/           |          |
|    ep_len_mean     | 100      |
|    ep_rew_mean     | -100     |
|    success_rate    | 0        |
| time/              |          |
|    episodes        | 2092     |
|    fps             | 266      |
|    time_elapsed    | 796      |
|    total_timesteps | 212400   |
| train/             |          |
|    actor_loss      | 1.15     |
|    critic_loss     | 0.00277  |
|    ent_coef        | 0.00375  |
|    ent_coef_loss   | -169     |
|    learning_rate   | 0.001    |
|    n_updates       | 5622     |
---------------------------------
---------------------------------
| rollout/           |          |
|    ep_len_mean     | 100      |
|    ep_rew_mean     | -100     |
|    success_rate    | 0        |
| time/              |          |
|    episodes        | 2096     |
|    fps             | 266      |
|    time_elapsed    | 796      |
|    total_timesteps | 212400   |
---------------------------------
---------------------------------
| rollout/           |          |
|    ep_len_mean     | 100      |
|    ep_rew_mean     | -100     |
|    success_rate    | 0        |
| time/              |          |
|    episodes        | 2100     |
|    fps             | 266      |
|    time_elapsed    | 796      |
|    total_timesteps | 212400   |
---------------------------------
---------------------------------
| rollout/           |          |
|    ep_len_mean     | 100      |
|    ep_rew_mean     | -100     |
|    success_rate    | 0        |
| time/              |          |
|    episodes        | 2104     |
|    fps             | 266      |
|    time_elapsed    | 796      |
|    total_timesteps | 212400   |
---------------------------------
---------------------------------
| rollout/           |          |
|    ep_len_mean     | 100      |
|    ep_rew_mean     | -100     |
|    success_rate    | 0        |
| time/              |          |
|    episodes        | 2108     |
|    fps             | 266      |
|    time_elapsed    | 796      |
|    total_timesteps | 212400   |
---------------------------------
---------------------------------
| rollout/           |          |
|    ep_len_mean     | 100      |
|    ep_rew_mean     | -100     |
|    success_rate    | 0        |
| time/              |          |
|    episodes        | 2112     |
|    fps             | 266      |
|    time_elapsed    | 796      |
|    total_timesteps | 212400   |
---------------------------------
---------------------------------
| rollout/           |          |
|    ep_len_mean     | 100      |
|    ep_rew_mean     | -100     |
|    success_rate    | 0        |
| time/              |          |
|    episodes        | 2116     |
|    fps             | 266      |
|    time_elapsed    | 796      |
|    total_timesteps | 212400   |
---------------------------------
---------------------------------
| rollout/           |          |
|    ep_len_mean     | 100      |
|    ep_rew_mean     | -100     |
|    success_rate    | 0        |
| time/              |          |
|    episodes        | 2120     |
|    fps             | 266      |
|    time_elapsed    | 796      |
|    total_timesteps | 212400   |
---------------------------------
---------------------------------
| rollout/           |          |
|    ep_len_mean     | 100      |
|    ep_rew_mean     | -100     |
|    success_rate    | 0        |
| time/              |          |
|    episodes        | 2124     |
|    fps             | 266      |
|    time_elapsed    | 796      |
|    total_timesteps | 212400   |
---------------------------------
---------------------------------
| rollout/           |          |
|    ep_len_mean     | 100      |
|    ep_rew_mean     | -100     |
|    success_rate    | 0        |
| time/              |          |
|    episodes        | 2128     |
|    fps             | 268      |
|    time_elapsed    | 804      |
|    total_timesteps | 216000   |
| train/             |          |
|    actor_loss      | 1.18     |
|    critic_loss     | 0.00245  |
|    ent_coef        | 0.00342  |
|    ent_coef_loss   | -165     |
|    learning_rate   | 0.001    |
|    n_updates       | 5722     |
---------------------------------
---------------------------------
| rollout/           |          |
|    ep_len_mean     | 100      |
|    ep_rew_mean     | -100     |
|    success_rate    | 0        |
| time/              |          |
|    episodes        | 2132     |
|    fps             | 268      |
|    time_elapsed    | 804      |
|    total_timesteps | 216000   |
---------------------------------
---------------------------------
| rollout/           |          |
|    ep_len_mean     | 100      |
|    ep_rew_mean     | -100     |
|    success_rate    | 0        |
| time/              |          |
|    episodes        | 2136     |
|    fps             | 268      |
|    time_elapsed    | 804      |
|    total_timesteps | 216000   |
---------------------------------
---------------------------------
| rollout/           |          |
|    ep_len_mean     | 100      |
|    ep_rew_mean     | -100     |
|    success_rate    | 0        |
| time/              |          |
|    episodes        | 2140     |
|    fps             | 268      |
|    time_elapsed    | 804      |
|    total_timesteps | 216000   |
---------------------------------
---------------------------------
| rollout/           |          |
|    ep_len_mean     | 100      |
|    ep_rew_mean     | -100     |
|    success_rate    | 0        |
| time/              |          |
|    episodes        | 2144     |
|    fps             | 268      |
|    time_elapsed    | 804      |
|    total_timesteps | 216000   |
---------------------------------
---------------------------------
| rollout/           |          |
|    ep_len_mean     | 100      |
|    ep_rew_mean     | -100     |
|    success_rate    | 0        |
| time/              |          |
|    episodes        | 2148     |
|    fps             | 268      |
|    time_elapsed    | 804      |
|    total_timesteps | 216000   |
---------------------------------
---------------------------------
| rollout/           |          |
|    ep_len_mean     | 100      |
|    ep_rew_mean     | -100     |
|    success_rate    | 0        |
| time/              |          |
|    episodes        | 2152     |
|    fps             | 268      |
|    time_elapsed    | 804      |
|    total_timesteps | 216000   |
---------------------------------
---------------------------------
| rollout/           |          |
|    ep_len_mean     | 100      |
|    ep_rew_mean     | -100     |
|    success_rate    | 0        |
| time/              |          |
|    episodes        | 2156     |
|    fps             | 268      |
|    time_elapsed    | 804      |
|    total_timesteps | 216000   |
---------------------------------
---------------------------------
| rollout/           |          |
|    ep_len_mean     | 100      |
|    ep_rew_mean     | -100     |
|    success_rate    | 0        |
| time/              |          |
|    episodes        | 2160     |
|    fps             | 268      |
|    time_elapsed    | 804      |
|    total_timesteps | 216000   |
---------------------------------
---------------------------------
| rollout/           |          |
|    ep_len_mean     | 100      |
|    ep_rew_mean     | -100     |
|    success_rate    | 0        |
| time/              |          |
|    episodes        | 2164     |
|    fps             | 270      |
|    time_elapsed    | 812      |
|    total_timesteps | 219600   |
| train/             |          |
|    actor_loss      | 1.31     |
|    critic_loss     | 0.00261  |
|    ent_coef        | 0.00312  |
|    ent_coef_loss   | -168     |
|    learning_rate   | 0.001    |
|    n_updates       | 5822     |
---------------------------------
---------------------------------
| rollout/           |          |
|    ep_len_mean     | 100      |
|    ep_rew_mean     | -100     |
|    success_rate    | 0        |
| time/              |          |
|    episodes        | 2168     |
|    fps             | 270      |
|    time_elapsed    | 812      |
|    total_timesteps | 219600   |
---------------------------------
---------------------------------
| rollout/           |          |
|    ep_len_mean     | 100      |
|    ep_rew_mean     | -100     |
|    success_rate    | 0        |
| time/              |          |
|    episodes        | 2172     |
|    fps             | 270      |
|    time_elapsed    | 812      |
|    total_timesteps | 219600   |
---------------------------------
---------------------------------
| rollout/           |          |
|    ep_len_mean     | 100      |
|    ep_rew_mean     | -100     |
|    success_rate    | 0        |
| time/              |          |
|    episodes        | 2176     |
|    fps             | 270      |
|    time_elapsed    | 812      |
|    total_timesteps | 219600   |
---------------------------------
---------------------------------
| rollout/           |          |
|    ep_len_mean     | 100      |
|    ep_rew_mean     | -100     |
|    success_rate    | 0        |
| time/              |          |
|    episodes        | 2180     |
|    fps             | 270      |
|    time_elapsed    | 812      |
|    total_timesteps | 219600   |
---------------------------------
---------------------------------
| rollout/           |          |
|    ep_len_mean     | 100      |
|    ep_rew_mean     | -100     |
|    success_rate    | 0        |
| time/              |          |
|    episodes        | 2184     |
|    fps             | 270      |
|    time_elapsed    | 812      |
|    total_timesteps | 219600   |
---------------------------------
---------------------------------
| rollout/           |          |
|    ep_len_mean     | 100      |
|    ep_rew_mean     | -100     |
|    success_rate    | 0        |
| time/              |          |
|    episodes        | 2188     |
|    fps             | 270      |
|    time_elapsed    | 812      |
|    total_timesteps | 219600   |
---------------------------------
---------------------------------
| rollout/           |          |
|    ep_len_mean     | 100      |
|    ep_rew_mean     | -100     |
|    success_rate    | 0        |
| time/              |          |
|    episodes        | 2192     |
|    fps             | 270      |
|    time_elapsed    | 812      |
|    total_timesteps | 219600   |
---------------------------------
---------------------------------
| rollout/           |          |
|    ep_len_mean     | 100      |
|    ep_rew_mean     | -100     |
|    success_rate    | 0        |
| time/              |          |
|    episodes        | 2196     |
|    fps             | 270      |
|    time_elapsed    | 812      |
|    total_timesteps | 219600   |
---------------------------------

Running evaluation at 220176 timesteps...
Successfully copied normalization stats
Evaluation results: {'eval/mean_reward': np.float32(-100.0), 'eval/std_reward': np.float32(0.0), 'eval/success_rate': np.float64(0.0)}
---------------------------------
| rollout/           |          |
|    ep_len_mean     | 100      |
|    ep_rew_mean     | -100     |
|    success_rate    | 0        |
| time/              |          |
|    episodes        | 2200     |
|    fps             | 263      |
|    time_elapsed    | 848      |
|    total_timesteps | 223200   |
| train/             |          |
|    actor_loss      | 1.34     |
|    critic_loss     | 0.00253  |
|    ent_coef        | 0.00285  |
|    ent_coef_loss   | -165     |
|    learning_rate   | 0.001    |
|    n_updates       | 5922     |
---------------------------------
---------------------------------
| rollout/           |          |
|    ep_len_mean     | 100      |
|    ep_rew_mean     | -100     |
|    success_rate    | 0        |
| time/              |          |
|    episodes        | 2204     |
|    fps             | 263      |
|    time_elapsed    | 848      |
|    total_timesteps | 223200   |
---------------------------------
---------------------------------
| rollout/           |          |
|    ep_len_mean     | 100      |
|    ep_rew_mean     | -100     |
|    success_rate    | 0        |
| time/              |          |
|    episodes        | 2208     |
|    fps             | 263      |
|    time_elapsed    | 848      |
|    total_timesteps | 223200   |
---------------------------------
---------------------------------
| rollout/           |          |
|    ep_len_mean     | 100      |
|    ep_rew_mean     | -100     |
|    success_rate    | 0        |
| time/              |          |
|    episodes        | 2212     |
|    fps             | 263      |
|    time_elapsed    | 848      |
|    total_timesteps | 223200   |
---------------------------------
---------------------------------
| rollout/           |          |
|    ep_len_mean     | 100      |
|    ep_rew_mean     | -100     |
|    success_rate    | 0        |
| time/              |          |
|    episodes        | 2216     |
|    fps             | 263      |
|    time_elapsed    | 848      |
|    total_timesteps | 223200   |
---------------------------------
---------------------------------
| rollout/           |          |
|    ep_len_mean     | 100      |
|    ep_rew_mean     | -100     |
|    success_rate    | 0        |
| time/              |          |
|    episodes        | 2220     |
|    fps             | 263      |
|    time_elapsed    | 848      |
|    total_timesteps | 223200   |
---------------------------------
---------------------------------
| rollout/           |          |
|    ep_len_mean     | 100      |
|    ep_rew_mean     | -100     |
|    success_rate    | 0        |
| time/              |          |
|    episodes        | 2224     |
|    fps             | 263      |
|    time_elapsed    | 848      |
|    total_timesteps | 223200   |
---------------------------------
---------------------------------
| rollout/           |          |
|    ep_len_mean     | 100      |
|    ep_rew_mean     | -100     |
|    success_rate    | 0        |
| time/              |          |
|    episodes        | 2228     |
|    fps             | 263      |
|    time_elapsed    | 848      |
|    total_timesteps | 223200   |
---------------------------------
---------------------------------
| rollout/           |          |
|    ep_len_mean     | 100      |
|    ep_rew_mean     | -100     |
|    success_rate    | 0        |
| time/              |          |
|    episodes        | 2232     |
|    fps             | 263      |
|    time_elapsed    | 848      |
|    total_timesteps | 223200   |
---------------------------------
---------------------------------
| rollout/           |          |
|    ep_len_mean     | 100      |
|    ep_rew_mean     | -100     |
|    success_rate    | 0        |
| time/              |          |
|    episodes        | 2236     |
|    fps             | 264      |
|    time_elapsed    | 856      |
|    total_timesteps | 226800   |
| train/             |          |
|    actor_loss      | 1.46     |
|    critic_loss     | 0.00262  |
|    ent_coef        | 0.0026   |
|    ent_coef_loss   | -164     |
|    learning_rate   | 0.001    |
|    n_updates       | 6022     |
---------------------------------
---------------------------------
| rollout/           |          |
|    ep_len_mean     | 100      |
|    ep_rew_mean     | -100     |
|    success_rate    | 0        |
| time/              |          |
|    episodes        | 2240     |
|    fps             | 264      |
|    time_elapsed    | 856      |
|    total_timesteps | 226800   |
---------------------------------
---------------------------------
| rollout/           |          |
|    ep_len_mean     | 100      |
|    ep_rew_mean     | -100     |
|    success_rate    | 0        |
| time/              |          |
|    episodes        | 2244     |
|    fps             | 264      |
|    time_elapsed    | 856      |
|    total_timesteps | 226800   |
---------------------------------
---------------------------------
| rollout/           |          |
|    ep_len_mean     | 100      |
|    ep_rew_mean     | -100     |
|    success_rate    | 0        |
| time/              |          |
|    episodes        | 2248     |
|    fps             | 264      |
|    time_elapsed    | 856      |
|    total_timesteps | 226800   |
---------------------------------
---------------------------------
| rollout/           |          |
|    ep_len_mean     | 100      |
|    ep_rew_mean     | -100     |
|    success_rate    | 0        |
| time/              |          |
|    episodes        | 2252     |
|    fps             | 264      |
|    time_elapsed    | 856      |
|    total_timesteps | 226800   |
---------------------------------
---------------------------------
| rollout/           |          |
|    ep_len_mean     | 100      |
|    ep_rew_mean     | -100     |
|    success_rate    | 0        |
| time/              |          |
|    episodes        | 2256     |
|    fps             | 264      |
|    time_elapsed    | 856      |
|    total_timesteps | 226800   |
---------------------------------
---------------------------------
| rollout/           |          |
|    ep_len_mean     | 100      |
|    ep_rew_mean     | -100     |
|    success_rate    | 0        |
| time/              |          |
|    episodes        | 2260     |
|    fps             | 264      |
|    time_elapsed    | 856      |
|    total_timesteps | 226800   |
---------------------------------
---------------------------------
| rollout/           |          |
|    ep_len_mean     | 100      |
|    ep_rew_mean     | -100     |
|    success_rate    | 0        |
| time/              |          |
|    episodes        | 2264     |
|    fps             | 264      |
|    time_elapsed    | 856      |
|    total_timesteps | 226800   |
---------------------------------
---------------------------------
| rollout/           |          |
|    ep_len_mean     | 100      |
|    ep_rew_mean     | -100     |
|    success_rate    | 0        |
| time/              |          |
|    episodes        | 2268     |
|    fps             | 264      |
|    time_elapsed    | 856      |
|    total_timesteps | 226800   |
---------------------------------
---------------------------------
| rollout/           |          |
|    ep_len_mean     | 100      |
|    ep_rew_mean     | -100     |
|    success_rate    | 0        |
| time/              |          |
|    episodes        | 2272     |
|    fps             | 266      |
|    time_elapsed    | 865      |
|    total_timesteps | 230400   |
| train/             |          |
|    actor_loss      | 1.5      |
|    critic_loss     | 0.00301  |
|    ent_coef        | 0.00238  |
|    ent_coef_loss   | -167     |
|    learning_rate   | 0.001    |
|    n_updates       | 6122     |
---------------------------------
---------------------------------
| rollout/           |          |
|    ep_len_mean     | 100      |
|    ep_rew_mean     | -100     |
|    success_rate    | 0        |
| time/              |          |
|    episodes        | 2276     |
|    fps             | 266      |
|    time_elapsed    | 865      |
|    total_timesteps | 230400   |
---------------------------------
---------------------------------
| rollout/           |          |
|    ep_len_mean     | 100      |
|    ep_rew_mean     | -100     |
|    success_rate    | 0        |
| time/              |          |
|    episodes        | 2280     |
|    fps             | 266      |
|    time_elapsed    | 865      |
|    total_timesteps | 230400   |
---------------------------------
---------------------------------
| rollout/           |          |
|    ep_len_mean     | 100      |
|    ep_rew_mean     | -100     |
|    success_rate    | 0        |
| time/              |          |
|    episodes        | 2284     |
|    fps             | 266      |
|    time_elapsed    | 865      |
|    total_timesteps | 230400   |
---------------------------------
---------------------------------
| rollout/           |          |
|    ep_len_mean     | 100      |
|    ep_rew_mean     | -100     |
|    success_rate    | 0        |
| time/              |          |
|    episodes        | 2288     |
|    fps             | 266      |
|    time_elapsed    | 865      |
|    total_timesteps | 230400   |
---------------------------------
---------------------------------
| rollout/           |          |
|    ep_len_mean     | 100      |
|    ep_rew_mean     | -100     |
|    success_rate    | 0        |
| time/              |          |
|    episodes        | 2292     |
|    fps             | 266      |
|    time_elapsed    | 865      |
|    total_timesteps | 230400   |
---------------------------------
---------------------------------
| rollout/           |          |
|    ep_len_mean     | 100      |
|    ep_rew_mean     | -100     |
|    success_rate    | 0        |
| time/              |          |
|    episodes        | 2296     |
|    fps             | 266      |
|    time_elapsed    | 865      |
|    total_timesteps | 230400   |
---------------------------------
---------------------------------
| rollout/           |          |
|    ep_len_mean     | 100      |
|    ep_rew_mean     | -100     |
|    success_rate    | 0        |
| time/              |          |
|    episodes        | 2300     |
|    fps             | 266      |
|    time_elapsed    | 865      |
|    total_timesteps | 230400   |
---------------------------------
---------------------------------
| rollout/           |          |
|    ep_len_mean     | 100      |
|    ep_rew_mean     | -100     |
|    success_rate    | 0        |
| time/              |          |
|    episodes        | 2304     |
|    fps             | 266      |
|    time_elapsed    | 865      |
|    total_timesteps | 230400   |
---------------------------------
---------------------------------
| rollout/           |          |
|    ep_len_mean     | 100      |
|    ep_rew_mean     | -100     |
|    success_rate    | 0        |
| time/              |          |
|    episodes        | 2308     |
|    fps             | 267      |
|    time_elapsed    | 873      |
|    total_timesteps | 234000   |
| train/             |          |
|    actor_loss      | 1.48     |
|    critic_loss     | 0.00293  |
|    ent_coef        | 0.00218  |
|    ent_coef_loss   | -166     |
|    learning_rate   | 0.001    |
|    n_updates       | 6222     |
---------------------------------
---------------------------------
| rollout/           |          |
|    ep_len_mean     | 100      |
|    ep_rew_mean     | -100     |
|    success_rate    | 0        |
| time/              |          |
|    episodes        | 2312     |
|    fps             | 267      |
|    time_elapsed    | 873      |
|    total_timesteps | 234000   |
---------------------------------
---------------------------------
| rollout/           |          |
|    ep_len_mean     | 100      |
|    ep_rew_mean     | -100     |
|    success_rate    | 0        |
| time/              |          |
|    episodes        | 2316     |
|    fps             | 267      |
|    time_elapsed    | 873      |
|    total_timesteps | 234000   |
---------------------------------
---------------------------------
| rollout/           |          |
|    ep_len_mean     | 100      |
|    ep_rew_mean     | -100     |
|    success_rate    | 0        |
| time/              |          |
|    episodes        | 2320     |
|    fps             | 267      |
|    time_elapsed    | 873      |
|    total_timesteps | 234000   |
---------------------------------
---------------------------------
| rollout/           |          |
|    ep_len_mean     | 100      |
|    ep_rew_mean     | -100     |
|    success_rate    | 0        |
| time/              |          |
|    episodes        | 2324     |
|    fps             | 267      |
|    time_elapsed    | 873      |
|    total_timesteps | 234000   |
---------------------------------
---------------------------------
| rollout/           |          |
|    ep_len_mean     | 100      |
|    ep_rew_mean     | -100     |
|    success_rate    | 0        |
| time/              |          |
|    episodes        | 2328     |
|    fps             | 267      |
|    time_elapsed    | 873      |
|    total_timesteps | 234000   |
---------------------------------
---------------------------------
| rollout/           |          |
|    ep_len_mean     | 100      |
|    ep_rew_mean     | -100     |
|    success_rate    | 0        |
| time/              |          |
|    episodes        | 2332     |
|    fps             | 267      |
|    time_elapsed    | 873      |
|    total_timesteps | 234000   |
---------------------------------
---------------------------------
| rollout/           |          |
|    ep_len_mean     | 100      |
|    ep_rew_mean     | -100     |
|    success_rate    | 0        |
| time/              |          |
|    episodes        | 2336     |
|    fps             | 267      |
|    time_elapsed    | 873      |
|    total_timesteps | 234000   |
---------------------------------
---------------------------------
| rollout/           |          |
|    ep_len_mean     | 100      |
|    ep_rew_mean     | -100     |
|    success_rate    | 0        |
| time/              |          |
|    episodes        | 2340     |
|    fps             | 267      |
|    time_elapsed    | 873      |
|    total_timesteps | 234000   |
---------------------------------
---------------------------------
| rollout/           |          |
|    ep_len_mean     | 100      |
|    ep_rew_mean     | -100     |
|    success_rate    | 0        |
| time/              |          |
|    episodes        | 2344     |
|    fps             | 268      |
|    time_elapsed    | 885      |
|    total_timesteps | 237600   |
| train/             |          |
|    actor_loss      | 1.51     |
|    critic_loss     | 0.0031   |
|    ent_coef        | 0.00199  |
|    ent_coef_loss   | -164     |
|    learning_rate   | 0.001    |
|    n_updates       | 6322     |
---------------------------------
---------------------------------
| rollout/           |          |
|    ep_len_mean     | 100      |
|    ep_rew_mean     | -100     |
|    success_rate    | 0        |
| time/              |          |
|    episodes        | 2348     |
|    fps             | 268      |
|    time_elapsed    | 885      |
|    total_timesteps | 237600   |
---------------------------------
---------------------------------
| rollout/           |          |
|    ep_len_mean     | 100      |
|    ep_rew_mean     | -100     |
|    success_rate    | 0        |
| time/              |          |
|    episodes        | 2352     |
|    fps             | 268      |
|    time_elapsed    | 885      |
|    total_timesteps | 237600   |
---------------------------------
---------------------------------
| rollout/           |          |
|    ep_len_mean     | 100      |
|    ep_rew_mean     | -100     |
|    success_rate    | 0        |
| time/              |          |
|    episodes        | 2356     |
|    fps             | 268      |
|    time_elapsed    | 885      |
|    total_timesteps | 237600   |
---------------------------------
---------------------------------
| rollout/           |          |
|    ep_len_mean     | 100      |
|    ep_rew_mean     | -100     |
|    success_rate    | 0        |
| time/              |          |
|    episodes        | 2360     |
|    fps             | 268      |
|    time_elapsed    | 885      |
|    total_timesteps | 237600   |
---------------------------------
---------------------------------
| rollout/           |          |
|    ep_len_mean     | 100      |
|    ep_rew_mean     | -100     |
|    success_rate    | 0        |
| time/              |          |
|    episodes        | 2364     |
|    fps             | 268      |
|    time_elapsed    | 885      |
|    total_timesteps | 237600   |
---------------------------------
---------------------------------
| rollout/           |          |
|    ep_len_mean     | 100      |
|    ep_rew_mean     | -100     |
|    success_rate    | 0        |
| time/              |          |
|    episodes        | 2368     |
|    fps             | 268      |
|    time_elapsed    | 885      |
|    total_timesteps | 237600   |
---------------------------------
---------------------------------
| rollout/           |          |
|    ep_len_mean     | 100      |
|    ep_rew_mean     | -100     |
|    success_rate    | 0        |
| time/              |          |
|    episodes        | 2372     |
|    fps             | 268      |
|    time_elapsed    | 885      |
|    total_timesteps | 237600   |
---------------------------------
---------------------------------
| rollout/           |          |
|    ep_len_mean     | 100      |
|    ep_rew_mean     | -100     |
|    success_rate    | 0        |
| time/              |          |
|    episodes        | 2376     |
|    fps             | 268      |
|    time_elapsed    | 885      |
|    total_timesteps | 237600   |
---------------------------------

Running evaluation at 240192 timesteps...
Successfully copied normalization stats
Evaluation results: {'eval/mean_reward': np.float32(-100.0), 'eval/std_reward': np.float32(0.0), 'eval/success_rate': np.float64(0.0)}
---------------------------------
| rollout/           |          |
|    ep_len_mean     | 100      |
|    ep_rew_mean     | -100     |
|    success_rate    | 0        |
| time/              |          |
|    episodes        | 2380     |
|    fps             | 261      |
|    time_elapsed    | 923      |
|    total_timesteps | 241200   |
| train/             |          |
|    actor_loss      | 1.62     |
|    critic_loss     | 0.00291  |
|    ent_coef        | 0.00183  |
|    ent_coef_loss   | -163     |
|    learning_rate   | 0.001    |
|    n_updates       | 6422     |
---------------------------------
---------------------------------
| rollout/           |          |
|    ep_len_mean     | 100      |
|    ep_rew_mean     | -100     |
|    success_rate    | 0        |
| time/              |          |
|    episodes        | 2384     |
|    fps             | 261      |
|    time_elapsed    | 923      |
|    total_timesteps | 241200   |
---------------------------------
---------------------------------
| rollout/           |          |
|    ep_len_mean     | 100      |
|    ep_rew_mean     | -100     |
|    success_rate    | 0        |
| time/              |          |
|    episodes        | 2388     |
|    fps             | 261      |
|    time_elapsed    | 923      |
|    total_timesteps | 241200   |
---------------------------------
---------------------------------
| rollout/           |          |
|    ep_len_mean     | 100      |
|    ep_rew_mean     | -100     |
|    success_rate    | 0        |
| time/              |          |
|    episodes        | 2392     |
|    fps             | 261      |
|    time_elapsed    | 923      |
|    total_timesteps | 241200   |
---------------------------------
---------------------------------
| rollout/           |          |
|    ep_len_mean     | 100      |
|    ep_rew_mean     | -100     |
|    success_rate    | 0        |
| time/              |          |
|    episodes        | 2396     |
|    fps             | 261      |
|    time_elapsed    | 923      |
|    total_timesteps | 241200   |
---------------------------------
---------------------------------
| rollout/           |          |
|    ep_len_mean     | 100      |
|    ep_rew_mean     | -100     |
|    success_rate    | 0        |
| time/              |          |
|    episodes        | 2400     |
|    fps             | 261      |
|    time_elapsed    | 923      |
|    total_timesteps | 241200   |
---------------------------------
---------------------------------
| rollout/           |          |
|    ep_len_mean     | 100      |
|    ep_rew_mean     | -100     |
|    success_rate    | 0        |
| time/              |          |
|    episodes        | 2404     |
|    fps             | 261      |
|    time_elapsed    | 923      |
|    total_timesteps | 241200   |
---------------------------------
---------------------------------
| rollout/           |          |
|    ep_len_mean     | 100      |
|    ep_rew_mean     | -100     |
|    success_rate    | 0        |
| time/              |          |
|    episodes        | 2408     |
|    fps             | 261      |
|    time_elapsed    | 923      |
|    total_timesteps | 241200   |
---------------------------------
---------------------------------
| rollout/           |          |
|    ep_len_mean     | 100      |
|    ep_rew_mean     | -100     |
|    success_rate    | 0        |
| time/              |          |
|    episodes        | 2412     |
|    fps             | 261      |
|    time_elapsed    | 923      |
|    total_timesteps | 241200   |
---------------------------------
---------------------------------
| rollout/           |          |
|    ep_len_mean     | 100      |
|    ep_rew_mean     | -100     |
|    success_rate    | 0        |
| time/              |          |
|    episodes        | 2416     |
|    fps             | 262      |
|    time_elapsed    | 931      |
|    total_timesteps | 244800   |
| train/             |          |
|    actor_loss      | 1.65     |
|    critic_loss     | 0.00265  |
|    ent_coef        | 0.00168  |
|    ent_coef_loss   | -164     |
|    learning_rate   | 0.001    |
|    n_updates       | 6522     |
---------------------------------
---------------------------------
| rollout/           |          |
|    ep_len_mean     | 100      |
|    ep_rew_mean     | -100     |
|    success_rate    | 0        |
| time/              |          |
|    episodes        | 2420     |
|    fps             | 262      |
|    time_elapsed    | 931      |
|    total_timesteps | 244800   |
---------------------------------
---------------------------------
| rollout/           |          |
|    ep_len_mean     | 100      |
|    ep_rew_mean     | -100     |
|    success_rate    | 0        |
| time/              |          |
|    episodes        | 2424     |
|    fps             | 262      |
|    time_elapsed    | 931      |
|    total_timesteps | 244800   |
---------------------------------
---------------------------------
| rollout/           |          |
|    ep_len_mean     | 100      |
|    ep_rew_mean     | -100     |
|    success_rate    | 0        |
| time/              |          |
|    episodes        | 2428     |
|    fps             | 262      |
|    time_elapsed    | 931      |
|    total_timesteps | 244800   |
---------------------------------
---------------------------------
| rollout/           |          |
|    ep_len_mean     | 100      |
|    ep_rew_mean     | -100     |
|    success_rate    | 0        |
| time/              |          |
|    episodes        | 2432     |
|    fps             | 262      |
|    time_elapsed    | 931      |
|    total_timesteps | 244800   |
---------------------------------
---------------------------------
| rollout/           |          |
|    ep_len_mean     | 100      |
|    ep_rew_mean     | -100     |
|    success_rate    | 0        |
| time/              |          |
|    episodes        | 2436     |
|    fps             | 262      |
|    time_elapsed    | 931      |
|    total_timesteps | 244800   |
---------------------------------
---------------------------------
| rollout/           |          |
|    ep_len_mean     | 100      |
|    ep_rew_mean     | -100     |
|    success_rate    | 0        |
| time/              |          |
|    episodes        | 2440     |
|    fps             | 262      |
|    time_elapsed    | 931      |
|    total_timesteps | 244800   |
---------------------------------
---------------------------------
| rollout/           |          |
|    ep_len_mean     | 100      |
|    ep_rew_mean     | -100     |
|    success_rate    | 0        |
| time/              |          |
|    episodes        | 2444     |
|    fps             | 262      |
|    time_elapsed    | 931      |
|    total_timesteps | 244800   |
---------------------------------
---------------------------------
| rollout/           |          |
|    ep_len_mean     | 100      |
|    ep_rew_mean     | -100     |
|    success_rate    | 0        |
| time/              |          |
|    episodes        | 2448     |
|    fps             | 262      |
|    time_elapsed    | 931      |
|    total_timesteps | 244800   |
---------------------------------
---------------------------------
| rollout/           |          |
|    ep_len_mean     | 100      |
|    ep_rew_mean     | -100     |
|    success_rate    | 0        |
| time/              |          |
|    episodes        | 2452     |
|    fps             | 263      |
|    time_elapsed    | 944      |
|    total_timesteps | 248400   |
| train/             |          |
|    actor_loss      | 1.67     |
|    critic_loss     | 0.00267  |
|    ent_coef        | 0.00154  |
|    ent_coef_loss   | -160     |
|    learning_rate   | 0.001    |
|    n_updates       | 6622     |
---------------------------------
---------------------------------
| rollout/           |          |
|    ep_len_mean     | 100      |
|    ep_rew_mean     | -100     |
|    success_rate    | 0        |
| time/              |          |
|    episodes        | 2456     |
|    fps             | 263      |
|    time_elapsed    | 944      |
|    total_timesteps | 248400   |
---------------------------------
---------------------------------
| rollout/           |          |
|    ep_len_mean     | 100      |
|    ep_rew_mean     | -100     |
|    success_rate    | 0        |
| time/              |          |
|    episodes        | 2460     |
|    fps             | 263      |
|    time_elapsed    | 944      |
|    total_timesteps | 248400   |
---------------------------------
---------------------------------
| rollout/           |          |
|    ep_len_mean     | 100      |
|    ep_rew_mean     | -100     |
|    success_rate    | 0        |
| time/              |          |
|    episodes        | 2464     |
|    fps             | 263      |
|    time_elapsed    | 944      |
|    total_timesteps | 248400   |
---------------------------------
---------------------------------
| rollout/           |          |
|    ep_len_mean     | 100      |
|    ep_rew_mean     | -100     |
|    success_rate    | 0        |
| time/              |          |
|    episodes        | 2468     |
|    fps             | 263      |
|    time_elapsed    | 944      |
|    total_timesteps | 248400   |
---------------------------------
---------------------------------
| rollout/           |          |
|    ep_len_mean     | 100      |
|    ep_rew_mean     | -100     |
|    success_rate    | 0        |
| time/              |          |
|    episodes        | 2472     |
|    fps             | 263      |
|    time_elapsed    | 944      |
|    total_timesteps | 248400   |
---------------------------------
---------------------------------
| rollout/           |          |
|    ep_len_mean     | 100      |
|    ep_rew_mean     | -100     |
|    success_rate    | 0        |
| time/              |          |
|    episodes        | 2476     |
|    fps             | 263      |
|    time_elapsed    | 944      |
|    total_timesteps | 248400   |
---------------------------------
---------------------------------
| rollout/           |          |
|    ep_len_mean     | 100      |
|    ep_rew_mean     | -100     |
|    success_rate    | 0        |
| time/              |          |
|    episodes        | 2480     |
|    fps             | 263      |
|    time_elapsed    | 944      |
|    total_timesteps | 248400   |
---------------------------------
---------------------------------
| rollout/           |          |
|    ep_len_mean     | 100      |
|    ep_rew_mean     | -100     |
|    success_rate    | 0        |
| time/              |          |
|    episodes        | 2484     |
|    fps             | 263      |
|    time_elapsed    | 944      |
|    total_timesteps | 248400   |
---------------------------------
---------------------------------
| rollout/           |          |
|    ep_len_mean     | 100      |
|    ep_rew_mean     | -100     |
|    success_rate    | 0        |
| time/              |          |
|    episodes        | 2488     |
|    fps             | 264      |
|    time_elapsed    | 952      |
|    total_timesteps | 252000   |
| train/             |          |
|    actor_loss      | 1.67     |
|    critic_loss     | 0.00265  |
|    ent_coef        | 0.00141  |
|    ent_coef_loss   | -160     |
|    learning_rate   | 0.001    |
|    n_updates       | 6722     |
---------------------------------
---------------------------------
| rollout/           |          |
|    ep_len_mean     | 100      |
|    ep_rew_mean     | -100     |
|    success_rate    | 0        |
| time/              |          |
|    episodes        | 2492     |
|    fps             | 264      |
|    time_elapsed    | 952      |
|    total_timesteps | 252000   |
---------------------------------
---------------------------------
| rollout/           |          |
|    ep_len_mean     | 100      |
|    ep_rew_mean     | -100     |
|    success_rate    | 0        |
| time/              |          |
|    episodes        | 2496     |
|    fps             | 264      |
|    time_elapsed    | 952      |
|    total_timesteps | 252000   |
---------------------------------
---------------------------------
| rollout/           |          |
|    ep_len_mean     | 100      |
|    ep_rew_mean     | -100     |
|    success_rate    | 0        |
| time/              |          |
|    episodes        | 2500     |
|    fps             | 264      |
|    time_elapsed    | 952      |
|    total_timesteps | 252000   |
---------------------------------
---------------------------------
| rollout/           |          |
|    ep_len_mean     | 100      |
|    ep_rew_mean     | -100     |
|    success_rate    | 0        |
| time/              |          |
|    episodes        | 2504     |
|    fps             | 264      |
|    time_elapsed    | 952      |
|    total_timesteps | 252000   |
---------------------------------
---------------------------------
| rollout/           |          |
|    ep_len_mean     | 100      |
|    ep_rew_mean     | -100     |
|    success_rate    | 0        |
| time/              |          |
|    episodes        | 2508     |
|    fps             | 264      |
|    time_elapsed    | 952      |
|    total_timesteps | 252000   |
---------------------------------
---------------------------------
| rollout/           |          |
|    ep_len_mean     | 100      |
|    ep_rew_mean     | -100     |
|    success_rate    | 0        |
| time/              |          |
|    episodes        | 2512     |
|    fps             | 264      |
|    time_elapsed    | 952      |
|    total_timesteps | 252000   |
---------------------------------
---------------------------------
| rollout/           |          |
|    ep_len_mean     | 100      |
|    ep_rew_mean     | -100     |
|    success_rate    | 0        |
| time/              |          |
|    episodes        | 2516     |
|    fps             | 264      |
|    time_elapsed    | 952      |
|    total_timesteps | 252000   |
---------------------------------
---------------------------------
| rollout/           |          |
|    ep_len_mean     | 100      |
|    ep_rew_mean     | -100     |
|    success_rate    | 0        |
| time/              |          |
|    episodes        | 2520     |
|    fps             | 264      |
|    time_elapsed    | 952      |
|    total_timesteps | 252000   |
---------------------------------
---------------------------------
| rollout/           |          |
|    ep_len_mean     | 100      |
|    ep_rew_mean     | -100     |
|    success_rate    | 0        |
| time/              |          |
|    episodes        | 2524     |
|    fps             | 266      |
|    time_elapsed    | 960      |
|    total_timesteps | 255600   |
| train/             |          |
|    actor_loss      | 1.75     |
|    critic_loss     | 0.00263  |
|    ent_coef        | 0.0013   |
|    ent_coef_loss   | -155     |
|    learning_rate   | 0.001    |
|    n_updates       | 6822     |
---------------------------------
---------------------------------
| rollout/           |          |
|    ep_len_mean     | 100      |
|    ep_rew_mean     | -100     |
|    success_rate    | 0        |
| time/              |          |
|    episodes        | 2528     |
|    fps             | 266      |
|    time_elapsed    | 960      |
|    total_timesteps | 255600   |
---------------------------------
---------------------------------
| rollout/           |          |
|    ep_len_mean     | 100      |
|    ep_rew_mean     | -100     |
|    success_rate    | 0        |
| time/              |          |
|    episodes        | 2532     |
|    fps             | 266      |
|    time_elapsed    | 960      |
|    total_timesteps | 255600   |
---------------------------------
---------------------------------
| rollout/           |          |
|    ep_len_mean     | 100      |
|    ep_rew_mean     | -100     |
|    success_rate    | 0        |
| time/              |          |
|    episodes        | 2536     |
|    fps             | 266      |
|    time_elapsed    | 960      |
|    total_timesteps | 255600   |
---------------------------------
---------------------------------
| rollout/           |          |
|    ep_len_mean     | 100      |
|    ep_rew_mean     | -100     |
|    success_rate    | 0        |
| time/              |          |
|    episodes        | 2540     |
|    fps             | 266      |
|    time_elapsed    | 960      |
|    total_timesteps | 255600   |
---------------------------------
---------------------------------
| rollout/           |          |
|    ep_len_mean     | 100      |
|    ep_rew_mean     | -100     |
|    success_rate    | 0        |
| time/              |          |
|    episodes        | 2544     |
|    fps             | 266      |
|    time_elapsed    | 960      |
|    total_timesteps | 255600   |
---------------------------------
---------------------------------
| rollout/           |          |
|    ep_len_mean     | 100      |
|    ep_rew_mean     | -100     |
|    success_rate    | 0        |
| time/              |          |
|    episodes        | 2548     |
|    fps             | 266      |
|    time_elapsed    | 960      |
|    total_timesteps | 255600   |
---------------------------------
---------------------------------
| rollout/           |          |
|    ep_len_mean     | 100      |
|    ep_rew_mean     | -100     |
|    success_rate    | 0        |
| time/              |          |
|    episodes        | 2552     |
|    fps             | 266      |
|    time_elapsed    | 960      |
|    total_timesteps | 255600   |
---------------------------------
---------------------------------
| rollout/           |          |
|    ep_len_mean     | 100      |
|    ep_rew_mean     | -100     |
|    success_rate    | 0        |
| time/              |          |
|    episodes        | 2556     |
|    fps             | 266      |
|    time_elapsed    | 960      |
|    total_timesteps | 255600   |
---------------------------------
---------------------------------
| rollout/           |          |
|    ep_len_mean     | 100      |
|    ep_rew_mean     | -100     |
|    success_rate    | 0        |
| time/              |          |
|    episodes        | 2560     |
|    fps             | 267      |
|    time_elapsed    | 969      |
|    total_timesteps | 259200   |
| train/             |          |
|    actor_loss      | 1.7      |
|    critic_loss     | 0.00297  |
|    ent_coef        | 0.0012   |
|    ent_coef_loss   | -156     |
|    learning_rate   | 0.001    |
|    n_updates       | 6922     |
---------------------------------
---------------------------------
| rollout/           |          |
|    ep_len_mean     | 100      |
|    ep_rew_mean     | -100     |
|    success_rate    | 0        |
| time/              |          |
|    episodes        | 2564     |
|    fps             | 267      |
|    time_elapsed    | 969      |
|    total_timesteps | 259200   |
---------------------------------
---------------------------------
| rollout/           |          |
|    ep_len_mean     | 100      |
|    ep_rew_mean     | -100     |
|    success_rate    | 0        |
| time/              |          |
|    episodes        | 2568     |
|    fps             | 267      |
|    time_elapsed    | 969      |
|    total_timesteps | 259200   |
---------------------------------
---------------------------------
| rollout/           |          |
|    ep_len_mean     | 100      |
|    ep_rew_mean     | -100     |
|    success_rate    | 0        |
| time/              |          |
|    episodes        | 2572     |
|    fps             | 267      |
|    time_elapsed    | 969      |
|    total_timesteps | 259200   |
---------------------------------
---------------------------------
| rollout/           |          |
|    ep_len_mean     | 100      |
|    ep_rew_mean     | -100     |
|    success_rate    | 0        |
| time/              |          |
|    episodes        | 2576     |
|    fps             | 267      |
|    time_elapsed    | 969      |
|    total_timesteps | 259200   |
---------------------------------
---------------------------------
| rollout/           |          |
|    ep_len_mean     | 100      |
|    ep_rew_mean     | -100     |
|    success_rate    | 0        |
| time/              |          |
|    episodes        | 2580     |
|    fps             | 267      |
|    time_elapsed    | 969      |
|    total_timesteps | 259200   |
---------------------------------
---------------------------------
| rollout/           |          |
|    ep_len_mean     | 100      |
|    ep_rew_mean     | -100     |
|    success_rate    | 0        |
| time/              |          |
|    episodes        | 2584     |
|    fps             | 267      |
|    time_elapsed    | 969      |
|    total_timesteps | 259200   |
---------------------------------
---------------------------------
| rollout/           |          |
|    ep_len_mean     | 100      |
|    ep_rew_mean     | -100     |
|    success_rate    | 0        |
| time/              |          |
|    episodes        | 2588     |
|    fps             | 267      |
|    time_elapsed    | 969      |
|    total_timesteps | 259200   |
---------------------------------
---------------------------------
| rollout/           |          |
|    ep_len_mean     | 100      |
|    ep_rew_mean     | -100     |
|    success_rate    | 0        |
| time/              |          |
|    episodes        | 2592     |
|    fps             | 267      |
|    time_elapsed    | 969      |
|    total_timesteps | 259200   |
---------------------------------

Running evaluation at 260208 timesteps...
Successfully copied normalization stats
Evaluation results: {'eval/mean_reward': np.float32(-100.0), 'eval/std_reward': np.float32(0.0), 'eval/success_rate': np.float64(0.0)}
---------------------------------
| rollout/           |          |
|    ep_len_mean     | 100      |
|    ep_rew_mean     | -100     |
|    success_rate    | 0        |
| time/              |          |
|    episodes        | 2596     |
|    fps             | 261      |
|    time_elapsed    | 1006     |
|    total_timesteps | 262800   |
| train/             |          |
|    actor_loss      | 1.66     |
|    critic_loss     | 0.00309  |
|    ent_coef        | 0.0011   |
|    ent_coef_loss   | -152     |
|    learning_rate   | 0.001    |
|    n_updates       | 7022     |
---------------------------------
---------------------------------
| rollout/           |          |
|    ep_len_mean     | 100      |
|    ep_rew_mean     | -100     |
|    success_rate    | 0        |
| time/              |          |
|    episodes        | 2600     |
|    fps             | 261      |
|    time_elapsed    | 1006     |
|    total_timesteps | 262800   |
---------------------------------
---------------------------------
| rollout/           |          |
|    ep_len_mean     | 100      |
|    ep_rew_mean     | -100     |
|    success_rate    | 0        |
| time/              |          |
|    episodes        | 2604     |
|    fps             | 261      |
|    time_elapsed    | 1006     |
|    total_timesteps | 262800   |
---------------------------------
---------------------------------
| rollout/           |          |
|    ep_len_mean     | 100      |
|    ep_rew_mean     | -100     |
|    success_rate    | 0        |
| time/              |          |
|    episodes        | 2608     |
|    fps             | 261      |
|    time_elapsed    | 1006     |
|    total_timesteps | 262800   |
---------------------------------
---------------------------------
| rollout/           |          |
|    ep_len_mean     | 100      |
|    ep_rew_mean     | -100     |
|    success_rate    | 0        |
| time/              |          |
|    episodes        | 2612     |
|    fps             | 261      |
|    time_elapsed    | 1006     |
|    total_timesteps | 262800   |
---------------------------------
---------------------------------
| rollout/           |          |
|    ep_len_mean     | 100      |
|    ep_rew_mean     | -100     |
|    success_rate    | 0        |
| time/              |          |
|    episodes        | 2616     |
|    fps             | 261      |
|    time_elapsed    | 1006     |
|    total_timesteps | 262800   |
---------------------------------
---------------------------------
| rollout/           |          |
|    ep_len_mean     | 100      |
|    ep_rew_mean     | -100     |
|    success_rate    | 0        |
| time/              |          |
|    episodes        | 2620     |
|    fps             | 261      |
|    time_elapsed    | 1006     |
|    total_timesteps | 262800   |
---------------------------------
---------------------------------
| rollout/           |          |
|    ep_len_mean     | 100      |
|    ep_rew_mean     | -100     |
|    success_rate    | 0        |
| time/              |          |
|    episodes        | 2624     |
|    fps             | 261      |
|    time_elapsed    | 1006     |
|    total_timesteps | 262800   |
---------------------------------
---------------------------------
| rollout/           |          |
|    ep_len_mean     | 100      |
|    ep_rew_mean     | -100     |
|    success_rate    | 0        |
| time/              |          |
|    episodes        | 2628     |
|    fps             | 261      |
|    time_elapsed    | 1006     |
|    total_timesteps | 262800   |
---------------------------------
---------------------------------
| rollout/           |          |
|    ep_len_mean     | 100      |
|    ep_rew_mean     | -100     |
|    success_rate    | 0        |
| time/              |          |
|    episodes        | 2632     |
|    fps             | 261      |
|    time_elapsed    | 1018     |
|    total_timesteps | 266400   |
| train/             |          |
|    actor_loss      | 1.67     |
|    critic_loss     | 0.00293  |
|    ent_coef        | 0.00102  |
|    ent_coef_loss   | -138     |
|    learning_rate   | 0.001    |
|    n_updates       | 7122     |
---------------------------------
---------------------------------
| rollout/           |          |
|    ep_len_mean     | 100      |
|    ep_rew_mean     | -100     |
|    success_rate    | 0        |
| time/              |          |
|    episodes        | 2636     |
|    fps             | 261      |
|    time_elapsed    | 1018     |
|    total_timesteps | 266400   |
---------------------------------
---------------------------------
| rollout/           |          |
|    ep_len_mean     | 100      |
|    ep_rew_mean     | -100     |
|    success_rate    | 0        |
| time/              |          |
|    episodes        | 2640     |
|    fps             | 261      |
|    time_elapsed    | 1018     |
|    total_timesteps | 266400   |
---------------------------------
---------------------------------
| rollout/           |          |
|    ep_len_mean     | 100      |
|    ep_rew_mean     | -100     |
|    success_rate    | 0        |
| time/              |          |
|    episodes        | 2644     |
|    fps             | 261      |
|    time_elapsed    | 1018     |
|    total_timesteps | 266400   |
---------------------------------
---------------------------------
| rollout/           |          |
|    ep_len_mean     | 100      |
|    ep_rew_mean     | -100     |
|    success_rate    | 0        |
| time/              |          |
|    episodes        | 2648     |
|    fps             | 261      |
|    time_elapsed    | 1018     |
|    total_timesteps | 266400   |
---------------------------------
---------------------------------
| rollout/           |          |
|    ep_len_mean     | 100      |
|    ep_rew_mean     | -100     |
|    success_rate    | 0        |
| time/              |          |
|    episodes        | 2652     |
|    fps             | 261      |
|    time_elapsed    | 1018     |
|    total_timesteps | 266400   |
---------------------------------
---------------------------------
| rollout/           |          |
|    ep_len_mean     | 100      |
|    ep_rew_mean     | -100     |
|    success_rate    | 0        |
| time/              |          |
|    episodes        | 2656     |
|    fps             | 261      |
|    time_elapsed    | 1018     |
|    total_timesteps | 266400   |
---------------------------------
---------------------------------
| rollout/           |          |
|    ep_len_mean     | 100      |
|    ep_rew_mean     | -100     |
|    success_rate    | 0        |
| time/              |          |
|    episodes        | 2660     |
|    fps             | 261      |
|    time_elapsed    | 1018     |
|    total_timesteps | 266400   |
---------------------------------
---------------------------------
| rollout/           |          |
|    ep_len_mean     | 100      |
|    ep_rew_mean     | -100     |
|    success_rate    | 0        |
| time/              |          |
|    episodes        | 2664     |
|    fps             | 261      |
|    time_elapsed    | 1018     |
|    total_timesteps | 266400   |
---------------------------------
---------------------------------
| rollout/           |          |
|    ep_len_mean     | 100      |
|    ep_rew_mean     | -100     |
|    success_rate    | 0        |
| time/              |          |
|    episodes        | 2668     |
|    fps             | 262      |
|    time_elapsed    | 1026     |
|    total_timesteps | 270000   |
| train/             |          |
|    actor_loss      | 1.74     |
|    critic_loss     | 0.00248  |
|    ent_coef        | 0.000939 |
|    ent_coef_loss   | -150     |
|    learning_rate   | 0.001    |
|    n_updates       | 7222     |
---------------------------------
---------------------------------
| rollout/           |          |
|    ep_len_mean     | 100      |
|    ep_rew_mean     | -100     |
|    success_rate    | 0        |
| time/              |          |
|    episodes        | 2672     |
|    fps             | 262      |
|    time_elapsed    | 1026     |
|    total_timesteps | 270000   |
---------------------------------
---------------------------------
| rollout/           |          |
|    ep_len_mean     | 100      |
|    ep_rew_mean     | -100     |
|    success_rate    | 0        |
| time/              |          |
|    episodes        | 2676     |
|    fps             | 262      |
|    time_elapsed    | 1026     |
|    total_timesteps | 270000   |
---------------------------------
---------------------------------
| rollout/           |          |
|    ep_len_mean     | 100      |
|    ep_rew_mean     | -100     |
|    success_rate    | 0        |
| time/              |          |
|    episodes        | 2680     |
|    fps             | 262      |
|    time_elapsed    | 1026     |
|    total_timesteps | 270000   |
---------------------------------
---------------------------------
| rollout/           |          |
|    ep_len_mean     | 100      |
|    ep_rew_mean     | -100     |
|    success_rate    | 0        |
| time/              |          |
|    episodes        | 2684     |
|    fps             | 262      |
|    time_elapsed    | 1026     |
|    total_timesteps | 270000   |
---------------------------------
---------------------------------
| rollout/           |          |
|    ep_len_mean     | 100      |
|    ep_rew_mean     | -100     |
|    success_rate    | 0        |
| time/              |          |
|    episodes        | 2688     |
|    fps             | 262      |
|    time_elapsed    | 1026     |
|    total_timesteps | 270000   |
---------------------------------
---------------------------------
| rollout/           |          |
|    ep_len_mean     | 100      |
|    ep_rew_mean     | -100     |
|    success_rate    | 0        |
| time/              |          |
|    episodes        | 2692     |
|    fps             | 262      |
|    time_elapsed    | 1026     |
|    total_timesteps | 270000   |
---------------------------------
---------------------------------
| rollout/           |          |
|    ep_len_mean     | 100      |
|    ep_rew_mean     | -100     |
|    success_rate    | 0        |
| time/              |          |
|    episodes        | 2696     |
|    fps             | 262      |
|    time_elapsed    | 1026     |
|    total_timesteps | 270000   |
---------------------------------
---------------------------------
| rollout/           |          |
|    ep_len_mean     | 100      |
|    ep_rew_mean     | -100     |
|    success_rate    | 0        |
| time/              |          |
|    episodes        | 2700     |
|    fps             | 262      |
|    time_elapsed    | 1026     |
|    total_timesteps | 270000   |
---------------------------------
---------------------------------
| rollout/           |          |
|    ep_len_mean     | 100      |
|    ep_rew_mean     | -100     |
|    success_rate    | 0        |
| time/              |          |
|    episodes        | 2704     |
|    fps             | 263      |
|    time_elapsed    | 1038     |
|    total_timesteps | 273600   |
| train/             |          |
|    actor_loss      | 1.66     |
|    critic_loss     | 0.00285  |
|    ent_coef        | 0.000867 |
|    ent_coef_loss   | -141     |
|    learning_rate   | 0.001    |
|    n_updates       | 7322     |
---------------------------------
---------------------------------
| rollout/           |          |
|    ep_len_mean     | 100      |
|    ep_rew_mean     | -100     |
|    success_rate    | 0        |
| time/              |          |
|    episodes        | 2708     |
|    fps             | 263      |
|    time_elapsed    | 1038     |
|    total_timesteps | 273600   |
---------------------------------
---------------------------------
| rollout/           |          |
|    ep_len_mean     | 100      |
|    ep_rew_mean     | -100     |
|    success_rate    | 0        |
| time/              |          |
|    episodes        | 2712     |
|    fps             | 263      |
|    time_elapsed    | 1038     |
|    total_timesteps | 273600   |
---------------------------------
---------------------------------
| rollout/           |          |
|    ep_len_mean     | 100      |
|    ep_rew_mean     | -100     |
|    success_rate    | 0        |
| time/              |          |
|    episodes        | 2716     |
|    fps             | 263      |
|    time_elapsed    | 1038     |
|    total_timesteps | 273600   |
---------------------------------
---------------------------------
| rollout/           |          |
|    ep_len_mean     | 100      |
|    ep_rew_mean     | -100     |
|    success_rate    | 0        |
| time/              |          |
|    episodes        | 2720     |
|    fps             | 263      |
|    time_elapsed    | 1038     |
|    total_timesteps | 273600   |
---------------------------------
---------------------------------
| rollout/           |          |
|    ep_len_mean     | 100      |
|    ep_rew_mean     | -100     |
|    success_rate    | 0        |
| time/              |          |
|    episodes        | 2724     |
|    fps             | 263      |
|    time_elapsed    | 1038     |
|    total_timesteps | 273600   |
---------------------------------
---------------------------------
| rollout/           |          |
|    ep_len_mean     | 100      |
|    ep_rew_mean     | -100     |
|    success_rate    | 0        |
| time/              |          |
|    episodes        | 2728     |
|    fps             | 263      |
|    time_elapsed    | 1038     |
|    total_timesteps | 273600   |
---------------------------------
---------------------------------
| rollout/           |          |
|    ep_len_mean     | 100      |
|    ep_rew_mean     | -100     |
|    success_rate    | 0        |
| time/              |          |
|    episodes        | 2732     |
|    fps             | 263      |
|    time_elapsed    | 1038     |
|    total_timesteps | 273600   |
---------------------------------
---------------------------------
| rollout/           |          |
|    ep_len_mean     | 100      |
|    ep_rew_mean     | -100     |
|    success_rate    | 0        |
| time/              |          |
|    episodes        | 2736     |
|    fps             | 263      |
|    time_elapsed    | 1038     |
|    total_timesteps | 273600   |
---------------------------------
---------------------------------
| rollout/           |          |
|    ep_len_mean     | 100      |
|    ep_rew_mean     | -100     |
|    success_rate    | 0        |
| time/              |          |
|    episodes        | 2740     |
|    fps             | 264      |
|    time_elapsed    | 1046     |
|    total_timesteps | 277200   |
| train/             |          |
|    actor_loss      | 1.7      |
|    critic_loss     | 0.00277  |
|    ent_coef        | 0.000802 |
|    ent_coef_loss   | -138     |
|    learning_rate   | 0.001    |
|    n_updates       | 7422     |
---------------------------------
---------------------------------
| rollout/           |          |
|    ep_len_mean     | 100      |
|    ep_rew_mean     | -100     |
|    success_rate    | 0        |
| time/              |          |
|    episodes        | 2744     |
|    fps             | 264      |
|    time_elapsed    | 1046     |
|    total_timesteps | 277200   |
---------------------------------
---------------------------------
| rollout/           |          |
|    ep_len_mean     | 100      |
|    ep_rew_mean     | -100     |
|    success_rate    | 0        |
| time/              |          |
|    episodes        | 2748     |
|    fps             | 264      |
|    time_elapsed    | 1046     |
|    total_timesteps | 277200   |
---------------------------------
---------------------------------
| rollout/           |          |
|    ep_len_mean     | 100      |
|    ep_rew_mean     | -100     |
|    success_rate    | 0        |
| time/              |          |
|    episodes        | 2752     |
|    fps             | 264      |
|    time_elapsed    | 1046     |
|    total_timesteps | 277200   |
---------------------------------
---------------------------------
| rollout/           |          |
|    ep_len_mean     | 100      |
|    ep_rew_mean     | -100     |
|    success_rate    | 0        |
| time/              |          |
|    episodes        | 2756     |
|    fps             | 264      |
|    time_elapsed    | 1046     |
|    total_timesteps | 277200   |
---------------------------------
---------------------------------
| rollout/           |          |
|    ep_len_mean     | 100      |
|    ep_rew_mean     | -100     |
|    success_rate    | 0        |
| time/              |          |
|    episodes        | 2760     |
|    fps             | 264      |
|    time_elapsed    | 1046     |
|    total_timesteps | 277200   |
---------------------------------
---------------------------------
| rollout/           |          |
|    ep_len_mean     | 100      |
|    ep_rew_mean     | -100     |
|    success_rate    | 0        |
| time/              |          |
|    episodes        | 2764     |
|    fps             | 264      |
|    time_elapsed    | 1046     |
|    total_timesteps | 277200   |
---------------------------------
---------------------------------
| rollout/           |          |
|    ep_len_mean     | 100      |
|    ep_rew_mean     | -100     |
|    success_rate    | 0        |
| time/              |          |
|    episodes        | 2768     |
|    fps             | 264      |
|    time_elapsed    | 1046     |
|    total_timesteps | 277200   |
---------------------------------
---------------------------------
| rollout/           |          |
|    ep_len_mean     | 100      |
|    ep_rew_mean     | -100     |
|    success_rate    | 0        |
| time/              |          |
|    episodes        | 2772     |
|    fps             | 264      |
|    time_elapsed    | 1046     |
|    total_timesteps | 277200   |
---------------------------------

Running evaluation at 280224 timesteps...
Successfully copied normalization stats
Evaluation results: {'eval/mean_reward': np.float32(-100.0), 'eval/std_reward': np.float32(0.0), 'eval/success_rate': np.float64(0.0)}
---------------------------------
| rollout/           |          |
|    ep_len_mean     | 100      |
|    ep_rew_mean     | -100     |
|    success_rate    | 0        |
| time/              |          |
|    episodes        | 2776     |
|    fps             | 259      |
|    time_elapsed    | 1083     |
|    total_timesteps | 280800   |
| train/             |          |
|    actor_loss      | 1.77     |
|    critic_loss     | 0.0028   |
|    ent_coef        | 0.000742 |
|    ent_coef_loss   | -129     |
|    learning_rate   | 0.001    |
|    n_updates       | 7522     |
---------------------------------
---------------------------------
| rollout/           |          |
|    ep_len_mean     | 100      |
|    ep_rew_mean     | -100     |
|    success_rate    | 0        |
| time/              |          |
|    episodes        | 2780     |
|    fps             | 259      |
|    time_elapsed    | 1083     |
|    total_timesteps | 280800   |
---------------------------------
---------------------------------
| rollout/           |          |
|    ep_len_mean     | 100      |
|    ep_rew_mean     | -100     |
|    success_rate    | 0        |
| time/              |          |
|    episodes        | 2784     |
|    fps             | 259      |
|    time_elapsed    | 1083     |
|    total_timesteps | 280800   |
---------------------------------
---------------------------------
| rollout/           |          |
|    ep_len_mean     | 100      |
|    ep_rew_mean     | -100     |
|    success_rate    | 0        |
| time/              |          |
|    episodes        | 2788     |
|    fps             | 259      |
|    time_elapsed    | 1083     |
|    total_timesteps | 280800   |
---------------------------------
---------------------------------
| rollout/           |          |
|    ep_len_mean     | 100      |
|    ep_rew_mean     | -100     |
|    success_rate    | 0        |
| time/              |          |
|    episodes        | 2792     |
|    fps             | 259      |
|    time_elapsed    | 1083     |
|    total_timesteps | 280800   |
---------------------------------
---------------------------------
| rollout/           |          |
|    ep_len_mean     | 100      |
|    ep_rew_mean     | -100     |
|    success_rate    | 0        |
| time/              |          |
|    episodes        | 2796     |
|    fps             | 259      |
|    time_elapsed    | 1083     |
|    total_timesteps | 280800   |
---------------------------------
---------------------------------
| rollout/           |          |
|    ep_len_mean     | 100      |
|    ep_rew_mean     | -100     |
|    success_rate    | 0        |
| time/              |          |
|    episodes        | 2800     |
|    fps             | 259      |
|    time_elapsed    | 1083     |
|    total_timesteps | 280800   |
---------------------------------
---------------------------------
| rollout/           |          |
|    ep_len_mean     | 100      |
|    ep_rew_mean     | -100     |
|    success_rate    | 0        |
| time/              |          |
|    episodes        | 2804     |
|    fps             | 259      |
|    time_elapsed    | 1083     |
|    total_timesteps | 280800   |
---------------------------------
---------------------------------
| rollout/           |          |
|    ep_len_mean     | 100      |
|    ep_rew_mean     | -100     |
|    success_rate    | 0        |
| time/              |          |
|    episodes        | 2808     |
|    fps             | 259      |
|    time_elapsed    | 1083     |
|    total_timesteps | 280800   |
---------------------------------
---------------------------------
| rollout/           |          |
|    ep_len_mean     | 100      |
|    ep_rew_mean     | -100     |
|    success_rate    | 0        |
| time/              |          |
|    episodes        | 2812     |
|    fps             | 259      |
|    time_elapsed    | 1095     |
|    total_timesteps | 284400   |
| train/             |          |
|    actor_loss      | 1.75     |
|    critic_loss     | 0.0036   |
|    ent_coef        | 0.000688 |
|    ent_coef_loss   | -124     |
|    learning_rate   | 0.001    |
|    n_updates       | 7622     |
---------------------------------
---------------------------------
| rollout/           |          |
|    ep_len_mean     | 100      |
|    ep_rew_mean     | -100     |
|    success_rate    | 0        |
| time/              |          |
|    episodes        | 2816     |
|    fps             | 259      |
|    time_elapsed    | 1095     |
|    total_timesteps | 284400   |
---------------------------------
---------------------------------
| rollout/           |          |
|    ep_len_mean     | 100      |
|    ep_rew_mean     | -100     |
|    success_rate    | 0        |
| time/              |          |
|    episodes        | 2820     |
|    fps             | 259      |
|    time_elapsed    | 1095     |
|    total_timesteps | 284400   |
---------------------------------
---------------------------------
| rollout/           |          |
|    ep_len_mean     | 100      |
|    ep_rew_mean     | -100     |
|    success_rate    | 0        |
| time/              |          |
|    episodes        | 2824     |
|    fps             | 259      |
|    time_elapsed    | 1095     |
|    total_timesteps | 284400   |
---------------------------------
---------------------------------
| rollout/           |          |
|    ep_len_mean     | 100      |
|    ep_rew_mean     | -100     |
|    success_rate    | 0        |
| time/              |          |
|    episodes        | 2828     |
|    fps             | 259      |
|    time_elapsed    | 1095     |
|    total_timesteps | 284400   |
---------------------------------
---------------------------------
| rollout/           |          |
|    ep_len_mean     | 100      |
|    ep_rew_mean     | -100     |
|    success_rate    | 0        |
| time/              |          |
|    episodes        | 2832     |
|    fps             | 259      |
|    time_elapsed    | 1095     |
|    total_timesteps | 284400   |
---------------------------------
---------------------------------
| rollout/           |          |
|    ep_len_mean     | 100      |
|    ep_rew_mean     | -100     |
|    success_rate    | 0        |
| time/              |          |
|    episodes        | 2836     |
|    fps             | 259      |
|    time_elapsed    | 1095     |
|    total_timesteps | 284400   |
---------------------------------
---------------------------------
| rollout/           |          |
|    ep_len_mean     | 100      |
|    ep_rew_mean     | -100     |
|    success_rate    | 0        |
| time/              |          |
|    episodes        | 2840     |
|    fps             | 259      |
|    time_elapsed    | 1095     |
|    total_timesteps | 284400   |
---------------------------------
---------------------------------
| rollout/           |          |
|    ep_len_mean     | 100      |
|    ep_rew_mean     | -100     |
|    success_rate    | 0        |
| time/              |          |
|    episodes        | 2844     |
|    fps             | 259      |
|    time_elapsed    | 1095     |
|    total_timesteps | 284400   |
---------------------------------
---------------------------------
| rollout/           |          |
|    ep_len_mean     | 100      |
|    ep_rew_mean     | -100     |
|    success_rate    | 0        |
| time/              |          |
|    episodes        | 2848     |
|    fps             | 260      |
|    time_elapsed    | 1103     |
|    total_timesteps | 288000   |
| train/             |          |
|    actor_loss      | 1.67     |
|    critic_loss     | 0.00269  |
|    ent_coef        | 0.000638 |
|    ent_coef_loss   | -139     |
|    learning_rate   | 0.001    |
|    n_updates       | 7722     |
---------------------------------
---------------------------------
| rollout/           |          |
|    ep_len_mean     | 100      |
|    ep_rew_mean     | -100     |
|    success_rate    | 0        |
| time/              |          |
|    episodes        | 2852     |
|    fps             | 260      |
|    time_elapsed    | 1103     |
|    total_timesteps | 288000   |
---------------------------------
---------------------------------
| rollout/           |          |
|    ep_len_mean     | 100      |
|    ep_rew_mean     | -100     |
|    success_rate    | 0        |
| time/              |          |
|    episodes        | 2856     |
|    fps             | 260      |
|    time_elapsed    | 1103     |
|    total_timesteps | 288000   |
---------------------------------
---------------------------------
| rollout/           |          |
|    ep_len_mean     | 100      |
|    ep_rew_mean     | -100     |
|    success_rate    | 0        |
| time/              |          |
|    episodes        | 2860     |
|    fps             | 260      |
|    time_elapsed    | 1103     |
|    total_timesteps | 288000   |
---------------------------------
---------------------------------
| rollout/           |          |
|    ep_len_mean     | 100      |
|    ep_rew_mean     | -100     |
|    success_rate    | 0        |
| time/              |          |
|    episodes        | 2864     |
|    fps             | 260      |
|    time_elapsed    | 1103     |
|    total_timesteps | 288000   |
---------------------------------
---------------------------------
| rollout/           |          |
|    ep_len_mean     | 100      |
|    ep_rew_mean     | -100     |
|    success_rate    | 0        |
| time/              |          |
|    episodes        | 2868     |
|    fps             | 260      |
|    time_elapsed    | 1103     |
|    total_timesteps | 288000   |
---------------------------------
---------------------------------
| rollout/           |          |
|    ep_len_mean     | 100      |
|    ep_rew_mean     | -100     |
|    success_rate    | 0        |
| time/              |          |
|    episodes        | 2872     |
|    fps             | 260      |
|    time_elapsed    | 1103     |
|    total_timesteps | 288000   |
---------------------------------
---------------------------------
| rollout/           |          |
|    ep_len_mean     | 100      |
|    ep_rew_mean     | -100     |
|    success_rate    | 0        |
| time/              |          |
|    episodes        | 2876     |
|    fps             | 260      |
|    time_elapsed    | 1103     |
|    total_timesteps | 288000   |
---------------------------------
---------------------------------
| rollout/           |          |
|    ep_len_mean     | 100      |
|    ep_rew_mean     | -100     |
|    success_rate    | 0        |
| time/              |          |
|    episodes        | 2880     |
|    fps             | 260      |
|    time_elapsed    | 1103     |
|    total_timesteps | 288000   |
---------------------------------
---------------------------------
| rollout/           |          |
|    ep_len_mean     | 100      |
|    ep_rew_mean     | -100     |
|    success_rate    | 0        |
| time/              |          |
|    episodes        | 2884     |
|    fps             | 262      |
|    time_elapsed    | 1112     |
|    total_timesteps | 291600   |
| train/             |          |
|    actor_loss      | 1.7      |
|    critic_loss     | 0.00291  |
|    ent_coef        | 0.000593 |
|    ent_coef_loss   | -117     |
|    learning_rate   | 0.001    |
|    n_updates       | 7822     |
---------------------------------
---------------------------------
| rollout/           |          |
|    ep_len_mean     | 100      |
|    ep_rew_mean     | -100     |
|    success_rate    | 0        |
| time/              |          |
|    episodes        | 2888     |
|    fps             | 262      |
|    time_elapsed    | 1112     |
|    total_timesteps | 291600   |
---------------------------------
---------------------------------
| rollout/           |          |
|    ep_len_mean     | 100      |
|    ep_rew_mean     | -100     |
|    success_rate    | 0        |
| time/              |          |
|    episodes        | 2892     |
|    fps             | 262      |
|    time_elapsed    | 1112     |
|    total_timesteps | 291600   |
---------------------------------
---------------------------------
| rollout/           |          |
|    ep_len_mean     | 100      |
|    ep_rew_mean     | -100     |
|    success_rate    | 0        |
| time/              |          |
|    episodes        | 2896     |
|    fps             | 262      |
|    time_elapsed    | 1112     |
|    total_timesteps | 291600   |
---------------------------------
---------------------------------
| rollout/           |          |
|    ep_len_mean     | 100      |
|    ep_rew_mean     | -100     |
|    success_rate    | 0        |
| time/              |          |
|    episodes        | 2900     |
|    fps             | 262      |
|    time_elapsed    | 1112     |
|    total_timesteps | 291600   |
---------------------------------
---------------------------------
| rollout/           |          |
|    ep_len_mean     | 100      |
|    ep_rew_mean     | -100     |
|    success_rate    | 0        |
| time/              |          |
|    episodes        | 2904     |
|    fps             | 262      |
|    time_elapsed    | 1112     |
|    total_timesteps | 291600   |
---------------------------------
---------------------------------
| rollout/           |          |
|    ep_len_mean     | 100      |
|    ep_rew_mean     | -100     |
|    success_rate    | 0        |
| time/              |          |
|    episodes        | 2908     |
|    fps             | 262      |
|    time_elapsed    | 1112     |
|    total_timesteps | 291600   |
---------------------------------
---------------------------------
| rollout/           |          |
|    ep_len_mean     | 100      |
|    ep_rew_mean     | -100     |
|    success_rate    | 0        |
| time/              |          |
|    episodes        | 2912     |
|    fps             | 262      |
|    time_elapsed    | 1112     |
|    total_timesteps | 291600   |
---------------------------------
---------------------------------
| rollout/           |          |
|    ep_len_mean     | 100      |
|    ep_rew_mean     | -100     |
|    success_rate    | 0        |
| time/              |          |
|    episodes        | 2916     |
|    fps             | 262      |
|    time_elapsed    | 1112     |
|    total_timesteps | 291600   |
---------------------------------
---------------------------------
| rollout/           |          |
|    ep_len_mean     | 100      |
|    ep_rew_mean     | -100     |
|    success_rate    | 0        |
| time/              |          |
|    episodes        | 2920     |
|    fps             | 263      |
|    time_elapsed    | 1120     |
|    total_timesteps | 295200   |
| train/             |          |
|    actor_loss      | 1.7      |
|    critic_loss     | 0.00282  |
|    ent_coef        | 0.000553 |
|    ent_coef_loss   | -108     |
|    learning_rate   | 0.001    |
|    n_updates       | 7922     |
---------------------------------
---------------------------------
| rollout/           |          |
|    ep_len_mean     | 100      |
|    ep_rew_mean     | -100     |
|    success_rate    | 0        |
| time/              |          |
|    episodes        | 2924     |
|    fps             | 263      |
|    time_elapsed    | 1120     |
|    total_timesteps | 295200   |
---------------------------------
---------------------------------
| rollout/           |          |
|    ep_len_mean     | 100      |
|    ep_rew_mean     | -100     |
|    success_rate    | 0        |
| time/              |          |
|    episodes        | 2928     |
|    fps             | 263      |
|    time_elapsed    | 1120     |
|    total_timesteps | 295200   |
---------------------------------
---------------------------------
| rollout/           |          |
|    ep_len_mean     | 100      |
|    ep_rew_mean     | -100     |
|    success_rate    | 0        |
| time/              |          |
|    episodes        | 2932     |
|    fps             | 263      |
|    time_elapsed    | 1120     |
|    total_timesteps | 295200   |
---------------------------------
---------------------------------
| rollout/           |          |
|    ep_len_mean     | 100      |
|    ep_rew_mean     | -100     |
|    success_rate    | 0        |
| time/              |          |
|    episodes        | 2936     |
|    fps             | 263      |
|    time_elapsed    | 1120     |
|    total_timesteps | 295200   |
---------------------------------
---------------------------------
| rollout/           |          |
|    ep_len_mean     | 100      |
|    ep_rew_mean     | -100     |
|    success_rate    | 0        |
| time/              |          |
|    episodes        | 2940     |
|    fps             | 263      |
|    time_elapsed    | 1120     |
|    total_timesteps | 295200   |
---------------------------------
---------------------------------
| rollout/           |          |
|    ep_len_mean     | 100      |
|    ep_rew_mean     | -100     |
|    success_rate    | 0        |
| time/              |          |
|    episodes        | 2944     |
|    fps             | 263      |
|    time_elapsed    | 1120     |
|    total_timesteps | 295200   |
---------------------------------
---------------------------------
| rollout/           |          |
|    ep_len_mean     | 100      |
|    ep_rew_mean     | -100     |
|    success_rate    | 0        |
| time/              |          |
|    episodes        | 2948     |
|    fps             | 263      |
|    time_elapsed    | 1120     |
|    total_timesteps | 295200   |
---------------------------------
---------------------------------
| rollout/           |          |
|    ep_len_mean     | 100      |
|    ep_rew_mean     | -100     |
|    success_rate    | 0        |
| time/              |          |
|    episodes        | 2952     |
|    fps             | 263      |
|    time_elapsed    | 1120     |
|    total_timesteps | 295200   |
---------------------------------
---------------------------------
| rollout/           |          |
|    ep_len_mean     | 100      |
|    ep_rew_mean     | -100     |
|    success_rate    | 0        |
| time/              |          |
|    episodes        | 2956     |
|    fps             | 264      |
|    time_elapsed    | 1129     |
|    total_timesteps | 298800   |
| train/             |          |
|    actor_loss      | 1.68     |
|    critic_loss     | 0.00268  |
|    ent_coef        | 0.000516 |
|    ent_coef_loss   | -104     |
|    learning_rate   | 0.001    |
|    n_updates       | 8022     |
---------------------------------
---------------------------------
| rollout/           |          |
|    ep_len_mean     | 100      |
|    ep_rew_mean     | -100     |
|    success_rate    | 0        |
| time/              |          |
|    episodes        | 2960     |
|    fps             | 264      |
|    time_elapsed    | 1129     |
|    total_timesteps | 298800   |
---------------------------------
---------------------------------
| rollout/           |          |
|    ep_len_mean     | 100      |
|    ep_rew_mean     | -100     |
|    success_rate    | 0        |
| time/              |          |
|    episodes        | 2964     |
|    fps             | 264      |
|    time_elapsed    | 1129     |
|    total_timesteps | 298800   |
---------------------------------
---------------------------------
| rollout/           |          |
|    ep_len_mean     | 100      |
|    ep_rew_mean     | -100     |
|    success_rate    | 0        |
| time/              |          |
|    episodes        | 2968     |
|    fps             | 264      |
|    time_elapsed    | 1129     |
|    total_timesteps | 298800   |
---------------------------------
---------------------------------
| rollout/           |          |
|    ep_len_mean     | 100      |
|    ep_rew_mean     | -100     |
|    success_rate    | 0        |
| time/              |          |
|    episodes        | 2972     |
|    fps             | 264      |
|    time_elapsed    | 1129     |
|    total_timesteps | 298800   |
---------------------------------
---------------------------------
| rollout/           |          |
|    ep_len_mean     | 100      |
|    ep_rew_mean     | -100     |
|    success_rate    | 0        |
| time/              |          |
|    episodes        | 2976     |
|    fps             | 264      |
|    time_elapsed    | 1129     |
|    total_timesteps | 298800   |
---------------------------------
---------------------------------
| rollout/           |          |
|    ep_len_mean     | 100      |
|    ep_rew_mean     | -100     |
|    success_rate    | 0        |
| time/              |          |
|    episodes        | 2980     |
|    fps             | 264      |
|    time_elapsed    | 1129     |
|    total_timesteps | 298800   |
---------------------------------
---------------------------------
| rollout/           |          |
|    ep_len_mean     | 100      |
|    ep_rew_mean     | -100     |
|    success_rate    | 0        |
| time/              |          |
|    episodes        | 2984     |
|    fps             | 264      |
|    time_elapsed    | 1129     |
|    total_timesteps | 298800   |
---------------------------------
---------------------------------
| rollout/           |          |
|    ep_len_mean     | 100      |
|    ep_rew_mean     | -100     |
|    success_rate    | 0        |
| time/              |          |
|    episodes        | 2988     |
|    fps             | 264      |
|    time_elapsed    | 1129     |
|    total_timesteps | 298800   |
---------------------------------

Running evaluation at 300240 timesteps...
Successfully copied normalization stats
