[OK] Wrote shared sensors: /work/hdd/bewv/smahesh1/ShadowHand-TQC/generated/studies/sphere_v1_demo/candidates/n1000_a0p1_b0p9/obj_size_large_ar_high_macro_low_rough_high/rigid/custom_obj_size_large_ar_high_macro_low_rough_high_1000_1.111111_0.123457/shared_touch_sensors_1000_1.111111_0.123457.xml
     Totals: Np=74 Npx=272 Nt=654 (sum 1000)
# ---- Merge Touch Sites (7:1:1 split + coverage) ----
Input base:    assets/hand_base.xml
Input sensors: /work/hdd/bewv/smahesh1/ShadowHand-TQC/generated/studies/sphere_v1_demo/candidates/n1000_a0p1_b0p9/obj_size_large_ar_high_macro_low_rough_high/rigid/custom_obj_size_large_ar_high_macro_low_rough_high_1000_1.111111_0.123457/shared_touch_sensors_1000_1.111111_0.123457.xml
Output file:   /work/hdd/bewv/smahesh1/ShadowHand-TQC/generated/studies/sphere_v1_demo/candidates/n1000_a0p1_b0p9/obj_size_large_ar_high_macro_low_rough_high/rigid/custom_obj_size_large_ar_high_macro_low_rough_high_1000_1.111111_0.123457/Sensors_withPos_1000_1.111111_0.123457.xml

Per (body, face) site counts:
  robot0:ffdistal          back : 15
  robot0:ffdistal          front: 102
  robot0:ffdistal          left : 7
  robot0:ffdistal          right: 7
  robot0:ffmiddle          back : 3
  robot0:ffmiddle          front: 22
  robot0:ffmiddle          left : 1
  robot0:ffmiddle          right: 2
  robot0:ffproximal        back : 3
  robot0:ffproximal        front: 22
  robot0:ffproximal        left : 1
  robot0:ffproximal        right: 2
  robot0:lfdistal          back : 15
  robot0:lfdistal          front: 102
  robot0:lfdistal          left : 7
  robot0:lfdistal          right: 7
  robot0:lfmetacarpal      front: 11
  robot0:lfmiddle          back : 3
  robot0:lfmiddle          front: 21
  robot0:lfmiddle          left : 1
  robot0:lfmiddle          right: 2
  robot0:lfproximal        back : 3
  robot0:lfproximal        front: 21
  robot0:lfproximal        left : 1
  robot0:lfproximal        right: 2
  robot0:mfdistal          back : 15
  robot0:mfdistal          front: 102
  robot0:mfdistal          left : 7
  robot0:mfdistal          right: 7
  robot0:mfmiddle          back : 3
  robot0:mfmiddle          front: 21
  robot0:mfmiddle          left : 1
  robot0:mfmiddle          right: 2
  robot0:mfproximal        back : 3
  robot0:mfproximal        front: 21
  robot0:mfproximal        left : 1
  robot0:mfproximal        right: 2
  robot0:palm              front: 63
  robot0:rfdistal          back : 15
  robot0:rfdistal          front: 102
  robot0:rfdistal          left : 7
  robot0:rfdistal          right: 7
  robot0:rfmiddle          back : 3
  robot0:rfmiddle          front: 21
  robot0:rfmiddle          left : 1
  robot0:rfmiddle          right: 2
  robot0:rfproximal        back : 3
  robot0:rfproximal        front: 21
  robot0:rfproximal        left : 1
  robot0:rfproximal        right: 2
  robot0:thdistal          back : 14
  robot0:thdistal          front: 102
  robot0:thdistal          left : 7
  robot0:thdistal          right: 7
  robot0:thmiddle          back : 3
  robot0:thmiddle          front: 21
  robot0:thmiddle          left : 1
  robot0:thmiddle          right: 2
  robot0:thproximal        back : 3
  robot0:thproximal        front: 21
  robot0:thproximal        left : 1
  robot0:thproximal        right: 2
[OK] Wrote robot hand with sites: /work/hdd/bewv/smahesh1/ShadowHand-TQC/generated/studies/sphere_v1_demo/candidates/n1000_a0p1_b0p9/obj_size_large_ar_high_macro_low_rough_high/rigid/custom_obj_size_large_ar_high_macro_low_rough_high_1000_1.111111_0.123457/Sensors_withPos_1000_1.111111_0.123457.xml
[OK] Copied custom .msh: /work/hdd/bewv/smahesh1/ShadowHand-TQC/generated/studies/sphere_v1_demo/candidates/n1000_a0p1_b0p9/obj_size_large_ar_high_macro_low_rough_high/rigid/stls/hand/obj_size_large_ar_high_macro_low_rough_high_obj_size-large_ar-high_macro-low_rough-high.msh
[OK] Wrote MSH diagnostics: /work/hdd/bewv/smahesh1/ShadowHand-TQC/generated/studies/sphere_v1_demo/candidates/n1000_a0p1_b0p9/obj_size_large_ar_high_macro_low_rough_high/rigid/custom_obj_size_large_ar_high_macro_low_rough_high_1000_1.111111_0.123457/obj_size_large_ar_high_macro_low_rough_high_obj_size-large_ar-high_macro-low_rough-high_msh_diagnostics.json
[OK] Wrote standalone env: /work/hdd/bewv/smahesh1/ShadowHand-TQC/generated/studies/sphere_v1_demo/candidates/n1000_a0p1_b0p9/obj_size_large_ar_high_macro_low_rough_high/rigid/custom_obj_size_large_ar_high_macro_low_rough_high_1000_1.111111_0.123457/manipulate_custom_obj_size_large_ar_high_macro_low_rough_high_touch_sensors_1000_1.111111_0.123457.xml
[OK] Copied asset: /work/hdd/bewv/smahesh1/ShadowHand-TQC/generated/studies/sphere_v1_demo/candidates/n1000_a0p1_b0p9/obj_size_large_ar_high_macro_low_rough_high/rigid/custom_obj_size_large_ar_high_macro_low_rough_high_1000_1.111111_0.123457/shared.xml
[OK] Copied asset: /work/hdd/bewv/smahesh1/ShadowHand-TQC/generated/studies/sphere_v1_demo/candidates/n1000_a0p1_b0p9/obj_size_large_ar_high_macro_low_rough_high/rigid/custom_obj_size_large_ar_high_macro_low_rough_high_1000_1.111111_0.123457/shared_asset.xml
[OK] Copied mesh: /work/hdd/bewv/smahesh1/ShadowHand-TQC/generated/studies/sphere_v1_demo/candidates/n1000_a0p1_b0p9/obj_size_large_ar_high_macro_low_rough_high/rigid/stls/hand/TH1_z.stl
[OK] Copied mesh: /work/hdd/bewv/smahesh1/ShadowHand-TQC/generated/studies/sphere_v1_demo/candidates/n1000_a0p1_b0p9/obj_size_large_ar_high_macro_low_rough_high/rigid/stls/hand/TH2_z.stl
[OK] Copied mesh: /work/hdd/bewv/smahesh1/ShadowHand-TQC/generated/studies/sphere_v1_demo/candidates/n1000_a0p1_b0p9/obj_size_large_ar_high_macro_low_rough_high/rigid/stls/hand/TH3_z.stl
[OK] Copied mesh: /work/hdd/bewv/smahesh1/ShadowHand-TQC/generated/studies/sphere_v1_demo/candidates/n1000_a0p1_b0p9/obj_size_large_ar_high_macro_low_rough_high/rigid/stls/hand/F2.stl
[OK] Copied mesh: /work/hdd/bewv/smahesh1/ShadowHand-TQC/generated/studies/sphere_v1_demo/candidates/n1000_a0p1_b0p9/obj_size_large_ar_high_macro_low_rough_high/rigid/stls/hand/knuckle.stl
[OK] Copied mesh: /work/hdd/bewv/smahesh1/ShadowHand-TQC/generated/studies/sphere_v1_demo/candidates/n1000_a0p1_b0p9/obj_size_large_ar_high_macro_low_rough_high/rigid/stls/hand/F3.stl
[OK] Copied mesh: /work/hdd/bewv/smahesh1/ShadowHand-TQC/generated/studies/sphere_v1_demo/candidates/n1000_a0p1_b0p9/obj_size_large_ar_high_macro_low_rough_high/rigid/stls/hand/F1.stl
[OK] Copied mesh: /work/hdd/bewv/smahesh1/ShadowHand-TQC/generated/studies/sphere_v1_demo/candidates/n1000_a0p1_b0p9/obj_size_large_ar_high_macro_low_rough_high/rigid/stls/hand/lfmetacarpal.stl
[OK] Copied mesh: /work/hdd/bewv/smahesh1/ShadowHand-TQC/generated/studies/sphere_v1_demo/candidates/n1000_a0p1_b0p9/obj_size_large_ar_high_macro_low_rough_high/rigid/stls/hand/wrist.stl
[OK] Copied mesh: /work/hdd/bewv/smahesh1/ShadowHand-TQC/generated/studies/sphere_v1_demo/candidates/n1000_a0p1_b0p9/obj_size_large_ar_high_macro_low_rough_high/rigid/stls/hand/forearm_electric_cvx.stl
[OK] Copied mesh: /work/hdd/bewv/smahesh1/ShadowHand-TQC/generated/studies/sphere_v1_demo/candidates/n1000_a0p1_b0p9/obj_size_large_ar_high_macro_low_rough_high/rigid/stls/hand/forearm_electric.stl
[OK] Copied mesh: /work/hdd/bewv/smahesh1/ShadowHand-TQC/generated/studies/sphere_v1_demo/candidates/n1000_a0p1_b0p9/obj_size_large_ar_high_macro_low_rough_high/rigid/stls/hand/palm.stl
[OK] Copied texture: /work/hdd/bewv/smahesh1/ShadowHand-TQC/generated/studies/sphere_v1_demo/candidates/n1000_a0p1_b0p9/obj_size_large_ar_high_macro_low_rough_high/rigid/textures/block.png
[OK] Copied texture: /work/hdd/bewv/smahesh1/ShadowHand-TQC/generated/studies/sphere_v1_demo/candidates/n1000_a0p1_b0p9/obj_size_large_ar_high_macro_low_rough_high/rigid/textures/block_hidden.png
Starting training with environment: n1000_a0p1_b0p9_obj_size_large_ar_high_macro_low_rough_high_rigid
Using 36 parallel environments
Eval frequency: 20000 timesteps
Total timesteps: 16000000.0
Using torch device: cuda
Adjusted buffer size: 9000000
Using cuda device
Replay-buffer NumPy payload is approximately 145.28 GiB in memory; local pickle size may vary.
Compact checkpoints enabled: replay buffers will not be saved. Resuming will rebuild the buffer from fresh experience.
Logging to /work/hdd/bewv/smahesh1/ShadowHand-TQC/generated/studies/sphere_v1_demo/candidates/n1000_a0p1_b0p9/obj_size_large_ar_high_macro_low_rough_high/rigid/runs/n1000_a0p1_b0p9_obj_size_large_ar_high_macro_low_rough_high_rigid_36env_0/TQC_1
---------------------------------
| rollout/           |          |
|    ep_len_mean     | 100      |
|    ep_rew_mean     | -100     |
|    success_rate    | 0        |
| time/              |          |
|    episodes        | 4        |
|    fps             | 740      |
|    time_elapsed    | 4        |
|    total_timesteps | 3600     |
---------------------------------
---------------------------------
| rollout/           |          |
|    ep_len_mean     | 100      |
|    ep_rew_mean     | -100     |
|    success_rate    | 0        |
| time/              |          |
|    episodes        | 8        |
|    fps             | 489      |
|    time_elapsed    | 7        |
|    total_timesteps | 3600     |
---------------------------------
---------------------------------
| rollout/           |          |
|    ep_len_mean     | 100      |
|    ep_rew_mean     | -100     |
|    success_rate    | 0        |
| time/              |          |
|    episodes        | 12       |
|    fps             | 489      |
|    time_elapsed    | 7        |
|    total_timesteps | 3600     |
---------------------------------
---------------------------------
| rollout/           |          |
|    ep_len_mean     | 100      |
|    ep_rew_mean     | -100     |
|    success_rate    | 0        |
| time/              |          |
|    episodes        | 16       |
|    fps             | 489      |
|    time_elapsed    | 7        |
|    total_timesteps | 3600     |
---------------------------------
---------------------------------
| rollout/           |          |
|    ep_len_mean     | 100      |
|    ep_rew_mean     | -100     |
|    success_rate    | 0        |
| time/              |          |
|    episodes        | 20       |
|    fps             | 489      |
|    time_elapsed    | 7        |
|    total_timesteps | 3600     |
---------------------------------
---------------------------------
| rollout/           |          |
|    ep_len_mean     | 100      |
|    ep_rew_mean     | -100     |
|    success_rate    | 0        |
| time/              |          |
|    episodes        | 24       |
|    fps             | 488      |
|    time_elapsed    | 7        |
|    total_timesteps | 3600     |
---------------------------------
---------------------------------
| rollout/           |          |
|    ep_len_mean     | 100      |
|    ep_rew_mean     | -100     |
|    success_rate    | 0        |
| time/              |          |
|    episodes        | 28       |
|    fps             | 488      |
|    time_elapsed    | 7        |
|    total_timesteps | 3600     |
---------------------------------
---------------------------------
| rollout/           |          |
|    ep_len_mean     | 100      |
|    ep_rew_mean     | -100     |
|    success_rate    | 0        |
| time/              |          |
|    episodes        | 32       |
|    fps             | 488      |
|    time_elapsed    | 7        |
|    total_timesteps | 3600     |
---------------------------------
---------------------------------
| rollout/           |          |
|    ep_len_mean     | 100      |
|    ep_rew_mean     | -100     |
|    success_rate    | 0        |
| time/              |          |
|    episodes        | 36       |
|    fps             | 488      |
|    time_elapsed    | 7        |
|    total_timesteps | 3600     |
---------------------------------
---------------------------------
| rollout/           |          |
|    ep_len_mean     | 100      |
|    ep_rew_mean     | -100     |
|    success_rate    | 0        |
| time/              |          |
|    episodes        | 40       |
|    fps             | 563      |
|    time_elapsed    | 12       |
|    total_timesteps | 7200     |
---------------------------------
---------------------------------
| rollout/           |          |
|    ep_len_mean     | 100      |
|    ep_rew_mean     | -100     |
|    success_rate    | 0        |
| time/              |          |
|    episodes        | 44       |
|    fps             | 562      |
|    time_elapsed    | 12       |
|    total_timesteps | 7200     |
---------------------------------
---------------------------------
| rollout/           |          |
|    ep_len_mean     | 100      |
|    ep_rew_mean     | -100     |
|    success_rate    | 0        |
| time/              |          |
|    episodes        | 48       |
|    fps             | 562      |
|    time_elapsed    | 12       |
|    total_timesteps | 7200     |
---------------------------------
---------------------------------
| rollout/           |          |
|    ep_len_mean     | 100      |
|    ep_rew_mean     | -100     |
|    success_rate    | 0        |
| time/              |          |
|    episodes        | 52       |
|    fps             | 562      |
|    time_elapsed    | 12       |
|    total_timesteps | 7200     |
---------------------------------
---------------------------------
| rollout/           |          |
|    ep_len_mean     | 100      |
|    ep_rew_mean     | -100     |
|    success_rate    | 0        |
| time/              |          |
|    episodes        | 56       |
|    fps             | 562      |
|    time_elapsed    | 12       |
|    total_timesteps | 7200     |
---------------------------------
---------------------------------
| rollout/           |          |
|    ep_len_mean     | 100      |
|    ep_rew_mean     | -100     |
|    success_rate    | 0        |
| time/              |          |
|    episodes        | 60       |
|    fps             | 562      |
|    time_elapsed    | 12       |
|    total_timesteps | 7200     |
---------------------------------
---------------------------------
| rollout/           |          |
|    ep_len_mean     | 100      |
|    ep_rew_mean     | -100     |
|    success_rate    | 0        |
| time/              |          |
|    episodes        | 64       |
|    fps             | 562      |
|    time_elapsed    | 12       |
|    total_timesteps | 7200     |
---------------------------------
---------------------------------
| rollout/           |          |
|    ep_len_mean     | 100      |
|    ep_rew_mean     | -100     |
|    success_rate    | 0        |
| time/              |          |
|    episodes        | 68       |
|    fps             | 562      |
|    time_elapsed    | 12       |
|    total_timesteps | 7200     |
---------------------------------
---------------------------------
| rollout/           |          |
|    ep_len_mean     | 100      |
|    ep_rew_mean     | -100     |
|    success_rate    | 0        |
| time/              |          |
|    episodes        | 72       |
|    fps             | 562      |
|    time_elapsed    | 12       |
|    total_timesteps | 7200     |
---------------------------------
---------------------------------
| rollout/           |          |
|    ep_len_mean     | 100      |
|    ep_rew_mean     | -100     |
|    success_rate    | 0        |
| time/              |          |
|    episodes        | 76       |
|    fps             | 594      |
|    time_elapsed    | 18       |
|    total_timesteps | 10800    |
| train/             |          |
|    actor_loss      | -24.8    |
|    critic_loss     | 1.17     |
|    ent_coef        | 0.979    |
|    ent_coef_loss   | -0.707   |
|    learning_rate   | 0.001    |
|    n_updates       | 22       |
---------------------------------
---------------------------------
| rollout/           |          |
|    ep_len_mean     | 100      |
|    ep_rew_mean     | -100     |
|    success_rate    | 0        |
| time/              |          |
|    episodes        | 80       |
|    fps             | 594      |
|    time_elapsed    | 18       |
|    total_timesteps | 10800    |
---------------------------------
---------------------------------
| rollout/           |          |
|    ep_len_mean     | 100      |
|    ep_rew_mean     | -100     |
|    success_rate    | 0        |
| time/              |          |
|    episodes        | 84       |
|    fps             | 594      |
|    time_elapsed    | 18       |
|    total_timesteps | 10800    |
---------------------------------
---------------------------------
| rollout/           |          |
|    ep_len_mean     | 100      |
|    ep_rew_mean     | -100     |
|    success_rate    | 0        |
| time/              |          |
|    episodes        | 88       |
|    fps             | 594      |
|    time_elapsed    | 18       |
|    total_timesteps | 10800    |
---------------------------------
---------------------------------
| rollout/           |          |
|    ep_len_mean     | 100      |
|    ep_rew_mean     | -100     |
|    success_rate    | 0        |
| time/              |          |
|    episodes        | 92       |
|    fps             | 593      |
|    time_elapsed    | 18       |
|    total_timesteps | 10800    |
---------------------------------
---------------------------------
| rollout/           |          |
|    ep_len_mean     | 100      |
|    ep_rew_mean     | -100     |
|    success_rate    | 0        |
| time/              |          |
|    episodes        | 96       |
|    fps             | 593      |
|    time_elapsed    | 18       |
|    total_timesteps | 10800    |
---------------------------------
---------------------------------
| rollout/           |          |
|    ep_len_mean     | 100      |
|    ep_rew_mean     | -100     |
|    success_rate    | 0        |
| time/              |          |
|    episodes        | 100      |
|    fps             | 593      |
|    time_elapsed    | 18       |
|    total_timesteps | 10800    |
---------------------------------
---------------------------------
| rollout/           |          |
|    ep_len_mean     | 100      |
|    ep_rew_mean     | -100     |
|    success_rate    | 0        |
| time/              |          |
|    episodes        | 104      |
|    fps             | 593      |
|    time_elapsed    | 18       |
|    total_timesteps | 10800    |
---------------------------------
---------------------------------
| rollout/           |          |
|    ep_len_mean     | 100      |
|    ep_rew_mean     | -100     |
|    success_rate    | 0        |
| time/              |          |
|    episodes        | 108      |
|    fps             | 593      |
|    time_elapsed    | 18       |
|    total_timesteps | 10800    |
---------------------------------
---------------------------------
| rollout/           |          |
|    ep_len_mean     | 100      |
|    ep_rew_mean     | -100     |
|    success_rate    | 0        |
| time/              |          |
|    episodes        | 112      |
|    fps             | 523      |
|    time_elapsed    | 27       |
|    total_timesteps | 14400    |
| train/             |          |
|    actor_loss      | -67.7    |
|    critic_loss     | 0.465    |
|    ent_coef        | 0.886    |
|    ent_coef_loss   | -4.07    |
|    learning_rate   | 0.001    |
|    n_updates       | 122      |
---------------------------------
---------------------------------
| rollout/           |          |
|    ep_len_mean     | 100      |
|    ep_rew_mean     | -100     |
|    success_rate    | 0        |
| time/              |          |
|    episodes        | 116      |
|    fps             | 523      |
|    time_elapsed    | 27       |
|    total_timesteps | 14400    |
---------------------------------
---------------------------------
| rollout/           |          |
|    ep_len_mean     | 100      |
|    ep_rew_mean     | -100     |
|    success_rate    | 0        |
| time/              |          |
|    episodes        | 120      |
|    fps             | 523      |
|    time_elapsed    | 27       |
|    total_timesteps | 14400    |
---------------------------------
---------------------------------
| rollout/           |          |
|    ep_len_mean     | 100      |
|    ep_rew_mean     | -100     |
|    success_rate    | 0        |
| time/              |          |
|    episodes        | 124      |
|    fps             | 523      |
|    time_elapsed    | 27       |
|    total_timesteps | 14400    |
---------------------------------
---------------------------------
| rollout/           |          |
|    ep_len_mean     | 100      |
|    ep_rew_mean     | -100     |
|    success_rate    | 0        |
| time/              |          |
|    episodes        | 128      |
|    fps             | 523      |
|    time_elapsed    | 27       |
|    total_timesteps | 14400    |
---------------------------------
---------------------------------
| rollout/           |          |
|    ep_len_mean     | 100      |
|    ep_rew_mean     | -100     |
|    success_rate    | 0        |
| time/              |          |
|    episodes        | 132      |
|    fps             | 523      |
|    time_elapsed    | 27       |
|    total_timesteps | 14400    |
---------------------------------
---------------------------------
| rollout/           |          |
|    ep_len_mean     | 100      |
|    ep_rew_mean     | -100     |
|    success_rate    | 0        |
| time/              |          |
|    episodes        | 136      |
|    fps             | 523      |
|    time_elapsed    | 27       |
|    total_timesteps | 14400    |
---------------------------------
---------------------------------
| rollout/           |          |
|    ep_len_mean     | 100      |
|    ep_rew_mean     | -100     |
|    success_rate    | 0        |
| time/              |          |
|    episodes        | 140      |
|    fps             | 523      |
|    time_elapsed    | 27       |
|    total_timesteps | 14400    |
---------------------------------
---------------------------------
| rollout/           |          |
|    ep_len_mean     | 100      |
|    ep_rew_mean     | -100     |
|    success_rate    | 0        |
| time/              |          |
|    episodes        | 144      |
|    fps             | 523      |
|    time_elapsed    | 27       |
|    total_timesteps | 14400    |
---------------------------------
---------------------------------
| rollout/           |          |
|    ep_len_mean     | 100      |
|    ep_rew_mean     | -100     |
|    success_rate    | 0        |
| time/              |          |
|    episodes        | 148      |
|    fps             | 510      |
|    time_elapsed    | 35       |
|    total_timesteps | 18000    |
| train/             |          |
|    actor_loss      | -96.8    |
|    critic_loss     | 0.639    |
|    ent_coef        | 0.802    |
|    ent_coef_loss   | -7.38    |
|    learning_rate   | 0.001    |
|    n_updates       | 222      |
---------------------------------
---------------------------------
| rollout/           |          |
|    ep_len_mean     | 100      |
|    ep_rew_mean     | -100     |
|    success_rate    | 0        |
| time/              |          |
|    episodes        | 152      |
|    fps             | 510      |
|    time_elapsed    | 35       |
|    total_timesteps | 18000    |
---------------------------------
---------------------------------
| rollout/           |          |
|    ep_len_mean     | 100      |
|    ep_rew_mean     | -100     |
|    success_rate    | 0        |
| time/              |          |
|    episodes        | 156      |
|    fps             | 510      |
|    time_elapsed    | 35       |
|    total_timesteps | 18000    |
---------------------------------
---------------------------------
| rollout/           |          |
|    ep_len_mean     | 100      |
|    ep_rew_mean     | -100     |
|    success_rate    | 0        |
| time/              |          |
|    episodes        | 160      |
|    fps             | 510      |
|    time_elapsed    | 35       |
|    total_timesteps | 18000    |
---------------------------------
---------------------------------
| rollout/           |          |
|    ep_len_mean     | 100      |
|    ep_rew_mean     | -100     |
|    success_rate    | 0        |
| time/              |          |
|    episodes        | 164      |
|    fps             | 510      |
|    time_elapsed    | 35       |
|    total_timesteps | 18000    |
---------------------------------
---------------------------------
| rollout/           |          |
|    ep_len_mean     | 100      |
|    ep_rew_mean     | -100     |
|    success_rate    | 0        |
| time/              |          |
|    episodes        | 168      |
|    fps             | 510      |
|    time_elapsed    | 35       |
|    total_timesteps | 18000    |
---------------------------------
---------------------------------
| rollout/           |          |
|    ep_len_mean     | 100      |
|    ep_rew_mean     | -100     |
|    success_rate    | 0        |
| time/              |          |
|    episodes        | 172      |
|    fps             | 510      |
|    time_elapsed    | 35       |
|    total_timesteps | 18000    |
---------------------------------
---------------------------------
| rollout/           |          |
|    ep_len_mean     | 100      |
|    ep_rew_mean     | -100     |
|    success_rate    | 0        |
| time/              |          |
|    episodes        | 176      |
|    fps             | 510      |
|    time_elapsed    | 35       |
|    total_timesteps | 18000    |
---------------------------------
---------------------------------
| rollout/           |          |
|    ep_len_mean     | 100      |
|    ep_rew_mean     | -100     |
|    success_rate    | 0        |
| time/              |          |
|    episodes        | 180      |
|    fps             | 510      |
|    time_elapsed    | 35       |
|    total_timesteps | 18000    |
---------------------------------

Running evaluation at 20016 timesteps...
Successfully copied normalization stats
Evaluation results: {'eval/mean_reward': np.float32(-100.0), 'eval/std_reward': np.float32(0.0), 'eval/success_rate': np.float64(0.0)}
---------------------------------
| rollout/           |          |
|    ep_len_mean     | 100      |
|    ep_rew_mean     | -100     |
|    success_rate    | 0        |
| time/              |          |
|    episodes        | 184      |
|    fps             | 332      |
|    time_elapsed    | 64       |
|    total_timesteps | 21600    |
| train/             |          |
|    actor_loss      | -118     |
|    critic_loss     | 0.768    |
|    ent_coef        | 0.726    |
|    ent_coef_loss   | -10.6    |
|    learning_rate   | 0.001    |
|    n_updates       | 322      |
---------------------------------
---------------------------------
| rollout/           |          |
|    ep_len_mean     | 100      |
|    ep_rew_mean     | -100     |
|    success_rate    | 0        |
| time/              |          |
|    episodes        | 188      |
|    fps             | 332      |
|    time_elapsed    | 64       |
|    total_timesteps | 21600    |
---------------------------------
---------------------------------
| rollout/           |          |
|    ep_len_mean     | 100      |
|    ep_rew_mean     | -100     |
|    success_rate    | 0        |
| time/              |          |
|    episodes        | 192      |
|    fps             | 332      |
|    time_elapsed    | 64       |
|    total_timesteps | 21600    |
---------------------------------
---------------------------------
| rollout/           |          |
|    ep_len_mean     | 100      |
|    ep_rew_mean     | -100     |
|    success_rate    | 0        |
| time/              |          |
|    episodes        | 196      |
|    fps             | 332      |
|    time_elapsed    | 64       |
|    total_timesteps | 21600    |
---------------------------------
---------------------------------
| rollout/           |          |
|    ep_len_mean     | 100      |
|    ep_rew_mean     | -100     |
|    success_rate    | 0        |
| time/              |          |
|    episodes        | 200      |
|    fps             | 332      |
|    time_elapsed    | 64       |
|    total_timesteps | 21600    |
---------------------------------
---------------------------------
| rollout/           |          |
|    ep_len_mean     | 100      |
|    ep_rew_mean     | -100     |
|    success_rate    | 0        |
| time/              |          |
|    episodes        | 204      |
|    fps             | 332      |
|    time_elapsed    | 64       |
|    total_timesteps | 21600    |
---------------------------------
---------------------------------
| rollout/           |          |
|    ep_len_mean     | 100      |
|    ep_rew_mean     | -100     |
|    success_rate    | 0        |
| time/              |          |
|    episodes        | 208      |
|    fps             | 332      |
|    time_elapsed    | 64       |
|    total_timesteps | 21600    |
---------------------------------
---------------------------------
| rollout/           |          |
|    ep_len_mean     | 100      |
|    ep_rew_mean     | -100     |
|    success_rate    | 0        |
| time/              |          |
|    episodes        | 212      |
|    fps             | 332      |
|    time_elapsed    | 64       |
|    total_timesteps | 21600    |
---------------------------------
---------------------------------
| rollout/           |          |
|    ep_len_mean     | 100      |
|    ep_rew_mean     | -100     |
|    success_rate    | 0        |
| time/              |          |
|    episodes        | 216      |
|    fps             | 332      |
|    time_elapsed    | 64       |
|    total_timesteps | 21600    |
---------------------------------
---------------------------------
| rollout/           |          |
|    ep_len_mean     | 100      |
|    ep_rew_mean     | -100     |
|    success_rate    | 0        |
| time/              |          |
|    episodes        | 220      |
|    fps             | 347      |
|    time_elapsed    | 72       |
|    total_timesteps | 25200    |
| train/             |          |
|    actor_loss      | -128     |
|    critic_loss     | 0.898    |
|    ent_coef        | 0.658    |
|    ent_coef_loss   | -13.7    |
|    learning_rate   | 0.001    |
|    n_updates       | 422      |
---------------------------------
---------------------------------
| rollout/           |          |
|    ep_len_mean     | 100      |
|    ep_rew_mean     | -100     |
|    success_rate    | 0        |
| time/              |          |
|    episodes        | 224      |
|    fps             | 347      |
|    time_elapsed    | 72       |
|    total_timesteps | 25200    |
---------------------------------
---------------------------------
| rollout/           |          |
|    ep_len_mean     | 100      |
|    ep_rew_mean     | -100     |
|    success_rate    | 0        |
| time/              |          |
|    episodes        | 228      |
|    fps             | 347      |
|    time_elapsed    | 72       |
|    total_timesteps | 25200    |
---------------------------------
---------------------------------
| rollout/           |          |
|    ep_len_mean     | 100      |
|    ep_rew_mean     | -100     |
|    success_rate    | 0        |
| time/              |          |
|    episodes        | 232      |
|    fps             | 347      |
|    time_elapsed    | 72       |
|    total_timesteps | 25200    |
---------------------------------
---------------------------------
| rollout/           |          |
|    ep_len_mean     | 100      |
|    ep_rew_mean     | -100     |
|    success_rate    | 0        |
| time/              |          |
|    episodes        | 236      |
|    fps             | 347      |
|    time_elapsed    | 72       |
|    total_timesteps | 25200    |
---------------------------------
---------------------------------
| rollout/           |          |
|    ep_len_mean     | 100      |
|    ep_rew_mean     | -100     |
|    success_rate    | 0        |
| time/              |          |
|    episodes        | 240      |
|    fps             | 347      |
|    time_elapsed    | 72       |
|    total_timesteps | 25200    |
---------------------------------
---------------------------------
| rollout/           |          |
|    ep_len_mean     | 100      |
|    ep_rew_mean     | -100     |
|    success_rate    | 0        |
| time/              |          |
|    episodes        | 244      |
|    fps             | 347      |
|    time_elapsed    | 72       |
|    total_timesteps | 25200    |
---------------------------------
---------------------------------
| rollout/           |          |
|    ep_len_mean     | 100      |
|    ep_rew_mean     | -100     |
|    success_rate    | 0        |
| time/              |          |
|    episodes        | 248      |
|    fps             | 347      |
|    time_elapsed    | 72       |
|    total_timesteps | 25200    |
---------------------------------
---------------------------------
| rollout/           |          |
|    ep_len_mean     | 100      |
|    ep_rew_mean     | -100     |
|    success_rate    | 0        |
| time/              |          |
|    episodes        | 252      |
|    fps             | 346      |
|    time_elapsed    | 72       |
|    total_timesteps | 25200    |
---------------------------------
---------------------------------
| rollout/           |          |
|    ep_len_mean     | 100      |
|    ep_rew_mean     | -100     |
|    success_rate    | 0        |
| time/              |          |
|    episodes        | 256      |
|    fps             | 358      |
|    time_elapsed    | 80       |
|    total_timesteps | 28800    |
| train/             |          |
|    actor_loss      | -135     |
|    critic_loss     | 0.883    |
|    ent_coef        | 0.596    |
|    ent_coef_loss   | -16.9    |
|    learning_rate   | 0.001    |
|    n_updates       | 522      |
---------------------------------
---------------------------------
| rollout/           |          |
|    ep_len_mean     | 100      |
|    ep_rew_mean     | -100     |
|    success_rate    | 0        |
| time/              |          |
|    episodes        | 260      |
|    fps             | 358      |
|    time_elapsed    | 80       |
|    total_timesteps | 28800    |
---------------------------------
---------------------------------
| rollout/           |          |
|    ep_len_mean     | 100      |
|    ep_rew_mean     | -100     |
|    success_rate    | 0        |
| time/              |          |
|    episodes        | 264      |
|    fps             | 358      |
|    time_elapsed    | 80       |
|    total_timesteps | 28800    |
---------------------------------
---------------------------------
| rollout/           |          |
|    ep_len_mean     | 100      |
|    ep_rew_mean     | -100     |
|    success_rate    | 0        |
| time/              |          |
|    episodes        | 268      |
|    fps             | 358      |
|    time_elapsed    | 80       |
|    total_timesteps | 28800    |
---------------------------------
---------------------------------
| rollout/           |          |
|    ep_len_mean     | 100      |
|    ep_rew_mean     | -100     |
|    success_rate    | 0        |
| time/              |          |
|    episodes        | 272      |
|    fps             | 358      |
|    time_elapsed    | 80       |
|    total_timesteps | 28800    |
---------------------------------
---------------------------------
| rollout/           |          |
|    ep_len_mean     | 100      |
|    ep_rew_mean     | -100     |
|    success_rate    | 0        |
| time/              |          |
|    episodes        | 276      |
|    fps             | 358      |
|    time_elapsed    | 80       |
|    total_timesteps | 28800    |
---------------------------------
---------------------------------
| rollout/           |          |
|    ep_len_mean     | 100      |
|    ep_rew_mean     | -100     |
|    success_rate    | 0        |
| time/              |          |
|    episodes        | 280      |
|    fps             | 358      |
|    time_elapsed    | 80       |
|    total_timesteps | 28800    |
---------------------------------
---------------------------------
| rollout/           |          |
|    ep_len_mean     | 100      |
|    ep_rew_mean     | -100     |
|    success_rate    | 0        |
| time/              |          |
|    episodes        | 284      |
|    fps             | 358      |
|    time_elapsed    | 80       |
|    total_timesteps | 28800    |
---------------------------------
---------------------------------
| rollout/           |          |
|    ep_len_mean     | 100      |
|    ep_rew_mean     | -100     |
|    success_rate    | 0        |
| time/              |          |
|    episodes        | 288      |
|    fps             | 358      |
|    time_elapsed    | 80       |
|    total_timesteps | 28800    |
---------------------------------
---------------------------------
| rollout/           |          |
|    ep_len_mean     | 100      |
|    ep_rew_mean     | -100     |
|    success_rate    | 0        |
| time/              |          |
|    episodes        | 292      |
|    fps             | 369      |
|    time_elapsed    | 87       |
|    total_timesteps | 32400    |
| train/             |          |
|    actor_loss      | -134     |
|    critic_loss     | 0.906    |
|    ent_coef        | 0.54     |
|    ent_coef_loss   | -20      |
|    learning_rate   | 0.001    |
|    n_updates       | 622      |
---------------------------------
---------------------------------
| rollout/           |          |
|    ep_len_mean     | 100      |
|    ep_rew_mean     | -100     |
|    success_rate    | 0        |
| time/              |          |
|    episodes        | 296      |
|    fps             | 369      |
|    time_elapsed    | 87       |
|    total_timesteps | 32400    |
---------------------------------
---------------------------------
| rollout/           |          |
|    ep_len_mean     | 100      |
|    ep_rew_mean     | -100     |
|    success_rate    | 0        |
| time/              |          |
|    episodes        | 300      |
|    fps             | 369      |
|    time_elapsed    | 87       |
|    total_timesteps | 32400    |
---------------------------------
---------------------------------
| rollout/           |          |
|    ep_len_mean     | 100      |
|    ep_rew_mean     | -100     |
|    success_rate    | 0        |
| time/              |          |
|    episodes        | 304      |
|    fps             | 369      |
|    time_elapsed    | 87       |
|    total_timesteps | 32400    |
---------------------------------
---------------------------------
| rollout/           |          |
|    ep_len_mean     | 100      |
|    ep_rew_mean     | -100     |
|    success_rate    | 0        |
| time/              |          |
|    episodes        | 308      |
|    fps             | 369      |
|    time_elapsed    | 87       |
|    total_timesteps | 32400    |
---------------------------------
---------------------------------
| rollout/           |          |
|    ep_len_mean     | 100      |
|    ep_rew_mean     | -100     |
|    success_rate    | 0        |
| time/              |          |
|    episodes        | 312      |
|    fps             | 369      |
|    time_elapsed    | 87       |
|    total_timesteps | 32400    |
---------------------------------
---------------------------------
| rollout/           |          |
|    ep_len_mean     | 100      |
|    ep_rew_mean     | -100     |
|    success_rate    | 0        |
| time/              |          |
|    episodes        | 316      |
|    fps             | 369      |
|    time_elapsed    | 87       |
|    total_timesteps | 32400    |
---------------------------------
---------------------------------
| rollout/           |          |
|    ep_len_mean     | 100      |
|    ep_rew_mean     | -100     |
|    success_rate    | 0        |
| time/              |          |
|    episodes        | 320      |
|    fps             | 369      |
|    time_elapsed    | 87       |
|    total_timesteps | 32400    |
---------------------------------
---------------------------------
| rollout/           |          |
|    ep_len_mean     | 100      |
|    ep_rew_mean     | -100     |
|    success_rate    | 0        |
| time/              |          |
|    episodes        | 324      |
|    fps             | 369      |
|    time_elapsed    | 87       |
|    total_timesteps | 32400    |
---------------------------------
---------------------------------
| rollout/           |          |
|    ep_len_mean     | 100      |
|    ep_rew_mean     | -100     |
|    success_rate    | 0        |
| time/              |          |
|    episodes        | 328      |
|    fps             | 377      |
|    time_elapsed    | 95       |
|    total_timesteps | 36000    |
| train/             |          |
|    actor_loss      | -131     |
|    critic_loss     | 0.837    |
|    ent_coef        | 0.49     |
|    ent_coef_loss   | -23.1    |
|    learning_rate   | 0.001    |
|    n_updates       | 722      |
---------------------------------
---------------------------------
| rollout/           |          |
|    ep_len_mean     | 100      |
|    ep_rew_mean     | -100     |
|    success_rate    | 0        |
| time/              |          |
|    episodes        | 332      |
|    fps             | 377      |
|    time_elapsed    | 95       |
|    total_timesteps | 36000    |
---------------------------------
---------------------------------
| rollout/           |          |
|    ep_len_mean     | 100      |
|    ep_rew_mean     | -100     |
|    success_rate    | 0        |
| time/              |          |
|    episodes        | 336      |
|    fps             | 377      |
|    time_elapsed    | 95       |
|    total_timesteps | 36000    |
---------------------------------
---------------------------------
| rollout/           |          |
|    ep_len_mean     | 100      |
|    ep_rew_mean     | -100     |
|    success_rate    | 0        |
| time/              |          |
|    episodes        | 340      |
|    fps             | 377      |
|    time_elapsed    | 95       |
|    total_timesteps | 36000    |
---------------------------------
---------------------------------
| rollout/           |          |
|    ep_len_mean     | 100      |
|    ep_rew_mean     | -100     |
|    success_rate    | 0        |
| time/              |          |
|    episodes        | 344      |
|    fps             | 377      |
|    time_elapsed    | 95       |
|    total_timesteps | 36000    |
---------------------------------
---------------------------------
| rollout/           |          |
|    ep_len_mean     | 100      |
|    ep_rew_mean     | -100     |
|    success_rate    | 0        |
| time/              |          |
|    episodes        | 348      |
|    fps             | 377      |
|    time_elapsed    | 95       |
|    total_timesteps | 36000    |
---------------------------------
---------------------------------
| rollout/           |          |
|    ep_len_mean     | 100      |
|    ep_rew_mean     | -100     |
|    success_rate    | 0        |
| time/              |          |
|    episodes        | 352      |
|    fps             | 377      |
|    time_elapsed    | 95       |
|    total_timesteps | 36000    |
---------------------------------
---------------------------------
| rollout/           |          |
|    ep_len_mean     | 100      |
|    ep_rew_mean     | -100     |
|    success_rate    | 0        |
| time/              |          |
|    episodes        | 356      |
|    fps             | 377      |
|    time_elapsed    | 95       |
|    total_timesteps | 36000    |
---------------------------------
---------------------------------
| rollout/           |          |
|    ep_len_mean     | 100      |
|    ep_rew_mean     | -100     |
|    success_rate    | 0        |
| time/              |          |
|    episodes        | 360      |
|    fps             | 377      |
|    time_elapsed    | 95       |
|    total_timesteps | 36000    |
---------------------------------
---------------------------------
| rollout/           |          |
|    ep_len_mean     | 100      |
|    ep_rew_mean     | -100     |
|    success_rate    | 0        |
| time/              |          |
|    episodes        | 364      |
|    fps             | 384      |
|    time_elapsed    | 103      |
|    total_timesteps | 39600    |
| train/             |          |
|    actor_loss      | -126     |
|    critic_loss     | 0.816    |
|    ent_coef        | 0.444    |
|    ent_coef_loss   | -26.3    |
|    learning_rate   | 0.001    |
|    n_updates       | 822      |
---------------------------------
---------------------------------
| rollout/           |          |
|    ep_len_mean     | 100      |
|    ep_rew_mean     | -100     |
|    success_rate    | 0        |
| time/              |          |
|    episodes        | 368      |
|    fps             | 384      |
|    time_elapsed    | 103      |
|    total_timesteps | 39600    |
---------------------------------
---------------------------------
| rollout/           |          |
|    ep_len_mean     | 100      |
|    ep_rew_mean     | -100     |
|    success_rate    | 0        |
| time/              |          |
|    episodes        | 372      |
|    fps             | 384      |
|    time_elapsed    | 103      |
|    total_timesteps | 39600    |
---------------------------------
---------------------------------
| rollout/           |          |
|    ep_len_mean     | 100      |
|    ep_rew_mean     | -100     |
|    success_rate    | 0        |
| time/              |          |
|    episodes        | 376      |
|    fps             | 384      |
|    time_elapsed    | 103      |
|    total_timesteps | 39600    |
---------------------------------
---------------------------------
| rollout/           |          |
|    ep_len_mean     | 100      |
|    ep_rew_mean     | -100     |
|    success_rate    | 0        |
| time/              |          |
|    episodes        | 380      |
|    fps             | 384      |
|    time_elapsed    | 103      |
|    total_timesteps | 39600    |
---------------------------------
---------------------------------
| rollout/           |          |
|    ep_len_mean     | 100      |
|    ep_rew_mean     | -100     |
|    success_rate    | 0        |
| time/              |          |
|    episodes        | 384      |
|    fps             | 384      |
|    time_elapsed    | 103      |
|    total_timesteps | 39600    |
---------------------------------
---------------------------------
| rollout/           |          |
|    ep_len_mean     | 100      |
|    ep_rew_mean     | -100     |
|    success_rate    | 0        |
| time/              |          |
|    episodes        | 388      |
|    fps             | 384      |
|    time_elapsed    | 103      |
|    total_timesteps | 39600    |
---------------------------------
---------------------------------
| rollout/           |          |
|    ep_len_mean     | 100      |
|    ep_rew_mean     | -100     |
|    success_rate    | 0        |
| time/              |          |
|    episodes        | 392      |
|    fps             | 384      |
|    time_elapsed    | 103      |
|    total_timesteps | 39600    |
---------------------------------
---------------------------------
| rollout/           |          |
|    ep_len_mean     | 100      |
|    ep_rew_mean     | -100     |
|    success_rate    | 0        |
| time/              |          |
|    episodes        | 396      |
|    fps             | 384      |
|    time_elapsed    | 103      |
|    total_timesteps | 39600    |
---------------------------------

Running evaluation at 40032 timesteps...
Successfully copied normalization stats
Evaluation results: {'eval/mean_reward': np.float32(-100.0), 'eval/std_reward': np.float32(0.0), 'eval/success_rate': np.float64(0.0)}
---------------------------------
| rollout/           |          |
|    ep_len_mean     | 100      |
|    ep_rew_mean     | -100     |
|    success_rate    | 0        |
| time/              |          |
|    episodes        | 400      |
|    fps             | 325      |
|    time_elapsed    | 132      |
|    total_timesteps | 43200    |
| train/             |          |
|    actor_loss      | -121     |
|    critic_loss     | 0.719    |
|    ent_coef        | 0.402    |
|    ent_coef_loss   | -29.5    |
|    learning_rate   | 0.001    |
|    n_updates       | 922      |
---------------------------------
---------------------------------
| rollout/           |          |
|    ep_len_mean     | 100      |
|    ep_rew_mean     | -100     |
|    success_rate    | 0        |
| time/              |          |
|    episodes        | 404      |
|    fps             | 325      |
|    time_elapsed    | 132      |
|    total_timesteps | 43200    |
---------------------------------
---------------------------------
| rollout/           |          |
|    ep_len_mean     | 100      |
|    ep_rew_mean     | -100     |
|    success_rate    | 0        |
| time/              |          |
|    episodes        | 408      |
|    fps             | 325      |
|    time_elapsed    | 132      |
|    total_timesteps | 43200    |
---------------------------------
---------------------------------
| rollout/           |          |
|    ep_len_mean     | 100      |
|    ep_rew_mean     | -100     |
|    success_rate    | 0        |
| time/              |          |
|    episodes        | 412      |
|    fps             | 325      |
|    time_elapsed    | 132      |
|    total_timesteps | 43200    |
---------------------------------
---------------------------------
| rollout/           |          |
|    ep_len_mean     | 100      |
|    ep_rew_mean     | -100     |
|    success_rate    | 0        |
| time/              |          |
|    episodes        | 416      |
|    fps             | 325      |
|    time_elapsed    | 132      |
|    total_timesteps | 43200    |
---------------------------------
---------------------------------
| rollout/           |          |
|    ep_len_mean     | 100      |
|    ep_rew_mean     | -100     |
|    success_rate    | 0        |
| time/              |          |
|    episodes        | 420      |
|    fps             | 325      |
|    time_elapsed    | 132      |
|    total_timesteps | 43200    |
---------------------------------
---------------------------------
| rollout/           |          |
|    ep_len_mean     | 100      |
|    ep_rew_mean     | -100     |
|    success_rate    | 0        |
| time/              |          |
|    episodes        | 424      |
|    fps             | 325      |
|    time_elapsed    | 132      |
|    total_timesteps | 43200    |
---------------------------------
---------------------------------
| rollout/           |          |
|    ep_len_mean     | 100      |
|    ep_rew_mean     | -100     |
|    success_rate    | 0        |
| time/              |          |
|    episodes        | 428      |
|    fps             | 325      |
|    time_elapsed    | 132      |
|    total_timesteps | 43200    |
---------------------------------
---------------------------------
| rollout/           |          |
|    ep_len_mean     | 100      |
|    ep_rew_mean     | -100     |
|    success_rate    | 0        |
| time/              |          |
|    episodes        | 432      |
|    fps             | 325      |
|    time_elapsed    | 132      |
|    total_timesteps | 43200    |
---------------------------------
---------------------------------
| rollout/           |          |
|    ep_len_mean     | 100      |
|    ep_rew_mean     | -100     |
|    success_rate    | 0        |
| time/              |          |
|    episodes        | 436      |
|    fps             | 332      |
|    time_elapsed    | 140      |
|    total_timesteps | 46800    |
| train/             |          |
|    actor_loss      | -112     |
|    critic_loss     | 0.627    |
|    ent_coef        | 0.364    |
|    ent_coef_loss   | -32.7    |
|    learning_rate   | 0.001    |
|    n_updates       | 1022     |
---------------------------------
---------------------------------
| rollout/           |          |
|    ep_len_mean     | 100      |
|    ep_rew_mean     | -100     |
|    success_rate    | 0        |
| time/              |          |
|    episodes        | 440      |
|    fps             | 332      |
|    time_elapsed    | 140      |
|    total_timesteps | 46800    |
---------------------------------
---------------------------------
| rollout/           |          |
|    ep_len_mean     | 100      |
|    ep_rew_mean     | -100     |
|    success_rate    | 0        |
| time/              |          |
|    episodes        | 444      |
|    fps             | 332      |
|    time_elapsed    | 140      |
|    total_timesteps | 46800    |
---------------------------------
---------------------------------
| rollout/           |          |
|    ep_len_mean     | 100      |
|    ep_rew_mean     | -100     |
|    success_rate    | 0        |
| time/              |          |
|    episodes        | 448      |
|    fps             | 332      |
|    time_elapsed    | 140      |
|    total_timesteps | 46800    |
---------------------------------
---------------------------------
| rollout/           |          |
|    ep_len_mean     | 100      |
|    ep_rew_mean     | -100     |
|    success_rate    | 0        |
| time/              |          |
|    episodes        | 452      |
|    fps             | 332      |
|    time_elapsed    | 140      |
|    total_timesteps | 46800    |
---------------------------------
---------------------------------
| rollout/           |          |
|    ep_len_mean     | 100      |
|    ep_rew_mean     | -100     |
|    success_rate    | 0        |
| time/              |          |
|    episodes        | 456      |
|    fps             | 332      |
|    time_elapsed    | 140      |
|    total_timesteps | 46800    |
---------------------------------
---------------------------------
| rollout/           |          |
|    ep_len_mean     | 100      |
|    ep_rew_mean     | -100     |
|    success_rate    | 0        |
| time/              |          |
|    episodes        | 460      |
|    fps             | 332      |
|    time_elapsed    | 140      |
|    total_timesteps | 46800    |
---------------------------------
---------------------------------
| rollout/           |          |
|    ep_len_mean     | 100      |
|    ep_rew_mean     | -100     |
|    success_rate    | 0        |
| time/              |          |
|    episodes        | 464      |
|    fps             | 332      |
|    time_elapsed    | 140      |
|    total_timesteps | 46800    |
---------------------------------
---------------------------------
| rollout/           |          |
|    ep_len_mean     | 100      |
|    ep_rew_mean     | -100     |
|    success_rate    | 0        |
| time/              |          |
|    episodes        | 468      |
|    fps             | 332      |
|    time_elapsed    | 140      |
|    total_timesteps | 46800    |
---------------------------------
---------------------------------
| rollout/           |          |
|    ep_len_mean     | 100      |
|    ep_rew_mean     | -100     |
|    success_rate    | 0        |
| time/              |          |
|    episodes        | 472      |
|    fps             | 339      |
|    time_elapsed    | 148      |
|    total_timesteps | 50400    |
| train/             |          |
|    actor_loss      | -106     |
|    critic_loss     | 0.541    |
|    ent_coef        | 0.33     |
|    ent_coef_loss   | -36.1    |
|    learning_rate   | 0.001    |
|    n_updates       | 1122     |
---------------------------------
---------------------------------
| rollout/           |          |
|    ep_len_mean     | 100      |
|    ep_rew_mean     | -100     |
|    success_rate    | 0        |
| time/              |          |
|    episodes        | 476      |
|    fps             | 339      |
|    time_elapsed    | 148      |
|    total_timesteps | 50400    |
---------------------------------
---------------------------------
| rollout/           |          |
|    ep_len_mean     | 100      |
|    ep_rew_mean     | -100     |
|    success_rate    | 0        |
| time/              |          |
|    episodes        | 480      |
|    fps             | 339      |
|    time_elapsed    | 148      |
|    total_timesteps | 50400    |
---------------------------------
---------------------------------
| rollout/           |          |
|    ep_len_mean     | 100      |
|    ep_rew_mean     | -100     |
|    success_rate    | 0        |
| time/              |          |
|    episodes        | 484      |
|    fps             | 339      |
|    time_elapsed    | 148      |
|    total_timesteps | 50400    |
---------------------------------
---------------------------------
| rollout/           |          |
|    ep_len_mean     | 100      |
|    ep_rew_mean     | -100     |
|    success_rate    | 0        |
| time/              |          |
|    episodes        | 488      |
|    fps             | 339      |
|    time_elapsed    | 148      |
|    total_timesteps | 50400    |
---------------------------------
---------------------------------
| rollout/           |          |
|    ep_len_mean     | 100      |
|    ep_rew_mean     | -100     |
|    success_rate    | 0        |
| time/              |          |
|    episodes        | 492      |
|    fps             | 339      |
|    time_elapsed    | 148      |
|    total_timesteps | 50400    |
---------------------------------
---------------------------------
| rollout/           |          |
|    ep_len_mean     | 100      |
|    ep_rew_mean     | -100     |
|    success_rate    | 0        |
| time/              |          |
|    episodes        | 496      |
|    fps             | 339      |
|    time_elapsed    | 148      |
|    total_timesteps | 50400    |
---------------------------------
---------------------------------
| rollout/           |          |
|    ep_len_mean     | 100      |
|    ep_rew_mean     | -100     |
|    success_rate    | 0        |
| time/              |          |
|    episodes        | 500      |
|    fps             | 339      |
|    time_elapsed    | 148      |
|    total_timesteps | 50400    |
---------------------------------
---------------------------------
| rollout/           |          |
|    ep_len_mean     | 100      |
|    ep_rew_mean     | -100     |
|    success_rate    | 0        |
| time/              |          |
|    episodes        | 504      |
|    fps             | 339      |
|    time_elapsed    | 148      |
|    total_timesteps | 50400    |
---------------------------------
---------------------------------
| rollout/           |          |
|    ep_len_mean     | 100      |
|    ep_rew_mean     | -100     |
|    success_rate    | 0        |
| time/              |          |
|    episodes        | 508      |
|    fps             | 345      |
|    time_elapsed    | 156      |
|    total_timesteps | 54000    |
| train/             |          |
|    actor_loss      | -98.1    |
|    critic_loss     | 0.446    |
|    ent_coef        | 0.299    |
|    ent_coef_loss   | -39.4    |
|    learning_rate   | 0.001    |
|    n_updates       | 1222     |
---------------------------------
---------------------------------
| rollout/           |          |
|    ep_len_mean     | 100      |
|    ep_rew_mean     | -100     |
|    success_rate    | 0        |
| time/              |          |
|    episodes        | 512      |
|    fps             | 345      |
|    time_elapsed    | 156      |
|    total_timesteps | 54000    |
---------------------------------
---------------------------------
| rollout/           |          |
|    ep_len_mean     | 100      |
|    ep_rew_mean     | -100     |
|    success_rate    | 0        |
| time/              |          |
|    episodes        | 516      |
|    fps             | 345      |
|    time_elapsed    | 156      |
|    total_timesteps | 54000    |
---------------------------------
---------------------------------
| rollout/           |          |
|    ep_len_mean     | 100      |
|    ep_rew_mean     | -100     |
|    success_rate    | 0        |
| time/              |          |
|    episodes        | 520      |
|    fps             | 345      |
|    time_elapsed    | 156      |
|    total_timesteps | 54000    |
---------------------------------
---------------------------------
| rollout/           |          |
|    ep_len_mean     | 100      |
|    ep_rew_mean     | -100     |
|    success_rate    | 0        |
| time/              |          |
|    episodes        | 524      |
|    fps             | 345      |
|    time_elapsed    | 156      |
|    total_timesteps | 54000    |
---------------------------------
---------------------------------
| rollout/           |          |
|    ep_len_mean     | 100      |
|    ep_rew_mean     | -100     |
|    success_rate    | 0        |
| time/              |          |
|    episodes        | 528      |
|    fps             | 345      |
|    time_elapsed    | 156      |
|    total_timesteps | 54000    |
---------------------------------
---------------------------------
| rollout/           |          |
|    ep_len_mean     | 100      |
|    ep_rew_mean     | -100     |
|    success_rate    | 0        |
| time/              |          |
|    episodes        | 532      |
|    fps             | 345      |
|    time_elapsed    | 156      |
|    total_timesteps | 54000    |
---------------------------------
---------------------------------
| rollout/           |          |
|    ep_len_mean     | 100      |
|    ep_rew_mean     | -100     |
|    success_rate    | 0        |
| time/              |          |
|    episodes        | 536      |
|    fps             | 345      |
|    time_elapsed    | 156      |
|    total_timesteps | 54000    |
---------------------------------
---------------------------------
| rollout/           |          |
|    ep_len_mean     | 100      |
|    ep_rew_mean     | -100     |
|    success_rate    | 0        |
| time/              |          |
|    episodes        | 540      |
|    fps             | 345      |
|    time_elapsed    | 156      |
|    total_timesteps | 54000    |
---------------------------------
---------------------------------
| rollout/           |          |
|    ep_len_mean     | 100      |
|    ep_rew_mean     | -100     |
|    success_rate    | 0        |
| time/              |          |
|    episodes        | 544      |
|    fps             | 351      |
|    time_elapsed    | 163      |
|    total_timesteps | 57600    |
| train/             |          |
|    actor_loss      | -89.7    |
|    critic_loss     | 0.373    |
|    ent_coef        | 0.27     |
|    ent_coef_loss   | -42.6    |
|    learning_rate   | 0.001    |
|    n_updates       | 1322     |
---------------------------------
---------------------------------
| rollout/           |          |
|    ep_len_mean     | 100      |
|    ep_rew_mean     | -100     |
|    success_rate    | 0        |
| time/              |          |
|    episodes        | 548      |
|    fps             | 351      |
|    time_elapsed    | 163      |
|    total_timesteps | 57600    |
---------------------------------
---------------------------------
| rollout/           |          |
|    ep_len_mean     | 100      |
|    ep_rew_mean     | -100     |
|    success_rate    | 0        |
| time/              |          |
|    episodes        | 552      |
|    fps             | 351      |
|    time_elapsed    | 163      |
|    total_timesteps | 57600    |
---------------------------------
---------------------------------
| rollout/           |          |
|    ep_len_mean     | 100      |
|    ep_rew_mean     | -100     |
|    success_rate    | 0        |
| time/              |          |
|    episodes        | 556      |
|    fps             | 351      |
|    time_elapsed    | 163      |
|    total_timesteps | 57600    |
---------------------------------
---------------------------------
| rollout/           |          |
|    ep_len_mean     | 100      |
|    ep_rew_mean     | -100     |
|    success_rate    | 0        |
| time/              |          |
|    episodes        | 560      |
|    fps             | 351      |
|    time_elapsed    | 163      |
|    total_timesteps | 57600    |
---------------------------------
---------------------------------
| rollout/           |          |
|    ep_len_mean     | 100      |
|    ep_rew_mean     | -100     |
|    success_rate    | 0        |
| time/              |          |
|    episodes        | 564      |
|    fps             | 351      |
|    time_elapsed    | 163      |
|    total_timesteps | 57600    |
---------------------------------
---------------------------------
| rollout/           |          |
|    ep_len_mean     | 100      |
|    ep_rew_mean     | -100     |
|    success_rate    | 0        |
| time/              |          |
|    episodes        | 568      |
|    fps             | 351      |
|    time_elapsed    | 163      |
|    total_timesteps | 57600    |
---------------------------------
---------------------------------
| rollout/           |          |
|    ep_len_mean     | 100      |
|    ep_rew_mean     | -100     |
|    success_rate    | 0        |
| time/              |          |
|    episodes        | 572      |
|    fps             | 351      |
|    time_elapsed    | 163      |
|    total_timesteps | 57600    |
---------------------------------
---------------------------------
| rollout/           |          |
|    ep_len_mean     | 100      |
|    ep_rew_mean     | -100     |
|    success_rate    | 0        |
| time/              |          |
|    episodes        | 576      |
|    fps             | 351      |
|    time_elapsed    | 163      |
|    total_timesteps | 57600    |
---------------------------------

Running evaluation at 60048 timesteps...
Successfully copied normalization stats
Evaluation results: {'eval/mean_reward': np.float32(-100.0), 'eval/std_reward': np.float32(0.0), 'eval/success_rate': np.float64(0.0)}
---------------------------------
| rollout/           |          |
|    ep_len_mean     | 100      |
|    ep_rew_mean     | -100     |
|    success_rate    | 0        |
| time/              |          |
|    episodes        | 580      |
|    fps             | 314      |
|    time_elapsed    | 194      |
|    total_timesteps | 61200    |
| train/             |          |
|    actor_loss      | -82.5    |
|    critic_loss     | 0.334    |
|    ent_coef        | 0.245    |
|    ent_coef_loss   | -46      |
|    learning_rate   | 0.001    |
|    n_updates       | 1422     |
---------------------------------
---------------------------------
| rollout/           |          |
|    ep_len_mean     | 100      |
|    ep_rew_mean     | -100     |
|    success_rate    | 0        |
| time/              |          |
|    episodes        | 584      |
|    fps             | 314      |
|    time_elapsed    | 194      |
|    total_timesteps | 61200    |
---------------------------------
---------------------------------
| rollout/           |          |
|    ep_len_mean     | 100      |
|    ep_rew_mean     | -100     |
|    success_rate    | 0        |
| time/              |          |
|    episodes        | 588      |
|    fps             | 314      |
|    time_elapsed    | 194      |
|    total_timesteps | 61200    |
---------------------------------
---------------------------------
| rollout/           |          |
|    ep_len_mean     | 100      |
|    ep_rew_mean     | -100     |
|    success_rate    | 0        |
| time/              |          |
|    episodes        | 592      |
|    fps             | 314      |
|    time_elapsed    | 194      |
|    total_timesteps | 61200    |
---------------------------------
---------------------------------
| rollout/           |          |
|    ep_len_mean     | 100      |
|    ep_rew_mean     | -100     |
|    success_rate    | 0        |
| time/              |          |
|    episodes        | 596      |
|    fps             | 314      |
|    time_elapsed    | 194      |
|    total_timesteps | 61200    |
---------------------------------
---------------------------------
| rollout/           |          |
|    ep_len_mean     | 100      |
|    ep_rew_mean     | -100     |
|    success_rate    | 0        |
| time/              |          |
|    episodes        | 600      |
|    fps             | 314      |
|    time_elapsed    | 194      |
|    total_timesteps | 61200    |
---------------------------------
---------------------------------
| rollout/           |          |
|    ep_len_mean     | 100      |
|    ep_rew_mean     | -100     |
|    success_rate    | 0        |
| time/              |          |
|    episodes        | 604      |
|    fps             | 314      |
|    time_elapsed    | 194      |
|    total_timesteps | 61200    |
---------------------------------
---------------------------------
| rollout/           |          |
|    ep_len_mean     | 100      |
|    ep_rew_mean     | -100     |
|    success_rate    | 0        |
| time/              |          |
|    episodes        | 608      |
|    fps             | 314      |
|    time_elapsed    | 194      |
|    total_timesteps | 61200    |
---------------------------------
---------------------------------
| rollout/           |          |
|    ep_len_mean     | 100      |
|    ep_rew_mean     | -100     |
|    success_rate    | 0        |
| time/              |          |
|    episodes        | 612      |
|    fps             | 314      |
|    time_elapsed    | 194      |
|    total_timesteps | 61200    |
---------------------------------
---------------------------------
| rollout/           |          |
|    ep_len_mean     | 100      |
|    ep_rew_mean     | -100     |
|    success_rate    | 0        |
| time/              |          |
|    episodes        | 616      |
|    fps             | 319      |
|    time_elapsed    | 202      |
|    total_timesteps | 64800    |
| train/             |          |
|    actor_loss      | -76.2    |
|    critic_loss     | 0.264    |
|    ent_coef        | 0.221    |
|    ent_coef_loss   | -49.3    |
|    learning_rate   | 0.001    |
|    n_updates       | 1522     |
---------------------------------
---------------------------------
| rollout/           |          |
|    ep_len_mean     | 100      |
|    ep_rew_mean     | -100     |
|    success_rate    | 0        |
| time/              |          |
|    episodes        | 620      |
|    fps             | 319      |
|    time_elapsed    | 202      |
|    total_timesteps | 64800    |
---------------------------------
---------------------------------
| rollout/           |          |
|    ep_len_mean     | 100      |
|    ep_rew_mean     | -100     |
|    success_rate    | 0        |
| time/              |          |
|    episodes        | 624      |
|    fps             | 319      |
|    time_elapsed    | 202      |
|    total_timesteps | 64800    |
---------------------------------
---------------------------------
| rollout/           |          |
|    ep_len_mean     | 100      |
|    ep_rew_mean     | -100     |
|    success_rate    | 0        |
| time/              |          |
|    episodes        | 628      |
|    fps             | 319      |
|    time_elapsed    | 202      |
|    total_timesteps | 64800    |
---------------------------------
---------------------------------
| rollout/           |          |
|    ep_len_mean     | 100      |
|    ep_rew_mean     | -100     |
|    success_rate    | 0        |
| time/              |          |
|    episodes        | 632      |
|    fps             | 319      |
|    time_elapsed    | 202      |
|    total_timesteps | 64800    |
---------------------------------
---------------------------------
| rollout/           |          |
|    ep_len_mean     | 100      |
|    ep_rew_mean     | -100     |
|    success_rate    | 0        |
| time/              |          |
|    episodes        | 636      |
|    fps             | 319      |
|    time_elapsed    | 202      |
|    total_timesteps | 64800    |
---------------------------------
---------------------------------
| rollout/           |          |
|    ep_len_mean     | 100      |
|    ep_rew_mean     | -100     |
|    success_rate    | 0        |
| time/              |          |
|    episodes        | 640      |
|    fps             | 319      |
|    time_elapsed    | 202      |
|    total_timesteps | 64800    |
---------------------------------
---------------------------------
| rollout/           |          |
|    ep_len_mean     | 100      |
|    ep_rew_mean     | -100     |
|    success_rate    | 0        |
| time/              |          |
|    episodes        | 644      |
|    fps             | 319      |
|    time_elapsed    | 202      |
|    total_timesteps | 64800    |
---------------------------------
---------------------------------
| rollout/           |          |
|    ep_len_mean     | 100      |
|    ep_rew_mean     | -100     |
|    success_rate    | 0        |
| time/              |          |
|    episodes        | 648      |
|    fps             | 319      |
|    time_elapsed    | 202      |
|    total_timesteps | 64800    |
---------------------------------
---------------------------------
| rollout/           |          |
|    ep_len_mean     | 100      |
|    ep_rew_mean     | -100     |
|    success_rate    | 0        |
| time/              |          |
|    episodes        | 652      |
|    fps             | 324      |
|    time_elapsed    | 210      |
|    total_timesteps | 68400    |
| train/             |          |
|    actor_loss      | -69.2    |
|    critic_loss     | 0.22     |
|    ent_coef        | 0.2      |
|    ent_coef_loss   | -52.6    |
|    learning_rate   | 0.001    |
|    n_updates       | 1622     |
---------------------------------
---------------------------------
| rollout/           |          |
|    ep_len_mean     | 100      |
|    ep_rew_mean     | -100     |
|    success_rate    | 0        |
| time/              |          |
|    episodes        | 656      |
|    fps             | 324      |
|    time_elapsed    | 210      |
|    total_timesteps | 68400    |
---------------------------------
---------------------------------
| rollout/           |          |
|    ep_len_mean     | 100      |
|    ep_rew_mean     | -100     |
|    success_rate    | 0        |
| time/              |          |
|    episodes        | 660      |
|    fps             | 324      |
|    time_elapsed    | 210      |
|    total_timesteps | 68400    |
---------------------------------
---------------------------------
| rollout/           |          |
|    ep_len_mean     | 100      |
|    ep_rew_mean     | -100     |
|    success_rate    | 0        |
| time/              |          |
|    episodes        | 664      |
|    fps             | 324      |
|    time_elapsed    | 210      |
|    total_timesteps | 68400    |
---------------------------------
---------------------------------
| rollout/           |          |
|    ep_len_mean     | 100      |
|    ep_rew_mean     | -100     |
|    success_rate    | 0        |
| time/              |          |
|    episodes        | 668      |
|    fps             | 324      |
|    time_elapsed    | 210      |
|    total_timesteps | 68400    |
---------------------------------
---------------------------------
| rollout/           |          |
|    ep_len_mean     | 100      |
|    ep_rew_mean     | -100     |
|    success_rate    | 0        |
| time/              |          |
|    episodes        | 672      |
|    fps             | 324      |
|    time_elapsed    | 210      |
|    total_timesteps | 68400    |
---------------------------------
---------------------------------
| rollout/           |          |
|    ep_len_mean     | 100      |
|    ep_rew_mean     | -100     |
|    success_rate    | 0        |
| time/              |          |
|    episodes        | 676      |
|    fps             | 324      |
|    time_elapsed    | 210      |
|    total_timesteps | 68400    |
---------------------------------
---------------------------------
| rollout/           |          |
|    ep_len_mean     | 100      |
|    ep_rew_mean     | -100     |
|    success_rate    | 0        |
| time/              |          |
|    episodes        | 680      |
|    fps             | 324      |
|    time_elapsed    | 210      |
|    total_timesteps | 68400    |
---------------------------------
---------------------------------
| rollout/           |          |
|    ep_len_mean     | 100      |
|    ep_rew_mean     | -100     |
|    success_rate    | 0        |
| time/              |          |
|    episodes        | 684      |
|    fps             | 324      |
|    time_elapsed    | 210      |
|    total_timesteps | 68400    |
---------------------------------
---------------------------------
| rollout/           |          |
|    ep_len_mean     | 100      |
|    ep_rew_mean     | -100     |
|    success_rate    | 0        |
| time/              |          |
|    episodes        | 688      |
|    fps             | 330      |
|    time_elapsed    | 218      |
|    total_timesteps | 72000    |
| train/             |          |
|    actor_loss      | -62.5    |
|    critic_loss     | 0.171    |
|    ent_coef        | 0.181    |
|    ent_coef_loss   | -55.9    |
|    learning_rate   | 0.001    |
|    n_updates       | 1722     |
---------------------------------
---------------------------------
| rollout/           |          |
|    ep_len_mean     | 100      |
|    ep_rew_mean     | -100     |
|    success_rate    | 0        |
| time/              |          |
|    episodes        | 692      |
|    fps             | 330      |
|    time_elapsed    | 218      |
|    total_timesteps | 72000    |
---------------------------------
---------------------------------
| rollout/           |          |
|    ep_len_mean     | 100      |
|    ep_rew_mean     | -100     |
|    success_rate    | 0        |
| time/              |          |
|    episodes        | 696      |
|    fps             | 330      |
|    time_elapsed    | 218      |
|    total_timesteps | 72000    |
---------------------------------
---------------------------------
| rollout/           |          |
|    ep_len_mean     | 100      |
|    ep_rew_mean     | -100     |
|    success_rate    | 0        |
| time/              |          |
|    episodes        | 700      |
|    fps             | 330      |
|    time_elapsed    | 218      |
|    total_timesteps | 72000    |
---------------------------------
---------------------------------
| rollout/           |          |
|    ep_len_mean     | 100      |
|    ep_rew_mean     | -100     |
|    success_rate    | 0        |
| time/              |          |
|    episodes        | 704      |
|    fps             | 330      |
|    time_elapsed    | 218      |
|    total_timesteps | 72000    |
---------------------------------
---------------------------------
| rollout/           |          |
|    ep_len_mean     | 100      |
|    ep_rew_mean     | -100     |
|    success_rate    | 0        |
| time/              |          |
|    episodes        | 708      |
|    fps             | 330      |
|    time_elapsed    | 218      |
|    total_timesteps | 72000    |
---------------------------------
---------------------------------
| rollout/           |          |
|    ep_len_mean     | 100      |
|    ep_rew_mean     | -100     |
|    success_rate    | 0        |
| time/              |          |
|    episodes        | 712      |
|    fps             | 330      |
|    time_elapsed    | 218      |
|    total_timesteps | 72000    |
---------------------------------
---------------------------------
| rollout/           |          |
|    ep_len_mean     | 100      |
|    ep_rew_mean     | -100     |
|    success_rate    | 0        |
| time/              |          |
|    episodes        | 716      |
|    fps             | 330      |
|    time_elapsed    | 218      |
|    total_timesteps | 72000    |
---------------------------------
---------------------------------
| rollout/           |          |
|    ep_len_mean     | 100      |
|    ep_rew_mean     | -100     |
|    success_rate    | 0        |
| time/              |          |
|    episodes        | 720      |
|    fps             | 330      |
|    time_elapsed    | 218      |
|    total_timesteps | 72000    |
---------------------------------
---------------------------------
| rollout/           |          |
|    ep_len_mean     | 100      |
|    ep_rew_mean     | -100     |
|    success_rate    | 0        |
| time/              |          |
|    episodes        | 724      |
|    fps             | 334      |
|    time_elapsed    | 225      |
|    total_timesteps | 75600    |
| train/             |          |
|    actor_loss      | -57.4    |
|    critic_loss     | 0.13     |
|    ent_coef        | 0.164    |
|    ent_coef_loss   | -59.4    |
|    learning_rate   | 0.001    |
|    n_updates       | 1822     |
---------------------------------
---------------------------------
| rollout/           |          |
|    ep_len_mean     | 100      |
|    ep_rew_mean     | -100     |
|    success_rate    | 0        |
| time/              |          |
|    episodes        | 728      |
|    fps             | 334      |
|    time_elapsed    | 225      |
|    total_timesteps | 75600    |
---------------------------------
---------------------------------
| rollout/           |          |
|    ep_len_mean     | 100      |
|    ep_rew_mean     | -100     |
|    success_rate    | 0        |
| time/              |          |
|    episodes        | 732      |
|    fps             | 334      |
|    time_elapsed    | 225      |
|    total_timesteps | 75600    |
---------------------------------
---------------------------------
| rollout/           |          |
|    ep_len_mean     | 100      |
|    ep_rew_mean     | -100     |
|    success_rate    | 0        |
| time/              |          |
|    episodes        | 736      |
|    fps             | 334      |
|    time_elapsed    | 225      |
|    total_timesteps | 75600    |
---------------------------------
---------------------------------
| rollout/           |          |
|    ep_len_mean     | 100      |
|    ep_rew_mean     | -100     |
|    success_rate    | 0        |
| time/              |          |
|    episodes        | 740      |
|    fps             | 334      |
|    time_elapsed    | 225      |
|    total_timesteps | 75600    |
---------------------------------
---------------------------------
| rollout/           |          |
|    ep_len_mean     | 100      |
|    ep_rew_mean     | -100     |
|    success_rate    | 0        |
| time/              |          |
|    episodes        | 744      |
|    fps             | 334      |
|    time_elapsed    | 225      |
|    total_timesteps | 75600    |
---------------------------------
---------------------------------
| rollout/           |          |
|    ep_len_mean     | 100      |
|    ep_rew_mean     | -100     |
|    success_rate    | 0        |
| time/              |          |
|    episodes        | 748      |
|    fps             | 334      |
|    time_elapsed    | 225      |
|    total_timesteps | 75600    |
---------------------------------
---------------------------------
| rollout/           |          |
|    ep_len_mean     | 100      |
|    ep_rew_mean     | -100     |
|    success_rate    | 0        |
| time/              |          |
|    episodes        | 752      |
|    fps             | 334      |
|    time_elapsed    | 225      |
|    total_timesteps | 75600    |
---------------------------------
---------------------------------
| rollout/           |          |
|    ep_len_mean     | 100      |
|    ep_rew_mean     | -100     |
|    success_rate    | 0        |
| time/              |          |
|    episodes        | 756      |
|    fps             | 334      |
|    time_elapsed    | 225      |
|    total_timesteps | 75600    |
---------------------------------
---------------------------------
| rollout/           |          |
|    ep_len_mean     | 100      |
|    ep_rew_mean     | -100     |
|    success_rate    | 0        |
| time/              |          |
|    episodes        | 760      |
|    fps             | 338      |
|    time_elapsed    | 233      |
|    total_timesteps | 79200    |
| train/             |          |
|    actor_loss      | -52      |
|    critic_loss     | 0.0973   |
|    ent_coef        | 0.148    |
|    ent_coef_loss   | -62.7    |
|    learning_rate   | 0.001    |
|    n_updates       | 1922     |
---------------------------------
---------------------------------
| rollout/           |          |
|    ep_len_mean     | 100      |
|    ep_rew_mean     | -100     |
|    success_rate    | 0        |
| time/              |          |
|    episodes        | 764      |
|    fps             | 338      |
|    time_elapsed    | 233      |
|    total_timesteps | 79200    |
---------------------------------
---------------------------------
| rollout/           |          |
|    ep_len_mean     | 100      |
|    ep_rew_mean     | -100     |
|    success_rate    | 0        |
| time/              |          |
|    episodes        | 768      |
|    fps             | 338      |
|    time_elapsed    | 233      |
|    total_timesteps | 79200    |
---------------------------------
---------------------------------
| rollout/           |          |
|    ep_len_mean     | 100      |
|    ep_rew_mean     | -100     |
|    success_rate    | 0        |
| time/              |          |
|    episodes        | 772      |
|    fps             | 338      |
|    time_elapsed    | 233      |
|    total_timesteps | 79200    |
---------------------------------
---------------------------------
| rollout/           |          |
|    ep_len_mean     | 100      |
|    ep_rew_mean     | -100     |
|    success_rate    | 0        |
| time/              |          |
|    episodes        | 776      |
|    fps             | 338      |
|    time_elapsed    | 233      |
|    total_timesteps | 79200    |
---------------------------------
---------------------------------
| rollout/           |          |
|    ep_len_mean     | 100      |
|    ep_rew_mean     | -100     |
|    success_rate    | 0        |
| time/              |          |
|    episodes        | 780      |
|    fps             | 338      |
|    time_elapsed    | 233      |
|    total_timesteps | 79200    |
---------------------------------
---------------------------------
| rollout/           |          |
|    ep_len_mean     | 100      |
|    ep_rew_mean     | -100     |
|    success_rate    | 0        |
| time/              |          |
|    episodes        | 784      |
|    fps             | 338      |
|    time_elapsed    | 233      |
|    total_timesteps | 79200    |
---------------------------------
---------------------------------
| rollout/           |          |
|    ep_len_mean     | 100      |
|    ep_rew_mean     | -100     |
|    success_rate    | 0        |
| time/              |          |
|    episodes        | 788      |
|    fps             | 338      |
|    time_elapsed    | 233      |
|    total_timesteps | 79200    |
---------------------------------
---------------------------------
| rollout/           |          |
|    ep_len_mean     | 100      |
|    ep_rew_mean     | -100     |
|    success_rate    | 0        |
| time/              |          |
|    episodes        | 792      |
|    fps             | 338      |
|    time_elapsed    | 233      |
|    total_timesteps | 79200    |
---------------------------------

Running evaluation at 80064 timesteps...
Successfully copied normalization stats
Evaluation results: {'eval/mean_reward': np.float32(-100.0), 'eval/std_reward': np.float32(0.0), 'eval/success_rate': np.float64(0.0)}
---------------------------------
| rollout/           |          |
|    ep_len_mean     | 100      |
|    ep_rew_mean     | -100     |
|    success_rate    | 0        |
| time/              |          |
|    episodes        | 796      |
|    fps             | 313      |
|    time_elapsed    | 263      |
|    total_timesteps | 82800    |
| train/             |          |
|    actor_loss      | -46.9    |
|    critic_loss     | 0.0771   |
|    ent_coef        | 0.134    |
|    ent_coef_loss   | -66      |
|    learning_rate   | 0.001    |
|    n_updates       | 2022     |
---------------------------------
---------------------------------
| rollout/           |          |
|    ep_len_mean     | 100      |
|    ep_rew_mean     | -100     |
|    success_rate    | 0        |
| time/              |          |
|    episodes        | 800      |
|    fps             | 313      |
|    time_elapsed    | 263      |
|    total_timesteps | 82800    |
---------------------------------
---------------------------------
| rollout/           |          |
|    ep_len_mean     | 100      |
|    ep_rew_mean     | -100     |
|    success_rate    | 0        |
| time/              |          |
|    episodes        | 804      |
|    fps             | 313      |
|    time_elapsed    | 263      |
|    total_timesteps | 82800    |
---------------------------------
---------------------------------
| rollout/           |          |
|    ep_len_mean     | 100      |
|    ep_rew_mean     | -100     |
|    success_rate    | 0        |
| time/              |          |
|    episodes        | 808      |
|    fps             | 313      |
|    time_elapsed    | 263      |
|    total_timesteps | 82800    |
---------------------------------
---------------------------------
| rollout/           |          |
|    ep_len_mean     | 100      |
|    ep_rew_mean     | -100     |
|    success_rate    | 0        |
| time/              |          |
|    episodes        | 812      |
|    fps             | 313      |
|    time_elapsed    | 263      |
|    total_timesteps | 82800    |
---------------------------------
---------------------------------
| rollout/           |          |
|    ep_len_mean     | 100      |
|    ep_rew_mean     | -100     |
|    success_rate    | 0        |
| time/              |          |
|    episodes        | 816      |
|    fps             | 313      |
|    time_elapsed    | 263      |
|    total_timesteps | 82800    |
---------------------------------
---------------------------------
| rollout/           |          |
|    ep_len_mean     | 100      |
|    ep_rew_mean     | -100     |
|    success_rate    | 0        |
| time/              |          |
|    episodes        | 820      |
|    fps             | 313      |
|    time_elapsed    | 263      |
|    total_timesteps | 82800    |
---------------------------------
---------------------------------
| rollout/           |          |
|    ep_len_mean     | 100      |
|    ep_rew_mean     | -100     |
|    success_rate    | 0        |
| time/              |          |
|    episodes        | 824      |
|    fps             | 313      |
|    time_elapsed    | 263      |
|    total_timesteps | 82800    |
---------------------------------
---------------------------------
| rollout/           |          |
|    ep_len_mean     | 100      |
|    ep_rew_mean     | -100     |
|    success_rate    | 0        |
| time/              |          |
|    episodes        | 828      |
|    fps             | 313      |
|    time_elapsed    | 263      |
|    total_timesteps | 82800    |
---------------------------------
---------------------------------
| rollout/           |          |
|    ep_len_mean     | 100      |
|    ep_rew_mean     | -100     |
|    success_rate    | 0        |
| time/              |          |
|    episodes        | 832      |
|    fps             | 317      |
|    time_elapsed    | 271      |
|    total_timesteps | 86400    |
| train/             |          |
|    actor_loss      | -42.6    |
|    critic_loss     | 0.0603   |
|    ent_coef        | 0.121    |
|    ent_coef_loss   | -69.4    |
|    learning_rate   | 0.001    |
|    n_updates       | 2122     |
---------------------------------
---------------------------------
| rollout/           |          |
|    ep_len_mean     | 100      |
|    ep_rew_mean     | -100     |
|    success_rate    | 0        |
| time/              |          |
|    episodes        | 836      |
|    fps             | 317      |
|    time_elapsed    | 271      |
|    total_timesteps | 86400    |
---------------------------------
---------------------------------
| rollout/           |          |
|    ep_len_mean     | 100      |
|    ep_rew_mean     | -100     |
|    success_rate    | 0        |
| time/              |          |
|    episodes        | 840      |
|    fps             | 317      |
|    time_elapsed    | 271      |
|    total_timesteps | 86400    |
---------------------------------
---------------------------------
| rollout/           |          |
|    ep_len_mean     | 100      |
|    ep_rew_mean     | -100     |
|    success_rate    | 0        |
| time/              |          |
|    episodes        | 844      |
|    fps             | 317      |
|    time_elapsed    | 271      |
|    total_timesteps | 86400    |
---------------------------------
---------------------------------
| rollout/           |          |
|    ep_len_mean     | 100      |
|    ep_rew_mean     | -100     |
|    success_rate    | 0        |
| time/              |          |
|    episodes        | 848      |
|    fps             | 317      |
|    time_elapsed    | 271      |
|    total_timesteps | 86400    |
---------------------------------
---------------------------------
| rollout/           |          |
|    ep_len_mean     | 100      |
|    ep_rew_mean     | -100     |
|    success_rate    | 0        |
| time/              |          |
|    episodes        | 852      |
|    fps             | 317      |
|    time_elapsed    | 271      |
|    total_timesteps | 86400    |
---------------------------------
---------------------------------
| rollout/           |          |
|    ep_len_mean     | 100      |
|    ep_rew_mean     | -100     |
|    success_rate    | 0        |
| time/              |          |
|    episodes        | 856      |
|    fps             | 317      |
|    time_elapsed    | 271      |
|    total_timesteps | 86400    |
---------------------------------
---------------------------------
| rollout/           |          |
|    ep_len_mean     | 100      |
|    ep_rew_mean     | -100     |
|    success_rate    | 0        |
| time/              |          |
|    episodes        | 860      |
|    fps             | 317      |
|    time_elapsed    | 271      |
|    total_timesteps | 86400    |
---------------------------------
---------------------------------
| rollout/           |          |
|    ep_len_mean     | 100      |
|    ep_rew_mean     | -100     |
|    success_rate    | 0        |
| time/              |          |
|    episodes        | 864      |
|    fps             | 317      |
|    time_elapsed    | 271      |
|    total_timesteps | 86400    |
---------------------------------
---------------------------------
| rollout/           |          |
|    ep_len_mean     | 100      |
|    ep_rew_mean     | -100     |
|    success_rate    | 0        |
| time/              |          |
|    episodes        | 868      |
|    fps             | 321      |
|    time_elapsed    | 279      |
|    total_timesteps | 90000    |
| train/             |          |
|    actor_loss      | -38.6    |
|    critic_loss     | 0.0469   |
|    ent_coef        | 0.11     |
|    ent_coef_loss   | -72.9    |
|    learning_rate   | 0.001    |
|    n_updates       | 2222     |
---------------------------------
---------------------------------
| rollout/           |          |
|    ep_len_mean     | 100      |
|    ep_rew_mean     | -100     |
|    success_rate    | 0        |
| time/              |          |
|    episodes        | 872      |
|    fps             | 321      |
|    time_elapsed    | 279      |
|    total_timesteps | 90000    |
---------------------------------
---------------------------------
| rollout/           |          |
|    ep_len_mean     | 100      |
|    ep_rew_mean     | -100     |
|    success_rate    | 0        |
| time/              |          |
|    episodes        | 876      |
|    fps             | 321      |
|    time_elapsed    | 279      |
|    total_timesteps | 90000    |
---------------------------------
---------------------------------
| rollout/           |          |
|    ep_len_mean     | 100      |
|    ep_rew_mean     | -100     |
|    success_rate    | 0        |
| time/              |          |
|    episodes        | 880      |
|    fps             | 321      |
|    time_elapsed    | 279      |
|    total_timesteps | 90000    |
---------------------------------
---------------------------------
| rollout/           |          |
|    ep_len_mean     | 100      |
|    ep_rew_mean     | -100     |
|    success_rate    | 0        |
| time/              |          |
|    episodes        | 884      |
|    fps             | 321      |
|    time_elapsed    | 279      |
|    total_timesteps | 90000    |
---------------------------------
---------------------------------
| rollout/           |          |
|    ep_len_mean     | 100      |
|    ep_rew_mean     | -100     |
|    success_rate    | 0        |
| time/              |          |
|    episodes        | 888      |
|    fps             | 321      |
|    time_elapsed    | 279      |
|    total_timesteps | 90000    |
---------------------------------
---------------------------------
| rollout/           |          |
|    ep_len_mean     | 100      |
|    ep_rew_mean     | -100     |
|    success_rate    | 0        |
| time/              |          |
|    episodes        | 892      |
|    fps             | 321      |
|    time_elapsed    | 279      |
|    total_timesteps | 90000    |
---------------------------------
---------------------------------
| rollout/           |          |
|    ep_len_mean     | 100      |
|    ep_rew_mean     | -100     |
|    success_rate    | 0        |
| time/              |          |
|    episodes        | 896      |
|    fps             | 321      |
|    time_elapsed    | 279      |
|    total_timesteps | 90000    |
---------------------------------
---------------------------------
| rollout/           |          |
|    ep_len_mean     | 100      |
|    ep_rew_mean     | -100     |
|    success_rate    | 0        |
| time/              |          |
|    episodes        | 900      |
|    fps             | 321      |
|    time_elapsed    | 279      |
|    total_timesteps | 90000    |
---------------------------------
---------------------------------
| rollout/           |          |
|    ep_len_mean     | 100      |
|    ep_rew_mean     | -100     |
|    success_rate    | 0        |
| time/              |          |
|    episodes        | 904      |
|    fps             | 325      |
|    time_elapsed    | 287      |
|    total_timesteps | 93600    |
| train/             |          |
|    actor_loss      | -34.8    |
|    critic_loss     | 0.0388   |
|    ent_coef        | 0.0991   |
|    ent_coef_loss   | -76.2    |
|    learning_rate   | 0.001    |
|    n_updates       | 2322     |
---------------------------------
---------------------------------
| rollout/           |          |
|    ep_len_mean     | 100      |
|    ep_rew_mean     | -100     |
|    success_rate    | 0        |
| time/              |          |
|    episodes        | 908      |
|    fps             | 325      |
|    time_elapsed    | 287      |
|    total_timesteps | 93600    |
---------------------------------
---------------------------------
| rollout/           |          |
|    ep_len_mean     | 100      |
|    ep_rew_mean     | -100     |
|    success_rate    | 0        |
| time/              |          |
|    episodes        | 912      |
|    fps             | 325      |
|    time_elapsed    | 287      |
|    total_timesteps | 93600    |
---------------------------------
---------------------------------
| rollout/           |          |
|    ep_len_mean     | 100      |
|    ep_rew_mean     | -100     |
|    success_rate    | 0        |
| time/              |          |
|    episodes        | 916      |
|    fps             | 325      |
|    time_elapsed    | 287      |
|    total_timesteps | 93600    |
---------------------------------
---------------------------------
| rollout/           |          |
|    ep_len_mean     | 100      |
|    ep_rew_mean     | -100     |
|    success_rate    | 0        |
| time/              |          |
|    episodes        | 920      |
|    fps             | 325      |
|    time_elapsed    | 287      |
|    total_timesteps | 93600    |
---------------------------------
---------------------------------
| rollout/           |          |
|    ep_len_mean     | 100      |
|    ep_rew_mean     | -100     |
|    success_rate    | 0        |
| time/              |          |
|    episodes        | 924      |
|    fps             | 325      |
|    time_elapsed    | 287      |
|    total_timesteps | 93600    |
---------------------------------
---------------------------------
| rollout/           |          |
|    ep_len_mean     | 100      |
|    ep_rew_mean     | -100     |
|    success_rate    | 0        |
| time/              |          |
|    episodes        | 928      |
|    fps             | 325      |
|    time_elapsed    | 287      |
|    total_timesteps | 93600    |
---------------------------------
---------------------------------
| rollout/           |          |
|    ep_len_mean     | 100      |
|    ep_rew_mean     | -100     |
|    success_rate    | 0        |
| time/              |          |
|    episodes        | 932      |
|    fps             | 325      |
|    time_elapsed    | 287      |
|    total_timesteps | 93600    |
---------------------------------
---------------------------------
| rollout/           |          |
|    ep_len_mean     | 100      |
|    ep_rew_mean     | -100     |
|    success_rate    | 0        |
| time/              |          |
|    episodes        | 936      |
|    fps             | 325      |
|    time_elapsed    | 287      |
|    total_timesteps | 93600    |
---------------------------------
---------------------------------
| rollout/           |          |
|    ep_len_mean     | 100      |
|    ep_rew_mean     | -100     |
|    success_rate    | 0        |
| time/              |          |
|    episodes        | 940      |
|    fps             | 328      |
|    time_elapsed    | 295      |
|    total_timesteps | 97200    |
| train/             |          |
|    actor_loss      | -31.3    |
|    critic_loss     | 0.0279   |
|    ent_coef        | 0.0896   |
|    ent_coef_loss   | -79.8    |
|    learning_rate   | 0.001    |
|    n_updates       | 2422     |
---------------------------------
---------------------------------
| rollout/           |          |
|    ep_len_mean     | 100      |
|    ep_rew_mean     | -100     |
|    success_rate    | 0        |
| time/              |          |
|    episodes        | 944      |
|    fps             | 328      |
|    time_elapsed    | 295      |
|    total_timesteps | 97200    |
---------------------------------
---------------------------------
| rollout/           |          |
|    ep_len_mean     | 100      |
|    ep_rew_mean     | -100     |
|    success_rate    | 0        |
| time/              |          |
|    episodes        | 948      |
|    fps             | 328      |
|    time_elapsed    | 295      |
|    total_timesteps | 97200    |
---------------------------------
---------------------------------
| rollout/           |          |
|    ep_len_mean     | 100      |
|    ep_rew_mean     | -100     |
|    success_rate    | 0        |
| time/              |          |
|    episodes        | 952      |
|    fps             | 328      |
|    time_elapsed    | 295      |
|    total_timesteps | 97200    |
---------------------------------
---------------------------------
| rollout/           |          |
|    ep_len_mean     | 100      |
|    ep_rew_mean     | -100     |
|    success_rate    | 0        |
| time/              |          |
|    episodes        | 956      |
|    fps             | 328      |
|    time_elapsed    | 295      |
|    total_timesteps | 97200    |
---------------------------------
---------------------------------
| rollout/           |          |
|    ep_len_mean     | 100      |
|    ep_rew_mean     | -100     |
|    success_rate    | 0        |
| time/              |          |
|    episodes        | 960      |
|    fps             | 328      |
|    time_elapsed    | 295      |
|    total_timesteps | 97200    |
---------------------------------
---------------------------------
| rollout/           |          |
|    ep_len_mean     | 100      |
|    ep_rew_mean     | -100     |
|    success_rate    | 0        |
| time/              |          |
|    episodes        | 964      |
|    fps             | 328      |
|    time_elapsed    | 295      |
|    total_timesteps | 97200    |
---------------------------------
---------------------------------
| rollout/           |          |
|    ep_len_mean     | 100      |
|    ep_rew_mean     | -100     |
|    success_rate    | 0        |
| time/              |          |
|    episodes        | 968      |
|    fps             | 328      |
|    time_elapsed    | 295      |
|    total_timesteps | 97200    |
---------------------------------
---------------------------------
| rollout/           |          |
|    ep_len_mean     | 100      |
|    ep_rew_mean     | -100     |
|    success_rate    | 0        |
| time/              |          |
|    episodes        | 972      |
|    fps             | 328      |
|    time_elapsed    | 295      |
|    total_timesteps | 97200    |
---------------------------------

Running evaluation at 100080 timesteps...
Successfully copied normalization stats
Evaluation results: {'eval/mean_reward': np.float32(-100.0), 'eval/std_reward': np.float32(0.0), 'eval/success_rate': np.float64(0.0)}
---------------------------------
| rollout/           |          |
|    ep_len_mean     | 100      |
|    ep_rew_mean     | -100     |
|    success_rate    | 0        |
| time/              |          |
|    episodes        | 976      |
|    fps             | 309      |
|    time_elapsed    | 325      |
|    total_timesteps | 100800   |
| train/             |          |
|    actor_loss      | -28.1    |
|    critic_loss     | 0.0244   |
|    ent_coef        | 0.081    |
|    ent_coef_loss   | -83.1    |
|    learning_rate   | 0.001    |
|    n_updates       | 2522     |
---------------------------------
---------------------------------
| rollout/           |          |
|    ep_len_mean     | 100      |
|    ep_rew_mean     | -100     |
|    success_rate    | 0        |
| time/              |          |
|    episodes        | 980      |
|    fps             | 309      |
|    time_elapsed    | 325      |
|    total_timesteps | 100800   |
---------------------------------
---------------------------------
| rollout/           |          |
|    ep_len_mean     | 100      |
|    ep_rew_mean     | -100     |
|    success_rate    | 0        |
| time/              |          |
|    episodes        | 984      |
|    fps             | 309      |
|    time_elapsed    | 325      |
|    total_timesteps | 100800   |
---------------------------------
---------------------------------
| rollout/           |          |
|    ep_len_mean     | 100      |
|    ep_rew_mean     | -100     |
|    success_rate    | 0        |
| time/              |          |
|    episodes        | 988      |
|    fps             | 309      |
|    time_elapsed    | 325      |
|    total_timesteps | 100800   |
---------------------------------
---------------------------------
| rollout/           |          |
|    ep_len_mean     | 100      |
|    ep_rew_mean     | -100     |
|    success_rate    | 0        |
| time/              |          |
|    episodes        | 992      |
|    fps             | 309      |
|    time_elapsed    | 325      |
|    total_timesteps | 100800   |
---------------------------------
---------------------------------
| rollout/           |          |
|    ep_len_mean     | 100      |
|    ep_rew_mean     | -100     |
|    success_rate    | 0        |
| time/              |          |
|    episodes        | 996      |
|    fps             | 309      |
|    time_elapsed    | 325      |
|    total_timesteps | 100800   |
---------------------------------
---------------------------------
| rollout/           |          |
|    ep_len_mean     | 100      |
|    ep_rew_mean     | -100     |
|    success_rate    | 0        |
| time/              |          |
|    episodes        | 1000     |
|    fps             | 309      |
|    time_elapsed    | 325      |
|    total_timesteps | 100800   |
---------------------------------
---------------------------------
| rollout/           |          |
|    ep_len_mean     | 100      |
|    ep_rew_mean     | -100     |
|    success_rate    | 0        |
| time/              |          |
|    episodes        | 1004     |
|    fps             | 309      |
|    time_elapsed    | 325      |
|    total_timesteps | 100800   |
---------------------------------
---------------------------------
| rollout/           |          |
|    ep_len_mean     | 100      |
|    ep_rew_mean     | -100     |
|    success_rate    | 0        |
| time/              |          |
|    episodes        | 1008     |
|    fps             | 309      |
|    time_elapsed    | 325      |
|    total_timesteps | 100800   |
---------------------------------
---------------------------------
| rollout/           |          |
|    ep_len_mean     | 100      |
|    ep_rew_mean     | -100     |
|    success_rate    | 0        |
| time/              |          |
|    episodes        | 1012     |
|    fps             | 313      |
|    time_elapsed    | 332      |
|    total_timesteps | 104400   |
| train/             |          |
|    actor_loss      | -25.2    |
|    critic_loss     | 0.0201   |
|    ent_coef        | 0.0733   |
|    ent_coef_loss   | -86.4    |
|    learning_rate   | 0.001    |
|    n_updates       | 2622     |
---------------------------------
---------------------------------
| rollout/           |          |
|    ep_len_mean     | 100      |
|    ep_rew_mean     | -100     |
|    success_rate    | 0        |
| time/              |          |
|    episodes        | 1016     |
|    fps             | 313      |
|    time_elapsed    | 332      |
|    total_timesteps | 104400   |
---------------------------------
---------------------------------
| rollout/           |          |
|    ep_len_mean     | 100      |
|    ep_rew_mean     | -100     |
|    success_rate    | 0        |
| time/              |          |
|    episodes        | 1020     |
|    fps             | 313      |
|    time_elapsed    | 332      |
|    total_timesteps | 104400   |
---------------------------------
---------------------------------
| rollout/           |          |
|    ep_len_mean     | 100      |
|    ep_rew_mean     | -100     |
|    success_rate    | 0        |
| time/              |          |
|    episodes        | 1024     |
|    fps             | 313      |
|    time_elapsed    | 332      |
|    total_timesteps | 104400   |
---------------------------------
---------------------------------
| rollout/           |          |
|    ep_len_mean     | 100      |
|    ep_rew_mean     | -100     |
|    success_rate    | 0        |
| time/              |          |
|    episodes        | 1028     |
|    fps             | 313      |
|    time_elapsed    | 332      |
|    total_timesteps | 104400   |
---------------------------------
---------------------------------
| rollout/           |          |
|    ep_len_mean     | 100      |
|    ep_rew_mean     | -100     |
|    success_rate    | 0        |
| time/              |          |
|    episodes        | 1032     |
|    fps             | 313      |
|    time_elapsed    | 332      |
|    total_timesteps | 104400   |
---------------------------------
---------------------------------
| rollout/           |          |
|    ep_len_mean     | 100      |
|    ep_rew_mean     | -100     |
|    success_rate    | 0        |
| time/              |          |
|    episodes        | 1036     |
|    fps             | 313      |
|    time_elapsed    | 332      |
|    total_timesteps | 104400   |
---------------------------------
---------------------------------
| rollout/           |          |
|    ep_len_mean     | 100      |
|    ep_rew_mean     | -100     |
|    success_rate    | 0        |
| time/              |          |
|    episodes        | 1040     |
|    fps             | 313      |
|    time_elapsed    | 332      |
|    total_timesteps | 104400   |
---------------------------------
---------------------------------
| rollout/           |          |
|    ep_len_mean     | 100      |
|    ep_rew_mean     | -100     |
|    success_rate    | 0        |
| time/              |          |
|    episodes        | 1044     |
|    fps             | 313      |
|    time_elapsed    | 333      |
|    total_timesteps | 104400   |
---------------------------------
---------------------------------
| rollout/           |          |
|    ep_len_mean     | 100      |
|    ep_rew_mean     | -100     |
|    success_rate    | 0        |
| time/              |          |
|    episodes        | 1048     |
|    fps             | 316      |
|    time_elapsed    | 340      |
|    total_timesteps | 108000   |
| train/             |          |
|    actor_loss      | -22.7    |
|    critic_loss     | 0.0155   |
|    ent_coef        | 0.0662   |
|    ent_coef_loss   | -90      |
|    learning_rate   | 0.001    |
|    n_updates       | 2722     |
---------------------------------
---------------------------------
| rollout/           |          |
|    ep_len_mean     | 100      |
|    ep_rew_mean     | -100     |
|    success_rate    | 0        |
| time/              |          |
|    episodes        | 1052     |
|    fps             | 316      |
|    time_elapsed    | 340      |
|    total_timesteps | 108000   |
---------------------------------
---------------------------------
| rollout/           |          |
|    ep_len_mean     | 100      |
|    ep_rew_mean     | -100     |
|    success_rate    | 0        |
| time/              |          |
|    episodes        | 1056     |
|    fps             | 316      |
|    time_elapsed    | 340      |
|    total_timesteps | 108000   |
---------------------------------
---------------------------------
| rollout/           |          |
|    ep_len_mean     | 100      |
|    ep_rew_mean     | -100     |
|    success_rate    | 0        |
| time/              |          |
|    episodes        | 1060     |
|    fps             | 316      |
|    time_elapsed    | 340      |
|    total_timesteps | 108000   |
---------------------------------
---------------------------------
| rollout/           |          |
|    ep_len_mean     | 100      |
|    ep_rew_mean     | -100     |
|    success_rate    | 0        |
| time/              |          |
|    episodes        | 1064     |
|    fps             | 316      |
|    time_elapsed    | 340      |
|    total_timesteps | 108000   |
---------------------------------
---------------------------------
| rollout/           |          |
|    ep_len_mean     | 100      |
|    ep_rew_mean     | -100     |
|    success_rate    | 0        |
| time/              |          |
|    episodes        | 1068     |
|    fps             | 316      |
|    time_elapsed    | 340      |
|    total_timesteps | 108000   |
---------------------------------
---------------------------------
| rollout/           |          |
|    ep_len_mean     | 100      |
|    ep_rew_mean     | -100     |
|    success_rate    | 0        |
| time/              |          |
|    episodes        | 1072     |
|    fps             | 316      |
|    time_elapsed    | 340      |
|    total_timesteps | 108000   |
---------------------------------
---------------------------------
| rollout/           |          |
|    ep_len_mean     | 100      |
|    ep_rew_mean     | -100     |
|    success_rate    | 0        |
| time/              |          |
|    episodes        | 1076     |
|    fps             | 316      |
|    time_elapsed    | 340      |
|    total_timesteps | 108000   |
---------------------------------
---------------------------------
| rollout/           |          |
|    ep_len_mean     | 100      |
|    ep_rew_mean     | -100     |
|    success_rate    | 0        |
| time/              |          |
|    episodes        | 1080     |
|    fps             | 316      |
|    time_elapsed    | 340      |
|    total_timesteps | 108000   |
---------------------------------
---------------------------------
| rollout/           |          |
|    ep_len_mean     | 100      |
|    ep_rew_mean     | -100     |
|    success_rate    | 0        |
| time/              |          |
|    episodes        | 1084     |
|    fps             | 320      |
|    time_elapsed    | 348      |
|    total_timesteps | 111600   |
| train/             |          |
|    actor_loss      | -20.2    |
|    critic_loss     | 0.0127   |
|    ent_coef        | 0.0599   |
|    ent_coef_loss   | -93.2    |
|    learning_rate   | 0.001    |
|    n_updates       | 2822     |
---------------------------------
---------------------------------
| rollout/           |          |
|    ep_len_mean     | 100      |
|    ep_rew_mean     | -100     |
|    success_rate    | 0        |
| time/              |          |
|    episodes        | 1088     |
|    fps             | 320      |
|    time_elapsed    | 348      |
|    total_timesteps | 111600   |
---------------------------------
---------------------------------
| rollout/           |          |
|    ep_len_mean     | 100      |
|    ep_rew_mean     | -100     |
|    success_rate    | 0        |
| time/              |          |
|    episodes        | 1092     |
|    fps             | 320      |
|    time_elapsed    | 348      |
|    total_timesteps | 111600   |
---------------------------------
---------------------------------
| rollout/           |          |
|    ep_len_mean     | 100      |
|    ep_rew_mean     | -100     |
|    success_rate    | 0        |
| time/              |          |
|    episodes        | 1096     |
|    fps             | 320      |
|    time_elapsed    | 348      |
|    total_timesteps | 111600   |
---------------------------------
---------------------------------
| rollout/           |          |
|    ep_len_mean     | 100      |
|    ep_rew_mean     | -100     |
|    success_rate    | 0        |
| time/              |          |
|    episodes        | 1100     |
|    fps             | 320      |
|    time_elapsed    | 348      |
|    total_timesteps | 111600   |
---------------------------------
---------------------------------
| rollout/           |          |
|    ep_len_mean     | 100      |
|    ep_rew_mean     | -100     |
|    success_rate    | 0        |
| time/              |          |
|    episodes        | 1104     |
|    fps             | 320      |
|    time_elapsed    | 348      |
|    total_timesteps | 111600   |
---------------------------------
---------------------------------
| rollout/           |          |
|    ep_len_mean     | 100      |
|    ep_rew_mean     | -100     |
|    success_rate    | 0        |
| time/              |          |
|    episodes        | 1108     |
|    fps             | 320      |
|    time_elapsed    | 348      |
|    total_timesteps | 111600   |
---------------------------------
---------------------------------
| rollout/           |          |
|    ep_len_mean     | 100      |
|    ep_rew_mean     | -100     |
|    success_rate    | 0        |
| time/              |          |
|    episodes        | 1112     |
|    fps             | 320      |
|    time_elapsed    | 348      |
|    total_timesteps | 111600   |
---------------------------------
---------------------------------
| rollout/           |          |
|    ep_len_mean     | 100      |
|    ep_rew_mean     | -100     |
|    success_rate    | 0        |
| time/              |          |
|    episodes        | 1116     |
|    fps             | 320      |
|    time_elapsed    | 348      |
|    total_timesteps | 111600   |
---------------------------------
---------------------------------
| rollout/           |          |
|    ep_len_mean     | 100      |
|    ep_rew_mean     | -100     |
|    success_rate    | 0        |
| time/              |          |
|    episodes        | 1120     |
|    fps             | 323      |
|    time_elapsed    | 355      |
|    total_timesteps | 115200   |
| train/             |          |
|    actor_loss      | -18      |
|    critic_loss     | 0.0104   |
|    ent_coef        | 0.0542   |
|    ent_coef_loss   | -96.6    |
|    learning_rate   | 0.001    |
|    n_updates       | 2922     |
---------------------------------
---------------------------------
| rollout/           |          |
|    ep_len_mean     | 100      |
|    ep_rew_mean     | -100     |
|    success_rate    | 0        |
| time/              |          |
|    episodes        | 1124     |
|    fps             | 323      |
|    time_elapsed    | 355      |
|    total_timesteps | 115200   |
---------------------------------
---------------------------------
| rollout/           |          |
|    ep_len_mean     | 100      |
|    ep_rew_mean     | -100     |
|    success_rate    | 0        |
| time/              |          |
|    episodes        | 1128     |
|    fps             | 323      |
|    time_elapsed    | 355      |
|    total_timesteps | 115200   |
---------------------------------
---------------------------------
| rollout/           |          |
|    ep_len_mean     | 100      |
|    ep_rew_mean     | -100     |
|    success_rate    | 0        |
| time/              |          |
|    episodes        | 1132     |
|    fps             | 323      |
|    time_elapsed    | 355      |
|    total_timesteps | 115200   |
---------------------------------
---------------------------------
| rollout/           |          |
|    ep_len_mean     | 100      |
|    ep_rew_mean     | -100     |
|    success_rate    | 0        |
| time/              |          |
|    episodes        | 1136     |
|    fps             | 323      |
|    time_elapsed    | 356      |
|    total_timesteps | 115200   |
---------------------------------
---------------------------------
| rollout/           |          |
|    ep_len_mean     | 100      |
|    ep_rew_mean     | -100     |
|    success_rate    | 0        |
| time/              |          |
|    episodes        | 1140     |
|    fps             | 323      |
|    time_elapsed    | 356      |
|    total_timesteps | 115200   |
---------------------------------
---------------------------------
| rollout/           |          |
|    ep_len_mean     | 100      |
|    ep_rew_mean     | -100     |
|    success_rate    | 0        |
| time/              |          |
|    episodes        | 1144     |
|    fps             | 323      |
|    time_elapsed    | 356      |
|    total_timesteps | 115200   |
---------------------------------
---------------------------------
| rollout/           |          |
|    ep_len_mean     | 100      |
|    ep_rew_mean     | -100     |
|    success_rate    | 0        |
| time/              |          |
|    episodes        | 1148     |
|    fps             | 323      |
|    time_elapsed    | 356      |
|    total_timesteps | 115200   |
---------------------------------
---------------------------------
| rollout/           |          |
|    ep_len_mean     | 100      |
|    ep_rew_mean     | -100     |
|    success_rate    | 0        |
| time/              |          |
|    episodes        | 1152     |
|    fps             | 323      |
|    time_elapsed    | 356      |
|    total_timesteps | 115200   |
---------------------------------
---------------------------------
| rollout/           |          |
|    ep_len_mean     | 100      |
|    ep_rew_mean     | -100     |
|    success_rate    | 0        |
| time/              |          |
|    episodes        | 1156     |
|    fps             | 326      |
|    time_elapsed    | 363      |
|    total_timesteps | 118800   |
| train/             |          |
|    actor_loss      | -16.2    |
|    critic_loss     | 0.00791  |
|    ent_coef        | 0.049    |
|    ent_coef_loss   | -100     |
|    learning_rate   | 0.001    |
|    n_updates       | 3022     |
---------------------------------
---------------------------------
| rollout/           |          |
|    ep_len_mean     | 100      |
|    ep_rew_mean     | -100     |
|    success_rate    | 0        |
| time/              |          |
|    episodes        | 1160     |
|    fps             | 326      |
|    time_elapsed    | 363      |
|    total_timesteps | 118800   |
---------------------------------
---------------------------------
| rollout/           |          |
|    ep_len_mean     | 100      |
|    ep_rew_mean     | -100     |
|    success_rate    | 0        |
| time/              |          |
|    episodes        | 1164     |
|    fps             | 326      |
|    time_elapsed    | 363      |
|    total_timesteps | 118800   |
---------------------------------
---------------------------------
| rollout/           |          |
|    ep_len_mean     | 100      |
|    ep_rew_mean     | -100     |
|    success_rate    | 0        |
| time/              |          |
|    episodes        | 1168     |
|    fps             | 326      |
|    time_elapsed    | 363      |
|    total_timesteps | 118800   |
---------------------------------
---------------------------------
| rollout/           |          |
|    ep_len_mean     | 100      |
|    ep_rew_mean     | -100     |
|    success_rate    | 0        |
| time/              |          |
|    episodes        | 1172     |
|    fps             | 326      |
|    time_elapsed    | 363      |
|    total_timesteps | 118800   |
---------------------------------
---------------------------------
| rollout/           |          |
|    ep_len_mean     | 100      |
|    ep_rew_mean     | -100     |
|    success_rate    | 0        |
| time/              |          |
|    episodes        | 1176     |
|    fps             | 326      |
|    time_elapsed    | 363      |
|    total_timesteps | 118800   |
---------------------------------
---------------------------------
| rollout/           |          |
|    ep_len_mean     | 100      |
|    ep_rew_mean     | -100     |
|    success_rate    | 0        |
| time/              |          |
|    episodes        | 1180     |
|    fps             | 326      |
|    time_elapsed    | 363      |
|    total_timesteps | 118800   |
---------------------------------
---------------------------------
| rollout/           |          |
|    ep_len_mean     | 100      |
|    ep_rew_mean     | -100     |
|    success_rate    | 0        |
| time/              |          |
|    episodes        | 1184     |
|    fps             | 326      |
|    time_elapsed    | 363      |
|    total_timesteps | 118800   |
---------------------------------
---------------------------------
| rollout/           |          |
|    ep_len_mean     | 100      |
|    ep_rew_mean     | -100     |
|    success_rate    | 0        |
| time/              |          |
|    episodes        | 1188     |
|    fps             | 326      |
|    time_elapsed    | 363      |
|    total_timesteps | 118800   |
---------------------------------

Running evaluation at 120096 timesteps...
Successfully copied normalization stats
Evaluation results: {'eval/mean_reward': np.float32(-100.0), 'eval/std_reward': np.float32(0.0), 'eval/success_rate': np.float64(0.0)}
---------------------------------
| rollout/           |          |
|    ep_len_mean     | 100      |
|    ep_rew_mean     | -100     |
|    success_rate    | 0        |
| time/              |          |
|    episodes        | 1192     |
|    fps             | 310      |
|    time_elapsed    | 393      |
|    total_timesteps | 122400   |
| train/             |          |
|    actor_loss      | -14.3    |
|    critic_loss     | 0.0063   |
|    ent_coef        | 0.0443   |
|    ent_coef_loss   | -103     |
|    learning_rate   | 0.001    |
|    n_updates       | 3122     |
---------------------------------
---------------------------------
| rollout/           |          |
|    ep_len_mean     | 100      |
|    ep_rew_mean     | -100     |
|    success_rate    | 0        |
| time/              |          |
|    episodes        | 1196     |
|    fps             | 310      |
|    time_elapsed    | 393      |
|    total_timesteps | 122400   |
---------------------------------
---------------------------------
| rollout/           |          |
|    ep_len_mean     | 100      |
|    ep_rew_mean     | -100     |
|    success_rate    | 0        |
| time/              |          |
|    episodes        | 1200     |
|    fps             | 310      |
|    time_elapsed    | 393      |
|    total_timesteps | 122400   |
---------------------------------
---------------------------------
| rollout/           |          |
|    ep_len_mean     | 100      |
|    ep_rew_mean     | -100     |
|    success_rate    | 0        |
| time/              |          |
|    episodes        | 1204     |
|    fps             | 310      |
|    time_elapsed    | 393      |
|    total_timesteps | 122400   |
---------------------------------
---------------------------------
| rollout/           |          |
|    ep_len_mean     | 100      |
|    ep_rew_mean     | -100     |
|    success_rate    | 0        |
| time/              |          |
|    episodes        | 1208     |
|    fps             | 310      |
|    time_elapsed    | 393      |
|    total_timesteps | 122400   |
---------------------------------
---------------------------------
| rollout/           |          |
|    ep_len_mean     | 100      |
|    ep_rew_mean     | -100     |
|    success_rate    | 0        |
| time/              |          |
|    episodes        | 1212     |
|    fps             | 310      |
|    time_elapsed    | 393      |
|    total_timesteps | 122400   |
---------------------------------
---------------------------------
| rollout/           |          |
|    ep_len_mean     | 100      |
|    ep_rew_mean     | -100     |
|    success_rate    | 0        |
| time/              |          |
|    episodes        | 1216     |
|    fps             | 310      |
|    time_elapsed    | 393      |
|    total_timesteps | 122400   |
---------------------------------
---------------------------------
| rollout/           |          |
|    ep_len_mean     | 100      |
|    ep_rew_mean     | -100     |
|    success_rate    | 0        |
| time/              |          |
|    episodes        | 1220     |
|    fps             | 310      |
|    time_elapsed    | 393      |
|    total_timesteps | 122400   |
---------------------------------
---------------------------------
| rollout/           |          |
|    ep_len_mean     | 100      |
|    ep_rew_mean     | -100     |
|    success_rate    | 0        |
| time/              |          |
|    episodes        | 1224     |
|    fps             | 310      |
|    time_elapsed    | 393      |
|    total_timesteps | 122400   |
---------------------------------
---------------------------------
| rollout/           |          |
|    ep_len_mean     | 100      |
|    ep_rew_mean     | -100     |
|    success_rate    | 0        |
| time/              |          |
|    episodes        | 1228     |
|    fps             | 313      |
|    time_elapsed    | 401      |
|    total_timesteps | 126000   |
| train/             |          |
|    actor_loss      | -12.7    |
|    critic_loss     | 0.00783  |
|    ent_coef        | 0.04     |
|    ent_coef_loss   | -107     |
|    learning_rate   | 0.001    |
|    n_updates       | 3222     |
---------------------------------
---------------------------------
| rollout/           |          |
|    ep_len_mean     | 100      |
|    ep_rew_mean     | -100     |
|    success_rate    | 0        |
| time/              |          |
|    episodes        | 1232     |
|    fps             | 313      |
|    time_elapsed    | 401      |
|    total_timesteps | 126000   |
---------------------------------
---------------------------------
| rollout/           |          |
|    ep_len_mean     | 100      |
|    ep_rew_mean     | -100     |
|    success_rate    | 0        |
| time/              |          |
|    episodes        | 1236     |
|    fps             | 313      |
|    time_elapsed    | 401      |
|    total_timesteps | 126000   |
---------------------------------
---------------------------------
| rollout/           |          |
|    ep_len_mean     | 100      |
|    ep_rew_mean     | -100     |
|    success_rate    | 0        |
| time/              |          |
|    episodes        | 1240     |
|    fps             | 313      |
|    time_elapsed    | 401      |
|    total_timesteps | 126000   |
---------------------------------
---------------------------------
| rollout/           |          |
|    ep_len_mean     | 100      |
|    ep_rew_mean     | -100     |
|    success_rate    | 0        |
| time/              |          |
|    episodes        | 1244     |
|    fps             | 313      |
|    time_elapsed    | 401      |
|    total_timesteps | 126000   |
---------------------------------
---------------------------------
| rollout/           |          |
|    ep_len_mean     | 100      |
|    ep_rew_mean     | -100     |
|    success_rate    | 0        |
| time/              |          |
|    episodes        | 1248     |
|    fps             | 313      |
|    time_elapsed    | 401      |
|    total_timesteps | 126000   |
---------------------------------
---------------------------------
| rollout/           |          |
|    ep_len_mean     | 100      |
|    ep_rew_mean     | -100     |
|    success_rate    | 0        |
| time/              |          |
|    episodes        | 1252     |
|    fps             | 313      |
|    time_elapsed    | 401      |
|    total_timesteps | 126000   |
---------------------------------
---------------------------------
| rollout/           |          |
|    ep_len_mean     | 100      |
|    ep_rew_mean     | -100     |
|    success_rate    | 0        |
| time/              |          |
|    episodes        | 1256     |
|    fps             | 313      |
|    time_elapsed    | 401      |
|    total_timesteps | 126000   |
---------------------------------
---------------------------------
| rollout/           |          |
|    ep_len_mean     | 100      |
|    ep_rew_mean     | -100     |
|    success_rate    | 0        |
| time/              |          |
|    episodes        | 1260     |
|    fps             | 313      |
|    time_elapsed    | 401      |
|    total_timesteps | 126000   |
---------------------------------
---------------------------------
| rollout/           |          |
|    ep_len_mean     | 100      |
|    ep_rew_mean     | -100     |
|    success_rate    | 0        |
| time/              |          |
|    episodes        | 1264     |
|    fps             | 316      |
|    time_elapsed    | 409      |
|    total_timesteps | 129600   |
| train/             |          |
|    actor_loss      | -11.2    |
|    critic_loss     | 0.00474  |
|    ent_coef        | 0.0362   |
|    ent_coef_loss   | -110     |
|    learning_rate   | 0.001    |
|    n_updates       | 3322     |
---------------------------------
---------------------------------
| rollout/           |          |
|    ep_len_mean     | 100      |
|    ep_rew_mean     | -100     |
|    success_rate    | 0        |
| time/              |          |
|    episodes        | 1268     |
|    fps             | 316      |
|    time_elapsed    | 409      |
|    total_timesteps | 129600   |
---------------------------------
---------------------------------
| rollout/           |          |
|    ep_len_mean     | 100      |
|    ep_rew_mean     | -100     |
|    success_rate    | 0        |
| time/              |          |
|    episodes        | 1272     |
|    fps             | 316      |
|    time_elapsed    | 409      |
|    total_timesteps | 129600   |
---------------------------------
---------------------------------
| rollout/           |          |
|    ep_len_mean     | 100      |
|    ep_rew_mean     | -100     |
|    success_rate    | 0        |
| time/              |          |
|    episodes        | 1276     |
|    fps             | 316      |
|    time_elapsed    | 409      |
|    total_timesteps | 129600   |
---------------------------------
---------------------------------
| rollout/           |          |
|    ep_len_mean     | 100      |
|    ep_rew_mean     | -100     |
|    success_rate    | 0        |
| time/              |          |
|    episodes        | 1280     |
|    fps             | 316      |
|    time_elapsed    | 409      |
|    total_timesteps | 129600   |
---------------------------------
---------------------------------
| rollout/           |          |
|    ep_len_mean     | 100      |
|    ep_rew_mean     | -100     |
|    success_rate    | 0        |
| time/              |          |
|    episodes        | 1284     |
|    fps             | 316      |
|    time_elapsed    | 409      |
|    total_timesteps | 129600   |
---------------------------------
---------------------------------
| rollout/           |          |
|    ep_len_mean     | 100      |
|    ep_rew_mean     | -100     |
|    success_rate    | 0        |
| time/              |          |
|    episodes        | 1288     |
|    fps             | 316      |
|    time_elapsed    | 409      |
|    total_timesteps | 129600   |
---------------------------------
---------------------------------
| rollout/           |          |
|    ep_len_mean     | 100      |
|    ep_rew_mean     | -100     |
|    success_rate    | 0        |
| time/              |          |
|    episodes        | 1292     |
|    fps             | 316      |
|    time_elapsed    | 409      |
|    total_timesteps | 129600   |
---------------------------------
---------------------------------
| rollout/           |          |
|    ep_len_mean     | 100      |
|    ep_rew_mean     | -100     |
|    success_rate    | 0        |
| time/              |          |
|    episodes        | 1296     |
|    fps             | 316      |
|    time_elapsed    | 409      |
|    total_timesteps | 129600   |
---------------------------------
---------------------------------
| rollout/           |          |
|    ep_len_mean     | 100      |
|    ep_rew_mean     | -100     |
|    success_rate    | 0        |
| time/              |          |
|    episodes        | 1300     |
|    fps             | 319      |
|    time_elapsed    | 416      |
|    total_timesteps | 133200   |
| train/             |          |
|    actor_loss      | -9.84    |
|    critic_loss     | 0.00433  |
|    ent_coef        | 0.0327   |
|    ent_coef_loss   | -114     |
|    learning_rate   | 0.001    |
|    n_updates       | 3422     |
---------------------------------
---------------------------------
| rollout/           |          |
|    ep_len_mean     | 100      |
|    ep_rew_mean     | -100     |
|    success_rate    | 0        |
| time/              |          |
|    episodes        | 1304     |
|    fps             | 319      |
|    time_elapsed    | 416      |
|    total_timesteps | 133200   |
---------------------------------
---------------------------------
| rollout/           |          |
|    ep_len_mean     | 100      |
|    ep_rew_mean     | -100     |
|    success_rate    | 0        |
| time/              |          |
|    episodes        | 1308     |
|    fps             | 319      |
|    time_elapsed    | 416      |
|    total_timesteps | 133200   |
---------------------------------
---------------------------------
| rollout/           |          |
|    ep_len_mean     | 100      |
|    ep_rew_mean     | -100     |
|    success_rate    | 0        |
| time/              |          |
|    episodes        | 1312     |
|    fps             | 319      |
|    time_elapsed    | 416      |
|    total_timesteps | 133200   |
---------------------------------
---------------------------------
| rollout/           |          |
|    ep_len_mean     | 100      |
|    ep_rew_mean     | -100     |
|    success_rate    | 0        |
| time/              |          |
|    episodes        | 1316     |
|    fps             | 319      |
|    time_elapsed    | 416      |
|    total_timesteps | 133200   |
---------------------------------
---------------------------------
| rollout/           |          |
|    ep_len_mean     | 100      |
|    ep_rew_mean     | -100     |
|    success_rate    | 0        |
| time/              |          |
|    episodes        | 1320     |
|    fps             | 319      |
|    time_elapsed    | 416      |
|    total_timesteps | 133200   |
---------------------------------
---------------------------------
| rollout/           |          |
|    ep_len_mean     | 100      |
|    ep_rew_mean     | -100     |
|    success_rate    | 0        |
| time/              |          |
|    episodes        | 1324     |
|    fps             | 319      |
|    time_elapsed    | 416      |
|    total_timesteps | 133200   |
---------------------------------
---------------------------------
| rollout/           |          |
|    ep_len_mean     | 100      |
|    ep_rew_mean     | -100     |
|    success_rate    | 0        |
| time/              |          |
|    episodes        | 1328     |
|    fps             | 319      |
|    time_elapsed    | 416      |
|    total_timesteps | 133200   |
---------------------------------
---------------------------------
| rollout/           |          |
|    ep_len_mean     | 100      |
|    ep_rew_mean     | -100     |
|    success_rate    | 0        |
| time/              |          |
|    episodes        | 1332     |
|    fps             | 319      |
|    time_elapsed    | 416      |
|    total_timesteps | 133200   |
---------------------------------
---------------------------------
| rollout/           |          |
|    ep_len_mean     | 100      |
|    ep_rew_mean     | -100     |
|    success_rate    | 0        |
| time/              |          |
|    episodes        | 1336     |
|    fps             | 322      |
|    time_elapsed    | 424      |
|    total_timesteps | 136800   |
| train/             |          |
|    actor_loss      | -8.66    |
|    critic_loss     | 0.00344  |
|    ent_coef        | 0.0296   |
|    ent_coef_loss   | -117     |
|    learning_rate   | 0.001    |
|    n_updates       | 3522     |
---------------------------------
---------------------------------
| rollout/           |          |
|    ep_len_mean     | 100      |
|    ep_rew_mean     | -100     |
|    success_rate    | 0        |
| time/              |          |
|    episodes        | 1340     |
|    fps             | 322      |
|    time_elapsed    | 424      |
|    total_timesteps | 136800   |
---------------------------------
---------------------------------
| rollout/           |          |
|    ep_len_mean     | 100      |
|    ep_rew_mean     | -100     |
|    success_rate    | 0        |
| time/              |          |
|    episodes        | 1344     |
|    fps             | 322      |
|    time_elapsed    | 424      |
|    total_timesteps | 136800   |
---------------------------------
---------------------------------
| rollout/           |          |
|    ep_len_mean     | 100      |
|    ep_rew_mean     | -100     |
|    success_rate    | 0        |
| time/              |          |
|    episodes        | 1348     |
|    fps             | 322      |
|    time_elapsed    | 424      |
|    total_timesteps | 136800   |
---------------------------------
---------------------------------
| rollout/           |          |
|    ep_len_mean     | 100      |
|    ep_rew_mean     | -100     |
|    success_rate    | 0        |
| time/              |          |
|    episodes        | 1352     |
|    fps             | 322      |
|    time_elapsed    | 424      |
|    total_timesteps | 136800   |
---------------------------------
---------------------------------
| rollout/           |          |
|    ep_len_mean     | 100      |
|    ep_rew_mean     | -100     |
|    success_rate    | 0        |
| time/              |          |
|    episodes        | 1356     |
|    fps             | 322      |
|    time_elapsed    | 424      |
|    total_timesteps | 136800   |
---------------------------------
---------------------------------
| rollout/           |          |
|    ep_len_mean     | 100      |
|    ep_rew_mean     | -100     |
|    success_rate    | 0        |
| time/              |          |
|    episodes        | 1360     |
|    fps             | 322      |
|    time_elapsed    | 424      |
|    total_timesteps | 136800   |
---------------------------------
---------------------------------
| rollout/           |          |
|    ep_len_mean     | 100      |
|    ep_rew_mean     | -100     |
|    success_rate    | 0        |
| time/              |          |
|    episodes        | 1364     |
|    fps             | 322      |
|    time_elapsed    | 424      |
|    total_timesteps | 136800   |
---------------------------------
---------------------------------
| rollout/           |          |
|    ep_len_mean     | 100      |
|    ep_rew_mean     | -100     |
|    success_rate    | 0        |
| time/              |          |
|    episodes        | 1368     |
|    fps             | 322      |
|    time_elapsed    | 424      |
|    total_timesteps | 136800   |
---------------------------------

Running evaluation at 140112 timesteps...
Successfully copied normalization stats
Evaluation results: {'eval/mean_reward': np.float32(-100.0), 'eval/std_reward': np.float32(0.0), 'eval/success_rate': np.float64(0.0)}
---------------------------------
| rollout/           |          |
|    ep_len_mean     | 100      |
|    ep_rew_mean     | -100     |
|    success_rate    | 0        |
| time/              |          |
|    episodes        | 1372     |
|    fps             | 309      |
|    time_elapsed    | 453      |
|    total_timesteps | 140400   |
| train/             |          |
|    actor_loss      | -7.54    |
|    critic_loss     | 0.00298  |
|    ent_coef        | 0.0268   |
|    ent_coef_loss   | -121     |
|    learning_rate   | 0.001    |
|    n_updates       | 3622     |
---------------------------------
---------------------------------
| rollout/           |          |
|    ep_len_mean     | 100      |
|    ep_rew_mean     | -100     |
|    success_rate    | 0        |
| time/              |          |
|    episodes        | 1376     |
|    fps             | 309      |
|    time_elapsed    | 453      |
|    total_timesteps | 140400   |
---------------------------------
---------------------------------
| rollout/           |          |
|    ep_len_mean     | 100      |
|    ep_rew_mean     | -100     |
|    success_rate    | 0        |
| time/              |          |
|    episodes        | 1380     |
|    fps             | 309      |
|    time_elapsed    | 453      |
|    total_timesteps | 140400   |
---------------------------------
---------------------------------
| rollout/           |          |
|    ep_len_mean     | 100      |
|    ep_rew_mean     | -100     |
|    success_rate    | 0        |
| time/              |          |
|    episodes        | 1384     |
|    fps             | 309      |
|    time_elapsed    | 453      |
|    total_timesteps | 140400   |
---------------------------------
---------------------------------
| rollout/           |          |
|    ep_len_mean     | 100      |
|    ep_rew_mean     | -100     |
|    success_rate    | 0        |
| time/              |          |
|    episodes        | 1388     |
|    fps             | 309      |
|    time_elapsed    | 453      |
|    total_timesteps | 140400   |
---------------------------------
---------------------------------
| rollout/           |          |
|    ep_len_mean     | 100      |
|    ep_rew_mean     | -100     |
|    success_rate    | 0        |
| time/              |          |
|    episodes        | 1392     |
|    fps             | 309      |
|    time_elapsed    | 453      |
|    total_timesteps | 140400   |
---------------------------------
---------------------------------
| rollout/           |          |
|    ep_len_mean     | 100      |
|    ep_rew_mean     | -100     |
|    success_rate    | 0        |
| time/              |          |
|    episodes        | 1396     |
|    fps             | 309      |
|    time_elapsed    | 453      |
|    total_timesteps | 140400   |
---------------------------------
---------------------------------
| rollout/           |          |
|    ep_len_mean     | 100      |
|    ep_rew_mean     | -100     |
|    success_rate    | 0        |
| time/              |          |
|    episodes        | 1400     |
|    fps             | 309      |
|    time_elapsed    | 453      |
|    total_timesteps | 140400   |
---------------------------------
---------------------------------
| rollout/           |          |
|    ep_len_mean     | 100      |
|    ep_rew_mean     | -100     |
|    success_rate    | 0        |
| time/              |          |
|    episodes        | 1404     |
|    fps             | 309      |
|    time_elapsed    | 453      |
|    total_timesteps | 140400   |
---------------------------------
---------------------------------
| rollout/           |          |
|    ep_len_mean     | 100      |
|    ep_rew_mean     | -100     |
|    success_rate    | 0        |
| time/              |          |
|    episodes        | 1408     |
|    fps             | 311      |
|    time_elapsed    | 461      |
|    total_timesteps | 144000   |
| train/             |          |
|    actor_loss      | -6.54    |
|    critic_loss     | 0.00283  |
|    ent_coef        | 0.0242   |
|    ent_coef_loss   | -124     |
|    learning_rate   | 0.001    |
|    n_updates       | 3722     |
---------------------------------
---------------------------------
| rollout/           |          |
|    ep_len_mean     | 100      |
|    ep_rew_mean     | -100     |
|    success_rate    | 0        |
| time/              |          |
|    episodes        | 1412     |
|    fps             | 311      |
|    time_elapsed    | 461      |
|    total_timesteps | 144000   |
---------------------------------
---------------------------------
| rollout/           |          |
|    ep_len_mean     | 100      |
|    ep_rew_mean     | -100     |
|    success_rate    | 0        |
| time/              |          |
|    episodes        | 1416     |
|    fps             | 311      |
|    time_elapsed    | 461      |
|    total_timesteps | 144000   |
---------------------------------
---------------------------------
| rollout/           |          |
|    ep_len_mean     | 100      |
|    ep_rew_mean     | -100     |
|    success_rate    | 0        |
| time/              |          |
|    episodes        | 1420     |
|    fps             | 311      |
|    time_elapsed    | 461      |
|    total_timesteps | 144000   |
---------------------------------
---------------------------------
| rollout/           |          |
|    ep_len_mean     | 100      |
|    ep_rew_mean     | -100     |
|    success_rate    | 0        |
| time/              |          |
|    episodes        | 1424     |
|    fps             | 311      |
|    time_elapsed    | 461      |
|    total_timesteps | 144000   |
---------------------------------
---------------------------------
| rollout/           |          |
|    ep_len_mean     | 100      |
|    ep_rew_mean     | -100     |
|    success_rate    | 0        |
| time/              |          |
|    episodes        | 1428     |
|    fps             | 311      |
|    time_elapsed    | 461      |
|    total_timesteps | 144000   |
---------------------------------
---------------------------------
| rollout/           |          |
|    ep_len_mean     | 100      |
|    ep_rew_mean     | -100     |
|    success_rate    | 0        |
| time/              |          |
|    episodes        | 1432     |
|    fps             | 311      |
|    time_elapsed    | 461      |
|    total_timesteps | 144000   |
---------------------------------
---------------------------------
| rollout/           |          |
|    ep_len_mean     | 100      |
|    ep_rew_mean     | -100     |
|    success_rate    | 0        |
| time/              |          |
|    episodes        | 1436     |
|    fps             | 311      |
|    time_elapsed    | 461      |
|    total_timesteps | 144000   |
---------------------------------
---------------------------------
| rollout/           |          |
|    ep_len_mean     | 100      |
|    ep_rew_mean     | -100     |
|    success_rate    | 0        |
| time/              |          |
|    episodes        | 1440     |
|    fps             | 311      |
|    time_elapsed    | 461      |
|    total_timesteps | 144000   |
---------------------------------
---------------------------------
| rollout/           |          |
|    ep_len_mean     | 100      |
|    ep_rew_mean     | -100     |
|    success_rate    | 0        |
| time/              |          |
|    episodes        | 1444     |
|    fps             | 314      |
|    time_elapsed    | 469      |
|    total_timesteps | 147600   |
| train/             |          |
|    actor_loss      | -5.72    |
|    critic_loss     | 0.00259  |
|    ent_coef        | 0.0219   |
|    ent_coef_loss   | -127     |
|    learning_rate   | 0.001    |
|    n_updates       | 3822     |
---------------------------------
---------------------------------
| rollout/           |          |
|    ep_len_mean     | 100      |
|    ep_rew_mean     | -100     |
|    success_rate    | 0        |
| time/              |          |
|    episodes        | 1448     |
|    fps             | 314      |
|    time_elapsed    | 469      |
|    total_timesteps | 147600   |
---------------------------------
---------------------------------
| rollout/           |          |
|    ep_len_mean     | 100      |
|    ep_rew_mean     | -100     |
|    success_rate    | 0        |
| time/              |          |
|    episodes        | 1452     |
|    fps             | 314      |
|    time_elapsed    | 469      |
|    total_timesteps | 147600   |
---------------------------------
---------------------------------
| rollout/           |          |
|    ep_len_mean     | 100      |
|    ep_rew_mean     | -100     |
|    success_rate    | 0        |
| time/              |          |
|    episodes        | 1456     |
|    fps             | 314      |
|    time_elapsed    | 469      |
|    total_timesteps | 147600   |
---------------------------------
---------------------------------
| rollout/           |          |
|    ep_len_mean     | 100      |
|    ep_rew_mean     | -100     |
|    success_rate    | 0        |
| time/              |          |
|    episodes        | 1460     |
|    fps             | 314      |
|    time_elapsed    | 469      |
|    total_timesteps | 147600   |
---------------------------------
---------------------------------
| rollout/           |          |
|    ep_len_mean     | 100      |
|    ep_rew_mean     | -100     |
|    success_rate    | 0        |
| time/              |          |
|    episodes        | 1464     |
|    fps             | 314      |
|    time_elapsed    | 469      |
|    total_timesteps | 147600   |
---------------------------------
---------------------------------
| rollout/           |          |
|    ep_len_mean     | 100      |
|    ep_rew_mean     | -100     |
|    success_rate    | 0        |
| time/              |          |
|    episodes        | 1468     |
|    fps             | 314      |
|    time_elapsed    | 469      |
|    total_timesteps | 147600   |
---------------------------------
---------------------------------
| rollout/           |          |
|    ep_len_mean     | 100      |
|    ep_rew_mean     | -100     |
|    success_rate    | 0        |
| time/              |          |
|    episodes        | 1472     |
|    fps             | 314      |
|    time_elapsed    | 469      |
|    total_timesteps | 147600   |
---------------------------------
---------------------------------
| rollout/           |          |
|    ep_len_mean     | 100      |
|    ep_rew_mean     | -100     |
|    success_rate    | 0        |
| time/              |          |
|    episodes        | 1476     |
|    fps             | 314      |
|    time_elapsed    | 469      |
|    total_timesteps | 147600   |
---------------------------------
---------------------------------
| rollout/           |          |
|    ep_len_mean     | 100      |
|    ep_rew_mean     | -100     |
|    success_rate    | 0        |
| time/              |          |
|    episodes        | 1480     |
|    fps             | 316      |
|    time_elapsed    | 477      |
|    total_timesteps | 151200   |
| train/             |          |
|    actor_loss      | -4.83    |
|    critic_loss     | 0.00246  |
|    ent_coef        | 0.0198   |
|    ent_coef_loss   | -131     |
|    learning_rate   | 0.001    |
|    n_updates       | 3922     |
---------------------------------
---------------------------------
| rollout/           |          |
|    ep_len_mean     | 100      |
|    ep_rew_mean     | -100     |
|    success_rate    | 0        |
| time/              |          |
|    episodes        | 1484     |
|    fps             | 316      |
|    time_elapsed    | 477      |
|    total_timesteps | 151200   |
---------------------------------
---------------------------------
| rollout/           |          |
|    ep_len_mean     | 100      |
|    ep_rew_mean     | -100     |
|    success_rate    | 0        |
| time/              |          |
|    episodes        | 1488     |
|    fps             | 316      |
|    time_elapsed    | 477      |
|    total_timesteps | 151200   |
---------------------------------
---------------------------------
| rollout/           |          |
|    ep_len_mean     | 100      |
|    ep_rew_mean     | -100     |
|    success_rate    | 0        |
| time/              |          |
|    episodes        | 1492     |
|    fps             | 316      |
|    time_elapsed    | 477      |
|    total_timesteps | 151200   |
---------------------------------
---------------------------------
| rollout/           |          |
|    ep_len_mean     | 100      |
|    ep_rew_mean     | -100     |
|    success_rate    | 0        |
| time/              |          |
|    episodes        | 1496     |
|    fps             | 316      |
|    time_elapsed    | 477      |
|    total_timesteps | 151200   |
---------------------------------
---------------------------------
| rollout/           |          |
|    ep_len_mean     | 100      |
|    ep_rew_mean     | -100     |
|    success_rate    | 0        |
| time/              |          |
|    episodes        | 1500     |
|    fps             | 316      |
|    time_elapsed    | 477      |
|    total_timesteps | 151200   |
---------------------------------
---------------------------------
| rollout/           |          |
|    ep_len_mean     | 100      |
|    ep_rew_mean     | -100     |
|    success_rate    | 0        |
| time/              |          |
|    episodes        | 1504     |
|    fps             | 316      |
|    time_elapsed    | 477      |
|    total_timesteps | 151200   |
---------------------------------
---------------------------------
| rollout/           |          |
|    ep_len_mean     | 100      |
|    ep_rew_mean     | -100     |
|    success_rate    | 0        |
| time/              |          |
|    episodes        | 1508     |
|    fps             | 316      |
|    time_elapsed    | 477      |
|    total_timesteps | 151200   |
---------------------------------
---------------------------------
| rollout/           |          |
|    ep_len_mean     | 100      |
|    ep_rew_mean     | -100     |
|    success_rate    | 0        |
| time/              |          |
|    episodes        | 1512     |
|    fps             | 316      |
|    time_elapsed    | 477      |
|    total_timesteps | 151200   |
---------------------------------
---------------------------------
| rollout/           |          |
|    ep_len_mean     | 100      |
|    ep_rew_mean     | -100     |
|    success_rate    | 0        |
| time/              |          |
|    episodes        | 1516     |
|    fps             | 319      |
|    time_elapsed    | 484      |
|    total_timesteps | 154800   |
| train/             |          |
|    actor_loss      | -4.09    |
|    critic_loss     | 0.00232  |
|    ent_coef        | 0.0179   |
|    ent_coef_loss   | -134     |
|    learning_rate   | 0.001    |
|    n_updates       | 4022     |
---------------------------------
---------------------------------
| rollout/           |          |
|    ep_len_mean     | 100      |
|    ep_rew_mean     | -100     |
|    success_rate    | 0        |
| time/              |          |
|    episodes        | 1520     |
|    fps             | 318      |
|    time_elapsed    | 485      |
|    total_timesteps | 154800   |
---------------------------------
---------------------------------
| rollout/           |          |
|    ep_len_mean     | 100      |
|    ep_rew_mean     | -100     |
|    success_rate    | 0        |
| time/              |          |
|    episodes        | 1524     |
|    fps             | 318      |
|    time_elapsed    | 485      |
|    total_timesteps | 154800   |
---------------------------------
---------------------------------
| rollout/           |          |
|    ep_len_mean     | 100      |
|    ep_rew_mean     | -100     |
|    success_rate    | 0        |
| time/              |          |
|    episodes        | 1528     |
|    fps             | 318      |
|    time_elapsed    | 485      |
|    total_timesteps | 154800   |
---------------------------------
---------------------------------
| rollout/           |          |
|    ep_len_mean     | 100      |
|    ep_rew_mean     | -100     |
|    success_rate    | 0        |
| time/              |          |
|    episodes        | 1532     |
|    fps             | 318      |
|    time_elapsed    | 485      |
|    total_timesteps | 154800   |
---------------------------------
---------------------------------
| rollout/           |          |
|    ep_len_mean     | 100      |
|    ep_rew_mean     | -100     |
|    success_rate    | 0        |
| time/              |          |
|    episodes        | 1536     |
|    fps             | 318      |
|    time_elapsed    | 485      |
|    total_timesteps | 154800   |
---------------------------------
---------------------------------
| rollout/           |          |
|    ep_len_mean     | 100      |
|    ep_rew_mean     | -100     |
|    success_rate    | 0        |
| time/              |          |
|    episodes        | 1540     |
|    fps             | 318      |
|    time_elapsed    | 485      |
|    total_timesteps | 154800   |
---------------------------------
---------------------------------
| rollout/           |          |
|    ep_len_mean     | 100      |
|    ep_rew_mean     | -100     |
|    success_rate    | 0        |
| time/              |          |
|    episodes        | 1544     |
|    fps             | 318      |
|    time_elapsed    | 485      |
|    total_timesteps | 154800   |
---------------------------------
---------------------------------
| rollout/           |          |
|    ep_len_mean     | 100      |
|    ep_rew_mean     | -100     |
|    success_rate    | 0        |
| time/              |          |
|    episodes        | 1548     |
|    fps             | 318      |
|    time_elapsed    | 485      |
|    total_timesteps | 154800   |
---------------------------------
---------------------------------
| rollout/           |          |
|    ep_len_mean     | 100      |
|    ep_rew_mean     | -100     |
|    success_rate    | 0        |
| time/              |          |
|    episodes        | 1552     |
|    fps             | 320      |
|    time_elapsed    | 493      |
|    total_timesteps | 158400   |
| train/             |          |
|    actor_loss      | -3.42    |
|    critic_loss     | 0.00233  |
|    ent_coef        | 0.0162   |
|    ent_coef_loss   | -137     |
|    learning_rate   | 0.001    |
|    n_updates       | 4122     |
---------------------------------
---------------------------------
| rollout/           |          |
|    ep_len_mean     | 100      |
|    ep_rew_mean     | -100     |
|    success_rate    | 0        |
| time/              |          |
|    episodes        | 1556     |
|    fps             | 320      |
|    time_elapsed    | 493      |
|    total_timesteps | 158400   |
---------------------------------
---------------------------------
| rollout/           |          |
|    ep_len_mean     | 100      |
|    ep_rew_mean     | -100     |
|    success_rate    | 0        |
| time/              |          |
|    episodes        | 1560     |
|    fps             | 320      |
|    time_elapsed    | 493      |
|    total_timesteps | 158400   |
---------------------------------
---------------------------------
| rollout/           |          |
|    ep_len_mean     | 100      |
|    ep_rew_mean     | -100     |
|    success_rate    | 0        |
| time/              |          |
|    episodes        | 1564     |
|    fps             | 320      |
|    time_elapsed    | 493      |
|    total_timesteps | 158400   |
---------------------------------
---------------------------------
| rollout/           |          |
|    ep_len_mean     | 100      |
|    ep_rew_mean     | -100     |
|    success_rate    | 0        |
| time/              |          |
|    episodes        | 1568     |
|    fps             | 320      |
|    time_elapsed    | 493      |
|    total_timesteps | 158400   |
---------------------------------
---------------------------------
| rollout/           |          |
|    ep_len_mean     | 100      |
|    ep_rew_mean     | -100     |
|    success_rate    | 0        |
| time/              |          |
|    episodes        | 1572     |
|    fps             | 320      |
|    time_elapsed    | 493      |
|    total_timesteps | 158400   |
---------------------------------
---------------------------------
| rollout/           |          |
|    ep_len_mean     | 100      |
|    ep_rew_mean     | -100     |
|    success_rate    | 0        |
| time/              |          |
|    episodes        | 1576     |
|    fps             | 320      |
|    time_elapsed    | 493      |
|    total_timesteps | 158400   |
---------------------------------
---------------------------------
| rollout/           |          |
|    ep_len_mean     | 100      |
|    ep_rew_mean     | -100     |
|    success_rate    | 0        |
| time/              |          |
|    episodes        | 1580     |
|    fps             | 320      |
|    time_elapsed    | 493      |
|    total_timesteps | 158400   |
---------------------------------
---------------------------------
| rollout/           |          |
|    ep_len_mean     | 100      |
|    ep_rew_mean     | -100     |
|    success_rate    | 0        |
| time/              |          |
|    episodes        | 1584     |
|    fps             | 320      |
|    time_elapsed    | 493      |
|    total_timesteps | 158400   |
---------------------------------

Running evaluation at 160128 timesteps...
Successfully copied normalization stats
Evaluation results: {'eval/mean_reward': np.float32(-100.0), 'eval/std_reward': np.float32(0.0), 'eval/success_rate': np.float64(0.0)}
---------------------------------
| rollout/           |          |
|    ep_len_mean     | 100      |
|    ep_rew_mean     | -100     |
|    success_rate    | 0        |
| time/              |          |
|    episodes        | 1588     |
|    fps             | 309      |
|    time_elapsed    | 523      |
|    total_timesteps | 162000   |
| train/             |          |
|    actor_loss      | -2.85    |
|    critic_loss     | 0.00219  |
|    ent_coef        | 0.0146   |
|    ent_coef_loss   | -140     |
|    learning_rate   | 0.001    |
|    n_updates       | 4222     |
---------------------------------
---------------------------------
| rollout/           |          |
|    ep_len_mean     | 100      |
|    ep_rew_mean     | -100     |
|    success_rate    | 0        |
| time/              |          |
|    episodes        | 1592     |
|    fps             | 309      |
|    time_elapsed    | 523      |
|    total_timesteps | 162000   |
---------------------------------
---------------------------------
| rollout/           |          |
|    ep_len_mean     | 100      |
|    ep_rew_mean     | -100     |
|    success_rate    | 0        |
| time/              |          |
|    episodes        | 1596     |
|    fps             | 309      |
|    time_elapsed    | 523      |
|    total_timesteps | 162000   |
---------------------------------
---------------------------------
| rollout/           |          |
|    ep_len_mean     | 100      |
|    ep_rew_mean     | -100     |
|    success_rate    | 0        |
| time/              |          |
|    episodes        | 1600     |
|    fps             | 309      |
|    time_elapsed    | 523      |
|    total_timesteps | 162000   |
---------------------------------
---------------------------------
| rollout/           |          |
|    ep_len_mean     | 100      |
|    ep_rew_mean     | -100     |
|    success_rate    | 0        |
| time/              |          |
|    episodes        | 1604     |
|    fps             | 309      |
|    time_elapsed    | 523      |
|    total_timesteps | 162000   |
---------------------------------
---------------------------------
| rollout/           |          |
|    ep_len_mean     | 100      |
|    ep_rew_mean     | -100     |
|    success_rate    | 0        |
| time/              |          |
|    episodes        | 1608     |
|    fps             | 309      |
|    time_elapsed    | 523      |
|    total_timesteps | 162000   |
---------------------------------
---------------------------------
| rollout/           |          |
|    ep_len_mean     | 100      |
|    ep_rew_mean     | -100     |
|    success_rate    | 0        |
| time/              |          |
|    episodes        | 1612     |
|    fps             | 309      |
|    time_elapsed    | 523      |
|    total_timesteps | 162000   |
---------------------------------
---------------------------------
| rollout/           |          |
|    ep_len_mean     | 100      |
|    ep_rew_mean     | -100     |
|    success_rate    | 0        |
| time/              |          |
|    episodes        | 1616     |
|    fps             | 309      |
|    time_elapsed    | 523      |
|    total_timesteps | 162000   |
---------------------------------
---------------------------------
| rollout/           |          |
|    ep_len_mean     | 100      |
|    ep_rew_mean     | -100     |
|    success_rate    | 0        |
| time/              |          |
|    episodes        | 1620     |
|    fps             | 309      |
|    time_elapsed    | 523      |
|    total_timesteps | 162000   |
---------------------------------
---------------------------------
| rollout/           |          |
|    ep_len_mean     | 100      |
|    ep_rew_mean     | -100     |
|    success_rate    | 0        |
| time/              |          |
|    episodes        | 1624     |
|    fps             | 311      |
|    time_elapsed    | 531      |
|    total_timesteps | 165600   |
| train/             |          |
|    actor_loss      | -2.31    |
|    critic_loss     | 0.00234  |
|    ent_coef        | 0.0132   |
|    ent_coef_loss   | -143     |
|    learning_rate   | 0.001    |
|    n_updates       | 4322     |
---------------------------------
---------------------------------
| rollout/           |          |
|    ep_len_mean     | 100      |
|    ep_rew_mean     | -100     |
|    success_rate    | 0        |
| time/              |          |
|    episodes        | 1628     |
|    fps             | 311      |
|    time_elapsed    | 531      |
|    total_timesteps | 165600   |
---------------------------------
---------------------------------
| rollout/           |          |
|    ep_len_mean     | 100      |
|    ep_rew_mean     | -100     |
|    success_rate    | 0        |
| time/              |          |
|    episodes        | 1632     |
|    fps             | 311      |
|    time_elapsed    | 531      |
|    total_timesteps | 165600   |
---------------------------------
---------------------------------
| rollout/           |          |
|    ep_len_mean     | 100      |
|    ep_rew_mean     | -100     |
|    success_rate    | 0        |
| time/              |          |
|    episodes        | 1636     |
|    fps             | 311      |
|    time_elapsed    | 531      |
|    total_timesteps | 165600   |
---------------------------------
---------------------------------
| rollout/           |          |
|    ep_len_mean     | 100      |
|    ep_rew_mean     | -100     |
|    success_rate    | 0        |
| time/              |          |
|    episodes        | 1640     |
|    fps             | 311      |
|    time_elapsed    | 531      |
|    total_timesteps | 165600   |
---------------------------------
---------------------------------
| rollout/           |          |
|    ep_len_mean     | 100      |
|    ep_rew_mean     | -100     |
|    success_rate    | 0        |
| time/              |          |
|    episodes        | 1644     |
|    fps             | 311      |
|    time_elapsed    | 531      |
|    total_timesteps | 165600   |
---------------------------------
---------------------------------
| rollout/           |          |
|    ep_len_mean     | 100      |
|    ep_rew_mean     | -100     |
|    success_rate    | 0        |
| time/              |          |
|    episodes        | 1648     |
|    fps             | 311      |
|    time_elapsed    | 531      |
|    total_timesteps | 165600   |
---------------------------------
---------------------------------
| rollout/           |          |
|    ep_len_mean     | 100      |
|    ep_rew_mean     | -100     |
|    success_rate    | 0        |
| time/              |          |
|    episodes        | 1652     |
|    fps             | 311      |
|    time_elapsed    | 531      |
|    total_timesteps | 165600   |
---------------------------------
---------------------------------
| rollout/           |          |
|    ep_len_mean     | 100      |
|    ep_rew_mean     | -100     |
|    success_rate    | 0        |
| time/              |          |
|    episodes        | 1656     |
|    fps             | 311      |
|    time_elapsed    | 531      |
|    total_timesteps | 165600   |
---------------------------------
---------------------------------
| rollout/           |          |
|    ep_len_mean     | 100      |
|    ep_rew_mean     | -100     |
|    success_rate    | 0        |
| time/              |          |
|    episodes        | 1660     |
|    fps             | 313      |
|    time_elapsed    | 539      |
|    total_timesteps | 169200   |
| train/             |          |
|    actor_loss      | -1.8     |
|    critic_loss     | 0.00229  |
|    ent_coef        | 0.012    |
|    ent_coef_loss   | -146     |
|    learning_rate   | 0.001    |
|    n_updates       | 4422     |
---------------------------------
---------------------------------
| rollout/           |          |
|    ep_len_mean     | 100      |
|    ep_rew_mean     | -100     |
|    success_rate    | 0        |
| time/              |          |
|    episodes        | 1664     |
|    fps             | 313      |
|    time_elapsed    | 539      |
|    total_timesteps | 169200   |
---------------------------------
---------------------------------
| rollout/           |          |
|    ep_len_mean     | 100      |
|    ep_rew_mean     | -100     |
|    success_rate    | 0        |
| time/              |          |
|    episodes        | 1668     |
|    fps             | 313      |
|    time_elapsed    | 539      |
|    total_timesteps | 169200   |
---------------------------------
---------------------------------
| rollout/           |          |
|    ep_len_mean     | 100      |
|    ep_rew_mean     | -100     |
|    success_rate    | 0        |
| time/              |          |
|    episodes        | 1672     |
|    fps             | 313      |
|    time_elapsed    | 539      |
|    total_timesteps | 169200   |
---------------------------------
---------------------------------
| rollout/           |          |
|    ep_len_mean     | 100      |
|    ep_rew_mean     | -100     |
|    success_rate    | 0        |
| time/              |          |
|    episodes        | 1676     |
|    fps             | 313      |
|    time_elapsed    | 539      |
|    total_timesteps | 169200   |
---------------------------------
---------------------------------
| rollout/           |          |
|    ep_len_mean     | 100      |
|    ep_rew_mean     | -100     |
|    success_rate    | 0        |
| time/              |          |
|    episodes        | 1680     |
|    fps             | 313      |
|    time_elapsed    | 539      |
|    total_timesteps | 169200   |
---------------------------------
---------------------------------
| rollout/           |          |
|    ep_len_mean     | 100      |
|    ep_rew_mean     | -100     |
|    success_rate    | 0        |
| time/              |          |
|    episodes        | 1684     |
|    fps             | 313      |
|    time_elapsed    | 539      |
|    total_timesteps | 169200   |
---------------------------------
---------------------------------
| rollout/           |          |
|    ep_len_mean     | 100      |
|    ep_rew_mean     | -100     |
|    success_rate    | 0        |
| time/              |          |
|    episodes        | 1688     |
|    fps             | 313      |
|    time_elapsed    | 539      |
|    total_timesteps | 169200   |
---------------------------------
---------------------------------
| rollout/           |          |
|    ep_len_mean     | 100      |
|    ep_rew_mean     | -100     |
|    success_rate    | 0        |
| time/              |          |
|    episodes        | 1692     |
|    fps             | 313      |
|    time_elapsed    | 539      |
|    total_timesteps | 169200   |
---------------------------------
---------------------------------
| rollout/           |          |
|    ep_len_mean     | 100      |
|    ep_rew_mean     | -100     |
|    success_rate    | 0        |
| time/              |          |
|    episodes        | 1696     |
|    fps             | 315      |
|    time_elapsed    | 547      |
|    total_timesteps | 172800   |
| train/             |          |
|    actor_loss      | -1.39    |
|    critic_loss     | 0.00231  |
|    ent_coef        | 0.0109   |
|    ent_coef_loss   | -149     |
|    learning_rate   | 0.001    |
|    n_updates       | 4522     |
---------------------------------
---------------------------------
| rollout/           |          |
|    ep_len_mean     | 100      |
|    ep_rew_mean     | -100     |
|    success_rate    | 0        |
| time/              |          |
|    episodes        | 1700     |
|    fps             | 315      |
|    time_elapsed    | 547      |
|    total_timesteps | 172800   |
---------------------------------
---------------------------------
| rollout/           |          |
|    ep_len_mean     | 100      |
|    ep_rew_mean     | -100     |
|    success_rate    | 0        |
| time/              |          |
|    episodes        | 1704     |
|    fps             | 315      |
|    time_elapsed    | 547      |
|    total_timesteps | 172800   |
---------------------------------
---------------------------------
| rollout/           |          |
|    ep_len_mean     | 100      |
|    ep_rew_mean     | -100     |
|    success_rate    | 0        |
| time/              |          |
|    episodes        | 1708     |
|    fps             | 315      |
|    time_elapsed    | 547      |
|    total_timesteps | 172800   |
---------------------------------
---------------------------------
| rollout/           |          |
|    ep_len_mean     | 100      |
|    ep_rew_mean     | -100     |
|    success_rate    | 0        |
| time/              |          |
|    episodes        | 1712     |
|    fps             | 315      |
|    time_elapsed    | 547      |
|    total_timesteps | 172800   |
---------------------------------
---------------------------------
| rollout/           |          |
|    ep_len_mean     | 100      |
|    ep_rew_mean     | -100     |
|    success_rate    | 0        |
| time/              |          |
|    episodes        | 1716     |
|    fps             | 315      |
|    time_elapsed    | 547      |
|    total_timesteps | 172800   |
---------------------------------
---------------------------------
| rollout/           |          |
|    ep_len_mean     | 100      |
|    ep_rew_mean     | -100     |
|    success_rate    | 0        |
| time/              |          |
|    episodes        | 1720     |
|    fps             | 315      |
|    time_elapsed    | 547      |
|    total_timesteps | 172800   |
---------------------------------
---------------------------------
| rollout/           |          |
|    ep_len_mean     | 100      |
|    ep_rew_mean     | -100     |
|    success_rate    | 0        |
| time/              |          |
|    episodes        | 1724     |
|    fps             | 315      |
|    time_elapsed    | 547      |
|    total_timesteps | 172800   |
---------------------------------
---------------------------------
| rollout/           |          |
|    ep_len_mean     | 100      |
|    ep_rew_mean     | -100     |
|    success_rate    | 0        |
| time/              |          |
|    episodes        | 1728     |
|    fps             | 315      |
|    time_elapsed    | 547      |
|    total_timesteps | 172800   |
---------------------------------
---------------------------------
| rollout/           |          |
|    ep_len_mean     | 100      |
|    ep_rew_mean     | -100     |
|    success_rate    | 0        |
| time/              |          |
|    episodes        | 1732     |
|    fps             | 317      |
|    time_elapsed    | 555      |
|    total_timesteps | 176400   |
| train/             |          |
|    actor_loss      | -0.996   |
|    critic_loss     | 0.00234  |
|    ent_coef        | 0.00983  |
|    ent_coef_loss   | -152     |
|    learning_rate   | 0.001    |
|    n_updates       | 4622     |
---------------------------------
---------------------------------
| rollout/           |          |
|    ep_len_mean     | 100      |
|    ep_rew_mean     | -100     |
|    success_rate    | 0        |
| time/              |          |
|    episodes        | 1736     |
|    fps             | 317      |
|    time_elapsed    | 555      |
|    total_timesteps | 176400   |
---------------------------------
---------------------------------
| rollout/           |          |
|    ep_len_mean     | 100      |
|    ep_rew_mean     | -100     |
|    success_rate    | 0        |
| time/              |          |
|    episodes        | 1740     |
|    fps             | 317      |
|    time_elapsed    | 555      |
|    total_timesteps | 176400   |
---------------------------------
---------------------------------
| rollout/           |          |
|    ep_len_mean     | 100      |
|    ep_rew_mean     | -100     |
|    success_rate    | 0        |
| time/              |          |
|    episodes        | 1744     |
|    fps             | 317      |
|    time_elapsed    | 555      |
|    total_timesteps | 176400   |
---------------------------------
---------------------------------
| rollout/           |          |
|    ep_len_mean     | 100      |
|    ep_rew_mean     | -100     |
|    success_rate    | 0        |
| time/              |          |
|    episodes        | 1748     |
|    fps             | 317      |
|    time_elapsed    | 555      |
|    total_timesteps | 176400   |
---------------------------------
---------------------------------
| rollout/           |          |
|    ep_len_mean     | 100      |
|    ep_rew_mean     | -100     |
|    success_rate    | 0        |
| time/              |          |
|    episodes        | 1752     |
|    fps             | 317      |
|    time_elapsed    | 555      |
|    total_timesteps | 176400   |
---------------------------------
---------------------------------
| rollout/           |          |
|    ep_len_mean     | 100      |
|    ep_rew_mean     | -100     |
|    success_rate    | 0        |
| time/              |          |
|    episodes        | 1756     |
|    fps             | 317      |
|    time_elapsed    | 555      |
|    total_timesteps | 176400   |
---------------------------------
---------------------------------
| rollout/           |          |
|    ep_len_mean     | 100      |
|    ep_rew_mean     | -100     |
|    success_rate    | 0        |
| time/              |          |
|    episodes        | 1760     |
|    fps             | 317      |
|    time_elapsed    | 555      |
|    total_timesteps | 176400   |
---------------------------------
---------------------------------
| rollout/           |          |
|    ep_len_mean     | 100      |
|    ep_rew_mean     | -100     |
|    success_rate    | 0        |
| time/              |          |
|    episodes        | 1764     |
|    fps             | 317      |
|    time_elapsed    | 555      |
|    total_timesteps | 176400   |
---------------------------------
---------------------------------
| rollout/           |          |
|    ep_len_mean     | 100      |
|    ep_rew_mean     | -100     |
|    success_rate    | 0        |
| time/              |          |
|    episodes        | 1768     |
|    fps             | 319      |
|    time_elapsed    | 563      |
|    total_timesteps | 180000   |
| train/             |          |
|    actor_loss      | -0.785   |
|    critic_loss     | 0.00324  |
|    ent_coef        | 0.00891  |
|    ent_coef_loss   | -154     |
|    learning_rate   | 0.001    |
|    n_updates       | 4722     |
---------------------------------
---------------------------------
| rollout/           |          |
|    ep_len_mean     | 100      |
|    ep_rew_mean     | -100     |
|    success_rate    | 0        |
| time/              |          |
|    episodes        | 1772     |
|    fps             | 319      |
|    time_elapsed    | 563      |
|    total_timesteps | 180000   |
---------------------------------
---------------------------------
| rollout/           |          |
|    ep_len_mean     | 100      |
|    ep_rew_mean     | -100     |
|    success_rate    | 0        |
| time/              |          |
|    episodes        | 1776     |
|    fps             | 319      |
|    time_elapsed    | 563      |
|    total_timesteps | 180000   |
---------------------------------
---------------------------------
| rollout/           |          |
|    ep_len_mean     | 100      |
|    ep_rew_mean     | -100     |
|    success_rate    | 0        |
| time/              |          |
|    episodes        | 1780     |
|    fps             | 319      |
|    time_elapsed    | 563      |
|    total_timesteps | 180000   |
---------------------------------
---------------------------------
| rollout/           |          |
|    ep_len_mean     | 100      |
|    ep_rew_mean     | -100     |
|    success_rate    | 0        |
| time/              |          |
|    episodes        | 1784     |
|    fps             | 319      |
|    time_elapsed    | 563      |
|    total_timesteps | 180000   |
---------------------------------
---------------------------------
| rollout/           |          |
|    ep_len_mean     | 100      |
|    ep_rew_mean     | -100     |
|    success_rate    | 0        |
| time/              |          |
|    episodes        | 1788     |
|    fps             | 319      |
|    time_elapsed    | 563      |
|    total_timesteps | 180000   |
---------------------------------
---------------------------------
| rollout/           |          |
|    ep_len_mean     | 100      |
|    ep_rew_mean     | -100     |
|    success_rate    | 0        |
| time/              |          |
|    episodes        | 1792     |
|    fps             | 319      |
|    time_elapsed    | 563      |
|    total_timesteps | 180000   |
---------------------------------
---------------------------------
| rollout/           |          |
|    ep_len_mean     | 100      |
|    ep_rew_mean     | -100     |
|    success_rate    | 0        |
| time/              |          |
|    episodes        | 1796     |
|    fps             | 319      |
|    time_elapsed    | 563      |
|    total_timesteps | 180000   |
---------------------------------
---------------------------------
| rollout/           |          |
|    ep_len_mean     | 100      |
|    ep_rew_mean     | -100     |
|    success_rate    | 0        |
| time/              |          |
|    episodes        | 1800     |
|    fps             | 319      |
|    time_elapsed    | 563      |
|    total_timesteps | 180000   |
---------------------------------

Running evaluation at 180144 timesteps...
Successfully copied normalization stats
Evaluation results: {'eval/mean_reward': np.float32(-100.0), 'eval/std_reward': np.float32(0.0), 'eval/success_rate': np.float64(0.0)}
---------------------------------
| rollout/           |          |
|    ep_len_mean     | 100      |
|    ep_rew_mean     | -100     |
|    success_rate    | 0        |
| time/              |          |
|    episodes        | 1804     |
|    fps             | 309      |
|    time_elapsed    | 593      |
|    total_timesteps | 183600   |
| train/             |          |
|    actor_loss      | -0.605   |
|    critic_loss     | 0.00305  |
|    ent_coef        | 0.00807  |
|    ent_coef_loss   | -157     |
|    learning_rate   | 0.001    |
|    n_updates       | 4822     |
---------------------------------
---------------------------------
| rollout/           |          |
|    ep_len_mean     | 100      |
|    ep_rew_mean     | -100     |
|    success_rate    | 0        |
| time/              |          |
|    episodes        | 1808     |
|    fps             | 309      |
|    time_elapsed    | 593      |
|    total_timesteps | 183600   |
---------------------------------
---------------------------------
| rollout/           |          |
|    ep_len_mean     | 100      |
|    ep_rew_mean     | -100     |
|    success_rate    | 0        |
| time/              |          |
|    episodes        | 1812     |
|    fps             | 309      |
|    time_elapsed    | 593      |
|    total_timesteps | 183600   |
---------------------------------
---------------------------------
| rollout/           |          |
|    ep_len_mean     | 100      |
|    ep_rew_mean     | -100     |
|    success_rate    | 0        |
| time/              |          |
|    episodes        | 1816     |
|    fps             | 309      |
|    time_elapsed    | 593      |
|    total_timesteps | 183600   |
---------------------------------
---------------------------------
| rollout/           |          |
|    ep_len_mean     | 100      |
|    ep_rew_mean     | -100     |
|    success_rate    | 0        |
| time/              |          |
|    episodes        | 1820     |
|    fps             | 309      |
|    time_elapsed    | 593      |
|    total_timesteps | 183600   |
---------------------------------
---------------------------------
| rollout/           |          |
|    ep_len_mean     | 100      |
|    ep_rew_mean     | -100     |
|    success_rate    | 0        |
| time/              |          |
|    episodes        | 1824     |
|    fps             | 309      |
|    time_elapsed    | 593      |
|    total_timesteps | 183600   |
---------------------------------
---------------------------------
| rollout/           |          |
|    ep_len_mean     | 100      |
|    ep_rew_mean     | -100     |
|    success_rate    | 0        |
| time/              |          |
|    episodes        | 1828     |
|    fps             | 309      |
|    time_elapsed    | 593      |
|    total_timesteps | 183600   |
---------------------------------
---------------------------------
| rollout/           |          |
|    ep_len_mean     | 100      |
|    ep_rew_mean     | -100     |
|    success_rate    | 0        |
| time/              |          |
|    episodes        | 1832     |
|    fps             | 309      |
|    time_elapsed    | 593      |
|    total_timesteps | 183600   |
---------------------------------
---------------------------------
| rollout/           |          |
|    ep_len_mean     | 100      |
|    ep_rew_mean     | -100     |
|    success_rate    | 0        |
| time/              |          |
|    episodes        | 1836     |
|    fps             | 309      |
|    time_elapsed    | 593      |
|    total_timesteps | 183600   |
---------------------------------
---------------------------------
| rollout/           |          |
|    ep_len_mean     | 100      |
|    ep_rew_mean     | -100     |
|    success_rate    | 0        |
| time/              |          |
|    episodes        | 1840     |
|    fps             | 311      |
|    time_elapsed    | 601      |
|    total_timesteps | 187200   |
| train/             |          |
|    actor_loss      | -0.463   |
|    critic_loss     | 0.00339  |
|    ent_coef        | 0.00731  |
|    ent_coef_loss   | -160     |
|    learning_rate   | 0.001    |
|    n_updates       | 4922     |
---------------------------------
---------------------------------
| rollout/           |          |
|    ep_len_mean     | 100      |
|    ep_rew_mean     | -100     |
|    success_rate    | 0        |
| time/              |          |
|    episodes        | 1844     |
|    fps             | 311      |
|    time_elapsed    | 601      |
|    total_timesteps | 187200   |
---------------------------------
---------------------------------
| rollout/           |          |
|    ep_len_mean     | 100      |
|    ep_rew_mean     | -100     |
|    success_rate    | 0        |
| time/              |          |
|    episodes        | 1848     |
|    fps             | 311      |
|    time_elapsed    | 601      |
|    total_timesteps | 187200   |
---------------------------------
---------------------------------
| rollout/           |          |
|    ep_len_mean     | 100      |
|    ep_rew_mean     | -100     |
|    success_rate    | 0        |
| time/              |          |
|    episodes        | 1852     |
|    fps             | 311      |
|    time_elapsed    | 601      |
|    total_timesteps | 187200   |
---------------------------------
---------------------------------
| rollout/           |          |
|    ep_len_mean     | 100      |
|    ep_rew_mean     | -100     |
|    success_rate    | 0        |
| time/              |          |
|    episodes        | 1856     |
|    fps             | 311      |
|    time_elapsed    | 601      |
|    total_timesteps | 187200   |
---------------------------------
---------------------------------
| rollout/           |          |
|    ep_len_mean     | 100      |
|    ep_rew_mean     | -100     |
|    success_rate    | 0        |
| time/              |          |
|    episodes        | 1860     |
|    fps             | 311      |
|    time_elapsed    | 601      |
|    total_timesteps | 187200   |
---------------------------------
---------------------------------
| rollout/           |          |
|    ep_len_mean     | 100      |
|    ep_rew_mean     | -100     |
|    success_rate    | 0        |
| time/              |          |
|    episodes        | 1864     |
|    fps             | 311      |
|    time_elapsed    | 601      |
|    total_timesteps | 187200   |
---------------------------------
---------------------------------
| rollout/           |          |
|    ep_len_mean     | 100      |
|    ep_rew_mean     | -100     |
|    success_rate    | 0        |
| time/              |          |
|    episodes        | 1868     |
|    fps             | 311      |
|    time_elapsed    | 601      |
|    total_timesteps | 187200   |
---------------------------------
---------------------------------
| rollout/           |          |
|    ep_len_mean     | 100      |
|    ep_rew_mean     | -100     |
|    success_rate    | 0        |
| time/              |          |
|    episodes        | 1872     |
|    fps             | 311      |
|    time_elapsed    | 601      |
|    total_timesteps | 187200   |
---------------------------------
---------------------------------
| rollout/           |          |
|    ep_len_mean     | 100      |
|    ep_rew_mean     | -100     |
|    success_rate    | 0        |
| time/              |          |
|    episodes        | 1876     |
|    fps             | 313      |
|    time_elapsed    | 609      |
|    total_timesteps | 190800   |
| train/             |          |
|    actor_loss      | -0.325   |
|    critic_loss     | 0.00326  |
|    ent_coef        | 0.00663  |
|    ent_coef_loss   | -162     |
|    learning_rate   | 0.001    |
|    n_updates       | 5022     |
---------------------------------
---------------------------------
| rollout/           |          |
|    ep_len_mean     | 100      |
|    ep_rew_mean     | -100     |
|    success_rate    | 0        |
| time/              |          |
|    episodes        | 1880     |
|    fps             | 313      |
|    time_elapsed    | 609      |
|    total_timesteps | 190800   |
---------------------------------
---------------------------------
| rollout/           |          |
|    ep_len_mean     | 100      |
|    ep_rew_mean     | -100     |
|    success_rate    | 0        |
| time/              |          |
|    episodes        | 1884     |
|    fps             | 313      |
|    time_elapsed    | 609      |
|    total_timesteps | 190800   |
---------------------------------
---------------------------------
| rollout/           |          |
|    ep_len_mean     | 100      |
|    ep_rew_mean     | -100     |
|    success_rate    | 0        |
| time/              |          |
|    episodes        | 1888     |
|    fps             | 313      |
|    time_elapsed    | 609      |
|    total_timesteps | 190800   |
---------------------------------
---------------------------------
| rollout/           |          |
|    ep_len_mean     | 100      |
|    ep_rew_mean     | -100     |
|    success_rate    | 0        |
| time/              |          |
|    episodes        | 1892     |
|    fps             | 313      |
|    time_elapsed    | 609      |
|    total_timesteps | 190800   |
---------------------------------
---------------------------------
| rollout/           |          |
|    ep_len_mean     | 100      |
|    ep_rew_mean     | -100     |
|    success_rate    | 0        |
| time/              |          |
|    episodes        | 1896     |
|    fps             | 313      |
|    time_elapsed    | 609      |
|    total_timesteps | 190800   |
---------------------------------
---------------------------------
| rollout/           |          |
|    ep_len_mean     | 100      |
|    ep_rew_mean     | -100     |
|    success_rate    | 0        |
| time/              |          |
|    episodes        | 1900     |
|    fps             | 313      |
|    time_elapsed    | 609      |
|    total_timesteps | 190800   |
---------------------------------
---------------------------------
| rollout/           |          |
|    ep_len_mean     | 100      |
|    ep_rew_mean     | -100     |
|    success_rate    | 0        |
| time/              |          |
|    episodes        | 1904     |
|    fps             | 313      |
|    time_elapsed    | 609      |
|    total_timesteps | 190800   |
---------------------------------
---------------------------------
| rollout/           |          |
|    ep_len_mean     | 100      |
|    ep_rew_mean     | -100     |
|    success_rate    | 0        |
| time/              |          |
|    episodes        | 1908     |
|    fps             | 313      |
|    time_elapsed    | 609      |
|    total_timesteps | 190800   |
---------------------------------
---------------------------------
| rollout/           |          |
|    ep_len_mean     | 100      |
|    ep_rew_mean     | -100     |
|    success_rate    | 0        |
| time/              |          |
|    episodes        | 1912     |
|    fps             | 315      |
|    time_elapsed    | 616      |
|    total_timesteps | 194400   |
| train/             |          |
|    actor_loss      | -0.172   |
|    critic_loss     | 0.00332  |
|    ent_coef        | 0.00601  |
|    ent_coef_loss   | -165     |
|    learning_rate   | 0.001    |
|    n_updates       | 5122     |
---------------------------------
---------------------------------
| rollout/           |          |
|    ep_len_mean     | 100      |
|    ep_rew_mean     | -100     |
|    success_rate    | 0        |
| time/              |          |
|    episodes        | 1916     |
|    fps             | 315      |
|    time_elapsed    | 616      |
|    total_timesteps | 194400   |
---------------------------------
---------------------------------
| rollout/           |          |
|    ep_len_mean     | 100      |
|    ep_rew_mean     | -100     |
|    success_rate    | 0        |
| time/              |          |
|    episodes        | 1920     |
|    fps             | 315      |
|    time_elapsed    | 616      |
|    total_timesteps | 194400   |
---------------------------------
---------------------------------
| rollout/           |          |
|    ep_len_mean     | 100      |
|    ep_rew_mean     | -100     |
|    success_rate    | 0        |
| time/              |          |
|    episodes        | 1924     |
|    fps             | 315      |
|    time_elapsed    | 616      |
|    total_timesteps | 194400   |
---------------------------------
---------------------------------
| rollout/           |          |
|    ep_len_mean     | 100      |
|    ep_rew_mean     | -100     |
|    success_rate    | 0        |
| time/              |          |
|    episodes        | 1928     |
|    fps             | 315      |
|    time_elapsed    | 616      |
|    total_timesteps | 194400   |
---------------------------------
---------------------------------
| rollout/           |          |
|    ep_len_mean     | 100      |
|    ep_rew_mean     | -100     |
|    success_rate    | 0        |
| time/              |          |
|    episodes        | 1932     |
|    fps             | 315      |
|    time_elapsed    | 616      |
|    total_timesteps | 194400   |
---------------------------------
---------------------------------
| rollout/           |          |
|    ep_len_mean     | 100      |
|    ep_rew_mean     | -100     |
|    success_rate    | 0        |
| time/              |          |
|    episodes        | 1936     |
|    fps             | 315      |
|    time_elapsed    | 616      |
|    total_timesteps | 194400   |
---------------------------------
---------------------------------
| rollout/           |          |
|    ep_len_mean     | 100      |
|    ep_rew_mean     | -100     |
|    success_rate    | 0        |
| time/              |          |
|    episodes        | 1940     |
|    fps             | 315      |
|    time_elapsed    | 616      |
|    total_timesteps | 194400   |
---------------------------------
---------------------------------
| rollout/           |          |
|    ep_len_mean     | 100      |
|    ep_rew_mean     | -100     |
|    success_rate    | 0        |
| time/              |          |
|    episodes        | 1944     |
|    fps             | 315      |
|    time_elapsed    | 616      |
|    total_timesteps | 194400   |
---------------------------------
---------------------------------
| rollout/           |          |
|    ep_len_mean     | 100      |
|    ep_rew_mean     | -100     |
|    success_rate    | 0        |
| time/              |          |
|    episodes        | 1948     |
|    fps             | 317      |
|    time_elapsed    | 624      |
|    total_timesteps | 198000   |
| train/             |          |
|    actor_loss      | -0.0551  |
|    critic_loss     | 0.0038   |
|    ent_coef        | 0.00545  |
|    ent_coef_loss   | -166     |
|    learning_rate   | 0.001    |
|    n_updates       | 5222     |
---------------------------------
---------------------------------
| rollout/           |          |
|    ep_len_mean     | 100      |
|    ep_rew_mean     | -100     |
|    success_rate    | 0        |
| time/              |          |
|    episodes        | 1952     |
|    fps             | 317      |
|    time_elapsed    | 624      |
|    total_timesteps | 198000   |
---------------------------------
---------------------------------
| rollout/           |          |
|    ep_len_mean     | 100      |
|    ep_rew_mean     | -100     |
|    success_rate    | 0        |
| time/              |          |
|    episodes        | 1956     |
|    fps             | 317      |
|    time_elapsed    | 624      |
|    total_timesteps | 198000   |
---------------------------------
---------------------------------
| rollout/           |          |
|    ep_len_mean     | 100      |
|    ep_rew_mean     | -100     |
|    success_rate    | 0        |
| time/              |          |
|    episodes        | 1960     |
|    fps             | 317      |
|    time_elapsed    | 624      |
|    total_timesteps | 198000   |
---------------------------------
---------------------------------
| rollout/           |          |
|    ep_len_mean     | 100      |
|    ep_rew_mean     | -100     |
|    success_rate    | 0        |
| time/              |          |
|    episodes        | 1964     |
|    fps             | 317      |
|    time_elapsed    | 624      |
|    total_timesteps | 198000   |
---------------------------------
---------------------------------
| rollout/           |          |
|    ep_len_mean     | 100      |
|    ep_rew_mean     | -100     |
|    success_rate    | 0        |
| time/              |          |
|    episodes        | 1968     |
|    fps             | 317      |
|    time_elapsed    | 624      |
|    total_timesteps | 198000   |
---------------------------------
---------------------------------
| rollout/           |          |
|    ep_len_mean     | 100      |
|    ep_rew_mean     | -100     |
|    success_rate    | 0        |
| time/              |          |
|    episodes        | 1972     |
|    fps             | 317      |
|    time_elapsed    | 624      |
|    total_timesteps | 198000   |
---------------------------------
---------------------------------
| rollout/           |          |
|    ep_len_mean     | 100      |
|    ep_rew_mean     | -100     |
|    success_rate    | 0        |
| time/              |          |
|    episodes        | 1976     |
|    fps             | 317      |
|    time_elapsed    | 624      |
|    total_timesteps | 198000   |
---------------------------------
---------------------------------
| rollout/           |          |
|    ep_len_mean     | 100      |
|    ep_rew_mean     | -100     |
|    success_rate    | 0        |
| time/              |          |
|    episodes        | 1980     |
|    fps             | 317      |
|    time_elapsed    | 624      |
|    total_timesteps | 198000   |
---------------------------------
Saved VecNormalize stats to /work/hdd/bewv/smahesh1/ShadowHand-TQC/generated/studies/sphere_v1_demo/candidates/n1000_a0p1_b0p9/obj_size_large_ar_high_macro_low_rough_high/rigid/models/n1000_a0p1_b0p9_obj_size_large_ar_high_macro_low_rough_high_rigid/vecnorm_200016.pkl
Saved model to /work/hdd/bewv/smahesh1/ShadowHand-TQC/generated/studies/sphere_v1_demo/candidates/n1000_a0p1_b0p9/obj_size_large_ar_high_macro_low_rough_high/rigid/models/n1000_a0p1_b0p9_obj_size_large_ar_high_macro_low_rough_high_rigid/model_200016_steps.zip

Running evaluation at 200160 timesteps...
Successfully copied normalization stats
Evaluation results: {'eval/mean_reward': np.float32(-100.0), 'eval/std_reward': np.float32(0.0), 'eval/success_rate': np.float64(0.0)}
---------------------------------
| rollout/           |          |
|    ep_len_mean     | 100      |
|    ep_rew_mean     | -100     |
|    success_rate    | 0        |
| time/              |          |
|    episodes        | 1984     |
|    fps             | 307      |
|    time_elapsed    | 655      |
|    total_timesteps | 201600   |
| train/             |          |
|    actor_loss      | 0.0649   |
|    critic_loss     | 0.00359  |
|    ent_coef        | 0.00494  |
|    ent_coef_loss   | -170     |
|    learning_rate   | 0.001    |
|    n_updates       | 5322     |
---------------------------------
---------------------------------
| rollout/           |          |
|    ep_len_mean     | 100      |
|    ep_rew_mean     | -100     |
|    success_rate    | 0        |
| time/              |          |
|    episodes        | 1988     |
|    fps             | 307      |
|    time_elapsed    | 655      |
|    total_timesteps | 201600   |
---------------------------------
---------------------------------
| rollout/           |          |
|    ep_len_mean     | 100      |
|    ep_rew_mean     | -100     |
|    success_rate    | 0        |
| time/              |          |
|    episodes        | 1992     |
|    fps             | 307      |
|    time_elapsed    | 655      |
|    total_timesteps | 201600   |
---------------------------------
---------------------------------
| rollout/           |          |
|    ep_len_mean     | 100      |
|    ep_rew_mean     | -100     |
|    success_rate    | 0        |
| time/              |          |
|    episodes        | 1996     |
|    fps             | 307      |
|    time_elapsed    | 655      |
|    total_timesteps | 201600   |
---------------------------------
---------------------------------
| rollout/           |          |
|    ep_len_mean     | 100      |
|    ep_rew_mean     | -100     |
|    success_rate    | 0        |
| time/              |          |
|    episodes        | 2000     |
|    fps             | 307      |
|    time_elapsed    | 655      |
|    total_timesteps | 201600   |
---------------------------------
---------------------------------
| rollout/           |          |
|    ep_len_mean     | 100      |
|    ep_rew_mean     | -100     |
|    success_rate    | 0        |
| time/              |          |
|    episodes        | 2004     |
|    fps             | 307      |
|    time_elapsed    | 655      |
|    total_timesteps | 201600   |
---------------------------------
---------------------------------
| rollout/           |          |
|    ep_len_mean     | 100      |
|    ep_rew_mean     | -100     |
|    success_rate    | 0        |
| time/              |          |
|    episodes        | 2008     |
|    fps             | 307      |
|    time_elapsed    | 655      |
|    total_timesteps | 201600   |
---------------------------------
---------------------------------
| rollout/           |          |
|    ep_len_mean     | 100      |
|    ep_rew_mean     | -100     |
|    success_rate    | 0        |
| time/              |          |
|    episodes        | 2012     |
|    fps             | 307      |
|    time_elapsed    | 655      |
|    total_timesteps | 201600   |
---------------------------------
---------------------------------
| rollout/           |          |
|    ep_len_mean     | 100      |
|    ep_rew_mean     | -100     |
|    success_rate    | 0        |
| time/              |          |
|    episodes        | 2016     |
|    fps             | 307      |
|    time_elapsed    | 655      |
|    total_timesteps | 201600   |
---------------------------------
---------------------------------
| rollout/           |          |
|    ep_len_mean     | 100      |
|    ep_rew_mean     | -100     |
|    success_rate    | 0        |
| time/              |          |
|    episodes        | 2020     |
|    fps             | 309      |
|    time_elapsed    | 663      |
|    total_timesteps | 205200   |
| train/             |          |
|    actor_loss      | 0.169    |
|    critic_loss     | 0.00373  |
|    ent_coef        | 0.00448  |
|    ent_coef_loss   | -171     |
|    learning_rate   | 0.001    |
|    n_updates       | 5422     |
---------------------------------
---------------------------------
| rollout/           |          |
|    ep_len_mean     | 100      |
|    ep_rew_mean     | -100     |
|    success_rate    | 0        |
| time/              |          |
|    episodes        | 2024     |
|    fps             | 309      |
|    time_elapsed    | 663      |
|    total_timesteps | 205200   |
---------------------------------
---------------------------------
| rollout/           |          |
|    ep_len_mean     | 100      |
|    ep_rew_mean     | -100     |
|    success_rate    | 0        |
| time/              |          |
|    episodes        | 2028     |
|    fps             | 309      |
|    time_elapsed    | 663      |
|    total_timesteps | 205200   |
---------------------------------
---------------------------------
| rollout/           |          |
|    ep_len_mean     | 100      |
|    ep_rew_mean     | -100     |
|    success_rate    | 0        |
| time/              |          |
|    episodes        | 2032     |
|    fps             | 309      |
|    time_elapsed    | 663      |
|    total_timesteps | 205200   |
---------------------------------
---------------------------------
| rollout/           |          |
|    ep_len_mean     | 100      |
|    ep_rew_mean     | -100     |
|    success_rate    | 0        |
| time/              |          |
|    episodes        | 2036     |
|    fps             | 309      |
|    time_elapsed    | 663      |
|    total_timesteps | 205200   |
---------------------------------
---------------------------------
| rollout/           |          |
|    ep_len_mean     | 100      |
|    ep_rew_mean     | -100     |
|    success_rate    | 0        |
| time/              |          |
|    episodes        | 2040     |
|    fps             | 309      |
|    time_elapsed    | 663      |
|    total_timesteps | 205200   |
---------------------------------
---------------------------------
| rollout/           |          |
|    ep_len_mean     | 100      |
|    ep_rew_mean     | -100     |
|    success_rate    | 0        |
| time/              |          |
|    episodes        | 2044     |
|    fps             | 309      |
|    time_elapsed    | 663      |
|    total_timesteps | 205200   |
---------------------------------
---------------------------------
| rollout/           |          |
|    ep_len_mean     | 100      |
|    ep_rew_mean     | -100     |
|    success_rate    | 0        |
| time/              |          |
|    episodes        | 2048     |
|    fps             | 309      |
|    time_elapsed    | 663      |
|    total_timesteps | 205200   |
---------------------------------
---------------------------------
| rollout/           |          |
|    ep_len_mean     | 100      |
|    ep_rew_mean     | -100     |
|    success_rate    | 0        |
| time/              |          |
|    episodes        | 2052     |
|    fps             | 309      |
|    time_elapsed    | 663      |
|    total_timesteps | 205200   |
---------------------------------
---------------------------------
| rollout/           |          |
|    ep_len_mean     | 100      |
|    ep_rew_mean     | -100     |
|    success_rate    | 0        |
| time/              |          |
|    episodes        | 2056     |
|    fps             | 310      |
|    time_elapsed    | 671      |
|    total_timesteps | 208800   |
| train/             |          |
|    actor_loss      | 0.304    |
|    critic_loss     | 0.00375  |
|    ent_coef        | 0.00407  |
|    ent_coef_loss   | -171     |
|    learning_rate   | 0.001    |
|    n_updates       | 5522     |
---------------------------------
---------------------------------
| rollout/           |          |
|    ep_len_mean     | 100      |
|    ep_rew_mean     | -100     |
|    success_rate    | 0        |
| time/              |          |
|    episodes        | 2060     |
|    fps             | 310      |
|    time_elapsed    | 671      |
|    total_timesteps | 208800   |
---------------------------------
---------------------------------
| rollout/           |          |
|    ep_len_mean     | 100      |
|    ep_rew_mean     | -100     |
|    success_rate    | 0        |
| time/              |          |
|    episodes        | 2064     |
|    fps             | 310      |
|    time_elapsed    | 671      |
|    total_timesteps | 208800   |
---------------------------------
---------------------------------
| rollout/           |          |
|    ep_len_mean     | 100      |
|    ep_rew_mean     | -100     |
|    success_rate    | 0        |
| time/              |          |
|    episodes        | 2068     |
|    fps             | 310      |
|    time_elapsed    | 671      |
|    total_timesteps | 208800   |
---------------------------------
---------------------------------
| rollout/           |          |
|    ep_len_mean     | 100      |
|    ep_rew_mean     | -100     |
|    success_rate    | 0        |
| time/              |          |
|    episodes        | 2072     |
|    fps             | 310      |
|    time_elapsed    | 671      |
|    total_timesteps | 208800   |
---------------------------------
---------------------------------
| rollout/           |          |
|    ep_len_mean     | 100      |
|    ep_rew_mean     | -100     |
|    success_rate    | 0        |
| time/              |          |
|    episodes        | 2076     |
|    fps             | 310      |
|    time_elapsed    | 671      |
|    total_timesteps | 208800   |
---------------------------------
---------------------------------
| rollout/           |          |
|    ep_len_mean     | 100      |
|    ep_rew_mean     | -100     |
|    success_rate    | 0        |
| time/              |          |
|    episodes        | 2080     |
|    fps             | 310      |
|    time_elapsed    | 671      |
|    total_timesteps | 208800   |
---------------------------------
---------------------------------
| rollout/           |          |
|    ep_len_mean     | 100      |
|    ep_rew_mean     | -100     |
|    success_rate    | 0        |
| time/              |          |
|    episodes        | 2084     |
|    fps             | 310      |
|    time_elapsed    | 671      |
|    total_timesteps | 208800   |
---------------------------------
---------------------------------
| rollout/           |          |
|    ep_len_mean     | 100      |
|    ep_rew_mean     | -100     |
|    success_rate    | 0        |
| time/              |          |
|    episodes        | 2088     |
|    fps             | 310      |
|    time_elapsed    | 671      |
|    total_timesteps | 208800   |
---------------------------------
---------------------------------
| rollout/           |          |
|    ep_len_mean     | 100      |
|    ep_rew_mean     | -100     |
|    success_rate    | 0        |
| time/              |          |
|    episodes        | 2092     |
|    fps             | 312      |
|    time_elapsed    | 679      |
|    total_timesteps | 212400   |
| train/             |          |
|    actor_loss      | 0.389    |
|    critic_loss     | 0.0037   |
|    ent_coef        | 0.00369  |
|    ent_coef_loss   | -175     |
|    learning_rate   | 0.001    |
|    n_updates       | 5622     |
---------------------------------
---------------------------------
| rollout/           |          |
|    ep_len_mean     | 100      |
|    ep_rew_mean     | -100     |
|    success_rate    | 0        |
| time/              |          |
|    episodes        | 2096     |
|    fps             | 312      |
|    time_elapsed    | 679      |
|    total_timesteps | 212400   |
---------------------------------
---------------------------------
| rollout/           |          |
|    ep_len_mean     | 100      |
|    ep_rew_mean     | -100     |
|    success_rate    | 0        |
| time/              |          |
|    episodes        | 2100     |
|    fps             | 312      |
|    time_elapsed    | 679      |
|    total_timesteps | 212400   |
---------------------------------
---------------------------------
| rollout/           |          |
|    ep_len_mean     | 100      |
|    ep_rew_mean     | -100     |
|    success_rate    | 0        |
| time/              |          |
|    episodes        | 2104     |
|    fps             | 312      |
|    time_elapsed    | 679      |
|    total_timesteps | 212400   |
---------------------------------
---------------------------------
| rollout/           |          |
|    ep_len_mean     | 100      |
|    ep_rew_mean     | -100     |
|    success_rate    | 0        |
| time/              |          |
|    episodes        | 2108     |
|    fps             | 312      |
|    time_elapsed    | 679      |
|    total_timesteps | 212400   |
---------------------------------
---------------------------------
| rollout/           |          |
|    ep_len_mean     | 100      |
|    ep_rew_mean     | -100     |
|    success_rate    | 0        |
| time/              |          |
|    episodes        | 2112     |
|    fps             | 312      |
|    time_elapsed    | 679      |
|    total_timesteps | 212400   |
---------------------------------
---------------------------------
| rollout/           |          |
|    ep_len_mean     | 100      |
|    ep_rew_mean     | -100     |
|    success_rate    | 0        |
| time/              |          |
|    episodes        | 2116     |
|    fps             | 312      |
|    time_elapsed    | 679      |
|    total_timesteps | 212400   |
---------------------------------
---------------------------------
| rollout/           |          |
|    ep_len_mean     | 100      |
|    ep_rew_mean     | -100     |
|    success_rate    | 0        |
| time/              |          |
|    episodes        | 2120     |
|    fps             | 312      |
|    time_elapsed    | 679      |
|    total_timesteps | 212400   |
---------------------------------
---------------------------------
| rollout/           |          |
|    ep_len_mean     | 100      |
|    ep_rew_mean     | -100     |
|    success_rate    | 0        |
| time/              |          |
|    episodes        | 2124     |
|    fps             | 312      |
|    time_elapsed    | 679      |
|    total_timesteps | 212400   |
---------------------------------
---------------------------------
| rollout/           |          |
|    ep_len_mean     | 100      |
|    ep_rew_mean     | -100     |
|    success_rate    | 0        |
| time/              |          |
|    episodes        | 2128     |
|    fps             | 313      |
|    time_elapsed    | 688      |
|    total_timesteps | 216000   |
| train/             |          |
|    actor_loss      | 0.462    |
|    critic_loss     | 0.00371  |
|    ent_coef        | 0.00335  |
|    ent_coef_loss   | -177     |
|    learning_rate   | 0.001    |
|    n_updates       | 5722     |
---------------------------------
---------------------------------
| rollout/           |          |
|    ep_len_mean     | 100      |
|    ep_rew_mean     | -100     |
|    success_rate    | 0        |
| time/              |          |
|    episodes        | 2132     |
|    fps             | 313      |
|    time_elapsed    | 688      |
|    total_timesteps | 216000   |
---------------------------------
---------------------------------
| rollout/           |          |
|    ep_len_mean     | 100      |
|    ep_rew_mean     | -100     |
|    success_rate    | 0        |
| time/              |          |
|    episodes        | 2136     |
|    fps             | 313      |
|    time_elapsed    | 688      |
|    total_timesteps | 216000   |
---------------------------------
---------------------------------
| rollout/           |          |
|    ep_len_mean     | 100      |
|    ep_rew_mean     | -100     |
|    success_rate    | 0        |
| time/              |          |
|    episodes        | 2140     |
|    fps             | 313      |
|    time_elapsed    | 688      |
|    total_timesteps | 216000   |
---------------------------------
---------------------------------
| rollout/           |          |
|    ep_len_mean     | 100      |
|    ep_rew_mean     | -100     |
|    success_rate    | 0        |
| time/              |          |
|    episodes        | 2144     |
|    fps             | 313      |
|    time_elapsed    | 688      |
|    total_timesteps | 216000   |
---------------------------------
---------------------------------
| rollout/           |          |
|    ep_len_mean     | 100      |
|    ep_rew_mean     | -100     |
|    success_rate    | 0        |
| time/              |          |
|    episodes        | 2148     |
|    fps             | 313      |
|    time_elapsed    | 688      |
|    total_timesteps | 216000   |
---------------------------------
---------------------------------
| rollout/           |          |
|    ep_len_mean     | 100      |
|    ep_rew_mean     | -100     |
|    success_rate    | 0        |
| time/              |          |
|    episodes        | 2152     |
|    fps             | 313      |
|    time_elapsed    | 688      |
|    total_timesteps | 216000   |
---------------------------------
---------------------------------
| rollout/           |          |
|    ep_len_mean     | 100      |
|    ep_rew_mean     | -100     |
|    success_rate    | 0        |
| time/              |          |
|    episodes        | 2156     |
|    fps             | 313      |
|    time_elapsed    | 688      |
|    total_timesteps | 216000   |
---------------------------------
---------------------------------
| rollout/           |          |
|    ep_len_mean     | 100      |
|    ep_rew_mean     | -100     |
|    success_rate    | 0        |
| time/              |          |
|    episodes        | 2160     |
|    fps             | 313      |
|    time_elapsed    | 688      |
|    total_timesteps | 216000   |
---------------------------------
---------------------------------
| rollout/           |          |
|    ep_len_mean     | 100      |
|    ep_rew_mean     | -100     |
|    success_rate    | 0        |
| time/              |          |
|    episodes        | 2164     |
|    fps             | 315      |
|    time_elapsed    | 696      |
|    total_timesteps | 219600   |
| train/             |          |
|    actor_loss      | 0.586    |
|    critic_loss     | 0.00384  |
|    ent_coef        | 0.00305  |
|    ent_coef_loss   | -180     |
|    learning_rate   | 0.001    |
|    n_updates       | 5822     |
---------------------------------
---------------------------------
| rollout/           |          |
|    ep_len_mean     | 100      |
|    ep_rew_mean     | -100     |
|    success_rate    | 0        |
| time/              |          |
|    episodes        | 2168     |
|    fps             | 315      |
|    time_elapsed    | 696      |
|    total_timesteps | 219600   |
---------------------------------
---------------------------------
| rollout/           |          |
|    ep_len_mean     | 100      |
|    ep_rew_mean     | -100     |
|    success_rate    | 0        |
| time/              |          |
|    episodes        | 2172     |
|    fps             | 315      |
|    time_elapsed    | 696      |
|    total_timesteps | 219600   |
---------------------------------
---------------------------------
| rollout/           |          |
|    ep_len_mean     | 100      |
|    ep_rew_mean     | -100     |
|    success_rate    | 0        |
| time/              |          |
|    episodes        | 2176     |
|    fps             | 315      |
|    time_elapsed    | 696      |
|    total_timesteps | 219600   |
---------------------------------
---------------------------------
| rollout/           |          |
|    ep_len_mean     | 100      |
|    ep_rew_mean     | -100     |
|    success_rate    | 0        |
| time/              |          |
|    episodes        | 2180     |
|    fps             | 315      |
|    time_elapsed    | 696      |
|    total_timesteps | 219600   |
---------------------------------
---------------------------------
| rollout/           |          |
|    ep_len_mean     | 100      |
|    ep_rew_mean     | -100     |
|    success_rate    | 0        |
| time/              |          |
|    episodes        | 2184     |
|    fps             | 315      |
|    time_elapsed    | 696      |
|    total_timesteps | 219600   |
---------------------------------
---------------------------------
| rollout/           |          |
|    ep_len_mean     | 100      |
|    ep_rew_mean     | -100     |
|    success_rate    | 0        |
| time/              |          |
|    episodes        | 2188     |
|    fps             | 315      |
|    time_elapsed    | 696      |
|    total_timesteps | 219600   |
---------------------------------
---------------------------------
| rollout/           |          |
|    ep_len_mean     | 100      |
|    ep_rew_mean     | -100     |
|    success_rate    | 0        |
| time/              |          |
|    episodes        | 2192     |
|    fps             | 315      |
|    time_elapsed    | 696      |
|    total_timesteps | 219600   |
---------------------------------
---------------------------------
| rollout/           |          |
|    ep_len_mean     | 100      |
|    ep_rew_mean     | -100     |
|    success_rate    | 0        |
| time/              |          |
|    episodes        | 2196     |
|    fps             | 315      |
|    time_elapsed    | 696      |
|    total_timesteps | 219600   |
---------------------------------

Running evaluation at 220176 timesteps...
Successfully copied normalization stats
Evaluation results: {'eval/mean_reward': np.float32(-100.0), 'eval/std_reward': np.float32(0.0), 'eval/success_rate': np.float64(0.0)}
---------------------------------
| rollout/           |          |
|    ep_len_mean     | 100      |
|    ep_rew_mean     | -100     |
|    success_rate    | 0        |
| time/              |          |
|    episodes        | 2200     |
|    fps             | 307      |
|    time_elapsed    | 726      |
|    total_timesteps | 223200   |
| train/             |          |
|    actor_loss      | 0.664    |
|    critic_loss     | 0.00373  |
|    ent_coef        | 0.00277  |
|    ent_coef_loss   | -180     |
|    learning_rate   | 0.001    |
|    n_updates       | 5922     |
---------------------------------
---------------------------------
| rollout/           |          |
|    ep_len_mean     | 100      |
|    ep_rew_mean     | -100     |
|    success_rate    | 0        |
| time/              |          |
|    episodes        | 2204     |
|    fps             | 307      |
|    time_elapsed    | 726      |
|    total_timesteps | 223200   |
---------------------------------
---------------------------------
| rollout/           |          |
|    ep_len_mean     | 100      |
|    ep_rew_mean     | -100     |
|    success_rate    | 0        |
| time/              |          |
|    episodes        | 2208     |
|    fps             | 307      |
|    time_elapsed    | 726      |
|    total_timesteps | 223200   |
---------------------------------
---------------------------------
| rollout/           |          |
|    ep_len_mean     | 100      |
|    ep_rew_mean     | -100     |
|    success_rate    | 0        |
| time/              |          |
|    episodes        | 2212     |
|    fps             | 307      |
|    time_elapsed    | 726      |
|    total_timesteps | 223200   |
---------------------------------
---------------------------------
| rollout/           |          |
|    ep_len_mean     | 100      |
|    ep_rew_mean     | -100     |
|    success_rate    | 0        |
| time/              |          |
|    episodes        | 2216     |
|    fps             | 307      |
|    time_elapsed    | 726      |
|    total_timesteps | 223200   |
---------------------------------
---------------------------------
| rollout/           |          |
|    ep_len_mean     | 100      |
|    ep_rew_mean     | -100     |
|    success_rate    | 0        |
| time/              |          |
|    episodes        | 2220     |
|    fps             | 307      |
|    time_elapsed    | 726      |
|    total_timesteps | 223200   |
---------------------------------
---------------------------------
| rollout/           |          |
|    ep_len_mean     | 100      |
|    ep_rew_mean     | -100     |
|    success_rate    | 0        |
| time/              |          |
|    episodes        | 2224     |
|    fps             | 307      |
|    time_elapsed    | 726      |
|    total_timesteps | 223200   |
---------------------------------
---------------------------------
| rollout/           |          |
|    ep_len_mean     | 100      |
|    ep_rew_mean     | -100     |
|    success_rate    | 0        |
| time/              |          |
|    episodes        | 2228     |
|    fps             | 307      |
|    time_elapsed    | 726      |
|    total_timesteps | 223200   |
---------------------------------
---------------------------------
| rollout/           |          |
|    ep_len_mean     | 100      |
|    ep_rew_mean     | -100     |
|    success_rate    | 0        |
| time/              |          |
|    episodes        | 2232     |
|    fps             | 307      |
|    time_elapsed    | 726      |
|    total_timesteps | 223200   |
---------------------------------
---------------------------------
| rollout/           |          |
|    ep_len_mean     | 100      |
|    ep_rew_mean     | -100     |
|    success_rate    | 0        |
| time/              |          |
|    episodes        | 2236     |
|    fps             | 308      |
|    time_elapsed    | 734      |
|    total_timesteps | 226800   |
| train/             |          |
|    actor_loss      | 0.754    |
|    critic_loss     | 0.0036   |
|    ent_coef        | 0.00252  |
|    ent_coef_loss   | -180     |
|    learning_rate   | 0.001    |
|    n_updates       | 6022     |
---------------------------------
---------------------------------
| rollout/           |          |
|    ep_len_mean     | 100      |
|    ep_rew_mean     | -100     |
|    success_rate    | 0        |
| time/              |          |
|    episodes        | 2240     |
|    fps             | 308      |
|    time_elapsed    | 734      |
|    total_timesteps | 226800   |
---------------------------------
---------------------------------
| rollout/           |          |
|    ep_len_mean     | 100      |
|    ep_rew_mean     | -100     |
|    success_rate    | 0        |
| time/              |          |
|    episodes        | 2244     |
|    fps             | 308      |
|    time_elapsed    | 734      |
|    total_timesteps | 226800   |
---------------------------------
---------------------------------
| rollout/           |          |
|    ep_len_mean     | 100      |
|    ep_rew_mean     | -100     |
|    success_rate    | 0        |
| time/              |          |
|    episodes        | 2248     |
|    fps             | 308      |
|    time_elapsed    | 734      |
|    total_timesteps | 226800   |
---------------------------------
---------------------------------
| rollout/           |          |
|    ep_len_mean     | 100      |
|    ep_rew_mean     | -100     |
|    success_rate    | 0        |
| time/              |          |
|    episodes        | 2252     |
|    fps             | 308      |
|    time_elapsed    | 734      |
|    total_timesteps | 226800   |
---------------------------------
---------------------------------
| rollout/           |          |
|    ep_len_mean     | 100      |
|    ep_rew_mean     | -100     |
|    success_rate    | 0        |
| time/              |          |
|    episodes        | 2256     |
|    fps             | 308      |
|    time_elapsed    | 734      |
|    total_timesteps | 226800   |
---------------------------------
---------------------------------
| rollout/           |          |
|    ep_len_mean     | 100      |
|    ep_rew_mean     | -100     |
|    success_rate    | 0        |
| time/              |          |
|    episodes        | 2260     |
|    fps             | 308      |
|    time_elapsed    | 734      |
|    total_timesteps | 226800   |
---------------------------------
---------------------------------
| rollout/           |          |
|    ep_len_mean     | 100      |
|    ep_rew_mean     | -100     |
|    success_rate    | 0        |
| time/              |          |
|    episodes        | 2264     |
|    fps             | 308      |
|    time_elapsed    | 734      |
|    total_timesteps | 226800   |
---------------------------------
---------------------------------
| rollout/           |          |
|    ep_len_mean     | 100      |
|    ep_rew_mean     | -100     |
|    success_rate    | 0        |
| time/              |          |
|    episodes        | 2268     |
|    fps             | 308      |
|    time_elapsed    | 734      |
|    total_timesteps | 226800   |
---------------------------------
---------------------------------
| rollout/           |          |
|    ep_len_mean     | 100      |
|    ep_rew_mean     | -100     |
|    success_rate    | 0        |
| time/              |          |
|    episodes        | 2272     |
|    fps             | 310      |
|    time_elapsed    | 741      |
|    total_timesteps | 230400   |
| train/             |          |
|    actor_loss      | 0.861    |
|    critic_loss     | 0.00383  |
|    ent_coef        | 0.00229  |
|    ent_coef_loss   | -187     |
|    learning_rate   | 0.001    |
|    n_updates       | 6122     |
---------------------------------
---------------------------------
| rollout/           |          |
|    ep_len_mean     | 100      |
|    ep_rew_mean     | -100     |
|    success_rate    | 0        |
| time/              |          |
|    episodes        | 2276     |
|    fps             | 310      |
|    time_elapsed    | 742      |
|    total_timesteps | 230400   |
---------------------------------
---------------------------------
| rollout/           |          |
|    ep_len_mean     | 100      |
|    ep_rew_mean     | -100     |
|    success_rate    | 0        |
| time/              |          |
|    episodes        | 2280     |
|    fps             | 310      |
|    time_elapsed    | 742      |
|    total_timesteps | 230400   |
---------------------------------
---------------------------------
| rollout/           |          |
|    ep_len_mean     | 100      |
|    ep_rew_mean     | -100     |
|    success_rate    | 0        |
| time/              |          |
|    episodes        | 2284     |
|    fps             | 310      |
|    time_elapsed    | 742      |
|    total_timesteps | 230400   |
---------------------------------
---------------------------------
| rollout/           |          |
|    ep_len_mean     | 100      |
|    ep_rew_mean     | -100     |
|    success_rate    | 0        |
| time/              |          |
|    episodes        | 2288     |
|    fps             | 310      |
|    time_elapsed    | 742      |
|    total_timesteps | 230400   |
---------------------------------
---------------------------------
| rollout/           |          |
|    ep_len_mean     | 100      |
|    ep_rew_mean     | -100     |
|    success_rate    | 0        |
| time/              |          |
|    episodes        | 2292     |
|    fps             | 310      |
|    time_elapsed    | 742      |
|    total_timesteps | 230400   |
---------------------------------
---------------------------------
| rollout/           |          |
|    ep_len_mean     | 100      |
|    ep_rew_mean     | -100     |
|    success_rate    | 0        |
| time/              |          |
|    episodes        | 2296     |
|    fps             | 310      |
|    time_elapsed    | 742      |
|    total_timesteps | 230400   |
---------------------------------
---------------------------------
| rollout/           |          |
|    ep_len_mean     | 100      |
|    ep_rew_mean     | -100     |
|    success_rate    | 0        |
| time/              |          |
|    episodes        | 2300     |
|    fps             | 310      |
|    time_elapsed    | 742      |
|    total_timesteps | 230400   |
---------------------------------
---------------------------------
| rollout/           |          |
|    ep_len_mean     | 100      |
|    ep_rew_mean     | -100     |
|    success_rate    | 0        |
| time/              |          |
|    episodes        | 2304     |
|    fps             | 310      |
|    time_elapsed    | 742      |
|    total_timesteps | 230400   |
---------------------------------
---------------------------------
| rollout/           |          |
|    ep_len_mean     | 100      |
|    ep_rew_mean     | -100     |
|    success_rate    | 0        |
| time/              |          |
|    episodes        | 2308     |
|    fps             | 312      |
|    time_elapsed    | 749      |
|    total_timesteps | 234000   |
| train/             |          |
|    actor_loss      | 0.914    |
|    critic_loss     | 0.00357  |
|    ent_coef        | 0.00208  |
|    ent_coef_loss   | -183     |
|    learning_rate   | 0.001    |
|    n_updates       | 6222     |
---------------------------------
---------------------------------
| rollout/           |          |
|    ep_len_mean     | 100      |
|    ep_rew_mean     | -100     |
|    success_rate    | 0        |
| time/              |          |
|    episodes        | 2312     |
|    fps             | 312      |
|    time_elapsed    | 749      |
|    total_timesteps | 234000   |
---------------------------------
---------------------------------
| rollout/           |          |
|    ep_len_mean     | 100      |
|    ep_rew_mean     | -100     |
|    success_rate    | 0        |
| time/              |          |
|    episodes        | 2316     |
|    fps             | 312      |
|    time_elapsed    | 749      |
|    total_timesteps | 234000   |
---------------------------------
---------------------------------
| rollout/           |          |
|    ep_len_mean     | 100      |
|    ep_rew_mean     | -100     |
|    success_rate    | 0        |
| time/              |          |
|    episodes        | 2320     |
|    fps             | 312      |
|    time_elapsed    | 749      |
|    total_timesteps | 234000   |
---------------------------------
---------------------------------
| rollout/           |          |
|    ep_len_mean     | 100      |
|    ep_rew_mean     | -100     |
|    success_rate    | 0        |
| time/              |          |
|    episodes        | 2324     |
|    fps             | 312      |
|    time_elapsed    | 749      |
|    total_timesteps | 234000   |
---------------------------------
---------------------------------
| rollout/           |          |
|    ep_len_mean     | 100      |
|    ep_rew_mean     | -100     |
|    success_rate    | 0        |
| time/              |          |
|    episodes        | 2328     |
|    fps             | 312      |
|    time_elapsed    | 749      |
|    total_timesteps | 234000   |
---------------------------------
---------------------------------
| rollout/           |          |
|    ep_len_mean     | 100      |
|    ep_rew_mean     | -100     |
|    success_rate    | 0        |
| time/              |          |
|    episodes        | 2332     |
|    fps             | 312      |
|    time_elapsed    | 749      |
|    total_timesteps | 234000   |
---------------------------------
---------------------------------
| rollout/           |          |
|    ep_len_mean     | 100      |
|    ep_rew_mean     | -100     |
|    success_rate    | 0        |
| time/              |          |
|    episodes        | 2336     |
|    fps             | 312      |
|    time_elapsed    | 749      |
|    total_timesteps | 234000   |
---------------------------------
---------------------------------
| rollout/           |          |
|    ep_len_mean     | 100      |
|    ep_rew_mean     | -100     |
|    success_rate    | 0        |
| time/              |          |
|    episodes        | 2340     |
|    fps             | 312      |
|    time_elapsed    | 749      |
|    total_timesteps | 234000   |
---------------------------------
---------------------------------
| rollout/           |          |
|    ep_len_mean     | 100      |
|    ep_rew_mean     | -100     |
|    success_rate    | 0        |
| time/              |          |
|    episodes        | 2344     |
|    fps             | 313      |
|    time_elapsed    | 757      |
|    total_timesteps | 237600   |
| train/             |          |
|    actor_loss      | 0.937    |
|    critic_loss     | 0.00362  |
|    ent_coef        | 0.0019   |
|    ent_coef_loss   | -182     |
|    learning_rate   | 0.001    |
|    n_updates       | 6322     |
---------------------------------
---------------------------------
| rollout/           |          |
|    ep_len_mean     | 100      |
|    ep_rew_mean     | -100     |
|    success_rate    | 0        |
| time/              |          |
|    episodes        | 2348     |
|    fps             | 313      |
|    time_elapsed    | 757      |
|    total_timesteps | 237600   |
---------------------------------
---------------------------------
| rollout/           |          |
|    ep_len_mean     | 100      |
|    ep_rew_mean     | -100     |
|    success_rate    | 0        |
| time/              |          |
|    episodes        | 2352     |
|    fps             | 313      |
|    time_elapsed    | 757      |
|    total_timesteps | 237600   |
---------------------------------
---------------------------------
| rollout/           |          |
|    ep_len_mean     | 100      |
|    ep_rew_mean     | -100     |
|    success_rate    | 0        |
| time/              |          |
|    episodes        | 2356     |
|    fps             | 313      |
|    time_elapsed    | 757      |
|    total_timesteps | 237600   |
---------------------------------
---------------------------------
| rollout/           |          |
|    ep_len_mean     | 100      |
|    ep_rew_mean     | -100     |
|    success_rate    | 0        |
| time/              |          |
|    episodes        | 2360     |
|    fps             | 313      |
|    time_elapsed    | 757      |
|    total_timesteps | 237600   |
---------------------------------
---------------------------------
| rollout/           |          |
|    ep_len_mean     | 100      |
|    ep_rew_mean     | -100     |
|    success_rate    | 0        |
| time/              |          |
|    episodes        | 2364     |
|    fps             | 313      |
|    time_elapsed    | 757      |
|    total_timesteps | 237600   |
---------------------------------
---------------------------------
| rollout/           |          |
|    ep_len_mean     | 100      |
|    ep_rew_mean     | -100     |
|    success_rate    | 0        |
| time/              |          |
|    episodes        | 2368     |
|    fps             | 313      |
|    time_elapsed    | 757      |
|    total_timesteps | 237600   |
---------------------------------
---------------------------------
| rollout/           |          |
|    ep_len_mean     | 100      |
|    ep_rew_mean     | -100     |
|    success_rate    | 0        |
| time/              |          |
|    episodes        | 2372     |
|    fps             | 313      |
|    time_elapsed    | 757      |
|    total_timesteps | 237600   |
---------------------------------
---------------------------------
| rollout/           |          |
|    ep_len_mean     | 100      |
|    ep_rew_mean     | -100     |
|    success_rate    | 0        |
| time/              |          |
|    episodes        | 2376     |
|    fps             | 313      |
|    time_elapsed    | 757      |
|    total_timesteps | 237600   |
---------------------------------

Running evaluation at 240192 timesteps...
Successfully copied normalization stats
Evaluation results: {'eval/mean_reward': np.float32(-100.0), 'eval/std_reward': np.float32(0.0), 'eval/success_rate': np.float64(0.0)}
---------------------------------
| rollout/           |          |
|    ep_len_mean     | 100      |
|    ep_rew_mean     | -100     |
|    success_rate    | 0        |
| time/              |          |
|    episodes        | 2380     |
|    fps             | 306      |
|    time_elapsed    | 787      |
|    total_timesteps | 241200   |
| train/             |          |
|    actor_loss      | 1.07     |
|    critic_loss     | 0.00358  |
|    ent_coef        | 0.00173  |
|    ent_coef_loss   | -184     |
|    learning_rate   | 0.001    |
|    n_updates       | 6422     |
---------------------------------
---------------------------------
| rollout/           |          |
|    ep_len_mean     | 100      |
|    ep_rew_mean     | -100     |
|    success_rate    | 0        |
| time/              |          |
|    episodes        | 2384     |
|    fps             | 306      |
|    time_elapsed    | 787      |
|    total_timesteps | 241200   |
---------------------------------
---------------------------------
| rollout/           |          |
|    ep_len_mean     | 100      |
|    ep_rew_mean     | -100     |
|    success_rate    | 0        |
| time/              |          |
|    episodes        | 2388     |
|    fps             | 306      |
|    time_elapsed    | 787      |
|    total_timesteps | 241200   |
---------------------------------
---------------------------------
| rollout/           |          |
|    ep_len_mean     | 100      |
|    ep_rew_mean     | -100     |
|    success_rate    | 0        |
| time/              |          |
|    episodes        | 2392     |
|    fps             | 306      |
|    time_elapsed    | 787      |
|    total_timesteps | 241200   |
---------------------------------
---------------------------------
| rollout/           |          |
|    ep_len_mean     | 100      |
|    ep_rew_mean     | -100     |
|    success_rate    | 0        |
| time/              |          |
|    episodes        | 2396     |
|    fps             | 306      |
|    time_elapsed    | 787      |
|    total_timesteps | 241200   |
---------------------------------
---------------------------------
| rollout/           |          |
|    ep_len_mean     | 100      |
|    ep_rew_mean     | -100     |
|    success_rate    | 0        |
| time/              |          |
|    episodes        | 2400     |
|    fps             | 306      |
|    time_elapsed    | 787      |
|    total_timesteps | 241200   |
---------------------------------
---------------------------------
| rollout/           |          |
|    ep_len_mean     | 100      |
|    ep_rew_mean     | -100     |
|    success_rate    | 0        |
| time/              |          |
|    episodes        | 2404     |
|    fps             | 306      |
|    time_elapsed    | 787      |
|    total_timesteps | 241200   |
---------------------------------
---------------------------------
| rollout/           |          |
|    ep_len_mean     | 100      |
|    ep_rew_mean     | -100     |
|    success_rate    | 0        |
| time/              |          |
|    episodes        | 2408     |
|    fps             | 306      |
|    time_elapsed    | 787      |
|    total_timesteps | 241200   |
---------------------------------
---------------------------------
| rollout/           |          |
|    ep_len_mean     | 100      |
|    ep_rew_mean     | -100     |
|    success_rate    | 0        |
| time/              |          |
|    episodes        | 2412     |
|    fps             | 306      |
|    time_elapsed    | 787      |
|    total_timesteps | 241200   |
---------------------------------
---------------------------------
| rollout/           |          |
|    ep_len_mean     | 100      |
|    ep_rew_mean     | -100     |
|    success_rate    | 0        |
| time/              |          |
|    episodes        | 2416     |
|    fps             | 307      |
|    time_elapsed    | 795      |
|    total_timesteps | 244800   |
| train/             |          |
|    actor_loss      | 1.17     |
|    critic_loss     | 0.00364  |
|    ent_coef        | 0.00158  |
|    ent_coef_loss   | -185     |
|    learning_rate   | 0.001    |
|    n_updates       | 6522     |
---------------------------------
---------------------------------
| rollout/           |          |
|    ep_len_mean     | 100      |
|    ep_rew_mean     | -100     |
|    success_rate    | 0        |
| time/              |          |
|    episodes        | 2420     |
|    fps             | 307      |
|    time_elapsed    | 795      |
|    total_timesteps | 244800   |
---------------------------------
---------------------------------
| rollout/           |          |
|    ep_len_mean     | 100      |
|    ep_rew_mean     | -100     |
|    success_rate    | 0        |
| time/              |          |
|    episodes        | 2424     |
|    fps             | 307      |
|    time_elapsed    | 795      |
|    total_timesteps | 244800   |
---------------------------------
---------------------------------
| rollout/           |          |
|    ep_len_mean     | 100      |
|    ep_rew_mean     | -100     |
|    success_rate    | 0        |
| time/              |          |
|    episodes        | 2428     |
|    fps             | 307      |
|    time_elapsed    | 795      |
|    total_timesteps | 244800   |
---------------------------------
---------------------------------
| rollout/           |          |
|    ep_len_mean     | 100      |
|    ep_rew_mean     | -100     |
|    success_rate    | 0        |
| time/              |          |
|    episodes        | 2432     |
|    fps             | 307      |
|    time_elapsed    | 795      |
|    total_timesteps | 244800   |
---------------------------------
---------------------------------
| rollout/           |          |
|    ep_len_mean     | 100      |
|    ep_rew_mean     | -100     |
|    success_rate    | 0        |
| time/              |          |
|    episodes        | 2436     |
|    fps             | 307      |
|    time_elapsed    | 795      |
|    total_timesteps | 244800   |
---------------------------------
---------------------------------
| rollout/           |          |
|    ep_len_mean     | 100      |
|    ep_rew_mean     | -100     |
|    success_rate    | 0        |
| time/              |          |
|    episodes        | 2440     |
|    fps             | 307      |
|    time_elapsed    | 795      |
|    total_timesteps | 244800   |
---------------------------------
---------------------------------
| rollout/           |          |
|    ep_len_mean     | 100      |
|    ep_rew_mean     | -100     |
|    success_rate    | 0        |
| time/              |          |
|    episodes        | 2444     |
|    fps             | 307      |
|    time_elapsed    | 795      |
|    total_timesteps | 244800   |
---------------------------------
---------------------------------
| rollout/           |          |
|    ep_len_mean     | 100      |
|    ep_rew_mean     | -100     |
|    success_rate    | 0        |
| time/              |          |
|    episodes        | 2448     |
|    fps             | 307      |
|    time_elapsed    | 795      |
|    total_timesteps | 244800   |
---------------------------------
---------------------------------
| rollout/           |          |
|    ep_len_mean     | 100      |
|    ep_rew_mean     | -100     |
|    success_rate    | 0        |
| time/              |          |
|    episodes        | 2452     |
|    fps             | 309      |
|    time_elapsed    | 803      |
|    total_timesteps | 248400   |
| train/             |          |
|    actor_loss      | 1.18     |
|    critic_loss     | 0.00369  |
|    ent_coef        | 0.00144  |
|    ent_coef_loss   | -189     |
|    learning_rate   | 0.001    |
|    n_updates       | 6622     |
---------------------------------
---------------------------------
| rollout/           |          |
|    ep_len_mean     | 100      |
|    ep_rew_mean     | -100     |
|    success_rate    | 0        |
| time/              |          |
|    episodes        | 2456     |
|    fps             | 309      |
|    time_elapsed    | 803      |
|    total_timesteps | 248400   |
---------------------------------
---------------------------------
| rollout/           |          |
|    ep_len_mean     | 100      |
|    ep_rew_mean     | -100     |
|    success_rate    | 0        |
| time/              |          |
|    episodes        | 2460     |
|    fps             | 309      |
|    time_elapsed    | 803      |
|    total_timesteps | 248400   |
---------------------------------
---------------------------------
| rollout/           |          |
|    ep_len_mean     | 100      |
|    ep_rew_mean     | -100     |
|    success_rate    | 0        |
| time/              |          |
|    episodes        | 2464     |
|    fps             | 309      |
|    time_elapsed    | 803      |
|    total_timesteps | 248400   |
---------------------------------
---------------------------------
| rollout/           |          |
|    ep_len_mean     | 100      |
|    ep_rew_mean     | -100     |
|    success_rate    | 0        |
| time/              |          |
|    episodes        | 2468     |
|    fps             | 309      |
|    time_elapsed    | 803      |
|    total_timesteps | 248400   |
---------------------------------
---------------------------------
| rollout/           |          |
|    ep_len_mean     | 100      |
|    ep_rew_mean     | -100     |
|    success_rate    | 0        |
| time/              |          |
|    episodes        | 2472     |
|    fps             | 309      |
|    time_elapsed    | 803      |
|    total_timesteps | 248400   |
---------------------------------
---------------------------------
| rollout/           |          |
|    ep_len_mean     | 100      |
|    ep_rew_mean     | -100     |
|    success_rate    | 0        |
| time/              |          |
|    episodes        | 2476     |
|    fps             | 309      |
|    time_elapsed    | 803      |
|    total_timesteps | 248400   |
---------------------------------
---------------------------------
| rollout/           |          |
|    ep_len_mean     | 100      |
|    ep_rew_mean     | -100     |
|    success_rate    | 0        |
| time/              |          |
|    episodes        | 2480     |
|    fps             | 309      |
|    time_elapsed    | 803      |
|    total_timesteps | 248400   |
---------------------------------
---------------------------------
| rollout/           |          |
|    ep_len_mean     | 100      |
|    ep_rew_mean     | -100     |
|    success_rate    | 0        |
| time/              |          |
|    episodes        | 2484     |
|    fps             | 309      |
|    time_elapsed    | 803      |
|    total_timesteps | 248400   |
---------------------------------
---------------------------------
| rollout/           |          |
|    ep_len_mean     | 100      |
|    ep_rew_mean     | -100     |
|    success_rate    | 0        |
| time/              |          |
|    episodes        | 2488     |
|    fps             | 310      |
|    time_elapsed    | 811      |
|    total_timesteps | 252000   |
| train/             |          |
|    actor_loss      | 1.23     |
|    critic_loss     | 0.00344  |
|    ent_coef        | 0.00131  |
|    ent_coef_loss   | -186     |
|    learning_rate   | 0.001    |
|    n_updates       | 6722     |
---------------------------------
---------------------------------
| rollout/           |          |
|    ep_len_mean     | 100      |
|    ep_rew_mean     | -100     |
|    success_rate    | 0        |
| time/              |          |
|    episodes        | 2492     |
|    fps             | 310      |
|    time_elapsed    | 811      |
|    total_timesteps | 252000   |
---------------------------------
---------------------------------
| rollout/           |          |
|    ep_len_mean     | 100      |
|    ep_rew_mean     | -100     |
|    success_rate    | 0        |
| time/              |          |
|    episodes        | 2496     |
|    fps             | 310      |
|    time_elapsed    | 811      |
|    total_timesteps | 252000   |
---------------------------------
---------------------------------
| rollout/           |          |
|    ep_len_mean     | 100      |
|    ep_rew_mean     | -100     |
|    success_rate    | 0        |
| time/              |          |
|    episodes        | 2500     |
|    fps             | 310      |
|    time_elapsed    | 811      |
|    total_timesteps | 252000   |
---------------------------------
---------------------------------
| rollout/           |          |
|    ep_len_mean     | 100      |
|    ep_rew_mean     | -100     |
|    success_rate    | 0        |
| time/              |          |
|    episodes        | 2504     |
|    fps             | 310      |
|    time_elapsed    | 811      |
|    total_timesteps | 252000   |
---------------------------------
---------------------------------
| rollout/           |          |
|    ep_len_mean     | 100      |
|    ep_rew_mean     | -100     |
|    success_rate    | 0        |
| time/              |          |
|    episodes        | 2508     |
|    fps             | 310      |
|    time_elapsed    | 811      |
|    total_timesteps | 252000   |
---------------------------------
---------------------------------
| rollout/           |          |
|    ep_len_mean     | 100      |
|    ep_rew_mean     | -100     |
|    success_rate    | 0        |
| time/              |          |
|    episodes        | 2512     |
|    fps             | 310      |
|    time_elapsed    | 811      |
|    total_timesteps | 252000   |
---------------------------------
---------------------------------
| rollout/           |          |
|    ep_len_mean     | 100      |
|    ep_rew_mean     | -100     |
|    success_rate    | 0        |
| time/              |          |
|    episodes        | 2516     |
|    fps             | 310      |
|    time_elapsed    | 811      |
|    total_timesteps | 252000   |
---------------------------------
---------------------------------
| rollout/           |          |
|    ep_len_mean     | 100      |
|    ep_rew_mean     | -100     |
|    success_rate    | 0        |
| time/              |          |
|    episodes        | 2520     |
|    fps             | 310      |
|    time_elapsed    | 811      |
|    total_timesteps | 252000   |
---------------------------------
---------------------------------
| rollout/           |          |
|    ep_len_mean     | 100      |
|    ep_rew_mean     | -100     |
|    success_rate    | 0        |
| time/              |          |
|    episodes        | 2524     |
|    fps             | 311      |
|    time_elapsed    | 819      |
|    total_timesteps | 255600   |
| train/             |          |
|    actor_loss      | 1.32     |
|    critic_loss     | 0.00361  |
|    ent_coef        | 0.0012   |
|    ent_coef_loss   | -181     |
|    learning_rate   | 0.001    |
|    n_updates       | 6822     |
---------------------------------
---------------------------------
| rollout/           |          |
|    ep_len_mean     | 100      |
|    ep_rew_mean     | -100     |
|    success_rate    | 0        |
| time/              |          |
|    episodes        | 2528     |
|    fps             | 311      |
|    time_elapsed    | 819      |
|    total_timesteps | 255600   |
---------------------------------
---------------------------------
| rollout/           |          |
|    ep_len_mean     | 100      |
|    ep_rew_mean     | -100     |
|    success_rate    | 0        |
| time/              |          |
|    episodes        | 2532     |
|    fps             | 311      |
|    time_elapsed    | 819      |
|    total_timesteps | 255600   |
---------------------------------
---------------------------------
| rollout/           |          |
|    ep_len_mean     | 100      |
|    ep_rew_mean     | -100     |
|    success_rate    | 0        |
| time/              |          |
|    episodes        | 2536     |
|    fps             | 311      |
|    time_elapsed    | 819      |
|    total_timesteps | 255600   |
---------------------------------
---------------------------------
| rollout/           |          |
|    ep_len_mean     | 100      |
|    ep_rew_mean     | -100     |
|    success_rate    | 0        |
| time/              |          |
|    episodes        | 2540     |
|    fps             | 311      |
|    time_elapsed    | 819      |
|    total_timesteps | 255600   |
---------------------------------
---------------------------------
| rollout/           |          |
|    ep_len_mean     | 100      |
|    ep_rew_mean     | -100     |
|    success_rate    | 0        |
| time/              |          |
|    episodes        | 2544     |
|    fps             | 311      |
|    time_elapsed    | 819      |
|    total_timesteps | 255600   |
---------------------------------
---------------------------------
| rollout/           |          |
|    ep_len_mean     | 100      |
|    ep_rew_mean     | -100     |
|    success_rate    | 0        |
| time/              |          |
|    episodes        | 2548     |
|    fps             | 311      |
|    time_elapsed    | 819      |
|    total_timesteps | 255600   |
---------------------------------
---------------------------------
| rollout/           |          |
|    ep_len_mean     | 100      |
|    ep_rew_mean     | -100     |
|    success_rate    | 0        |
| time/              |          |
|    episodes        | 2552     |
|    fps             | 311      |
|    time_elapsed    | 819      |
|    total_timesteps | 255600   |
---------------------------------
---------------------------------
| rollout/           |          |
|    ep_len_mean     | 100      |
|    ep_rew_mean     | -100     |
|    success_rate    | 0        |
| time/              |          |
|    episodes        | 2556     |
|    fps             | 311      |
|    time_elapsed    | 819      |
|    total_timesteps | 255600   |
---------------------------------
---------------------------------
| rollout/           |          |
|    ep_len_mean     | 100      |
|    ep_rew_mean     | -100     |
|    success_rate    | 0        |
| time/              |          |
|    episodes        | 2560     |
|    fps             | 313      |
|    time_elapsed    | 827      |
|    total_timesteps | 259200   |
| train/             |          |
|    actor_loss      | 1.36     |
|    critic_loss     | 0.00317  |
|    ent_coef        | 0.0011   |
|    ent_coef_loss   | -185     |
|    learning_rate   | 0.001    |
|    n_updates       | 6922     |
---------------------------------
---------------------------------
| rollout/           |          |
|    ep_len_mean     | 100      |
|    ep_rew_mean     | -100     |
|    success_rate    | 0        |
| time/              |          |
|    episodes        | 2564     |
|    fps             | 313      |
|    time_elapsed    | 827      |
|    total_timesteps | 259200   |
---------------------------------
---------------------------------
| rollout/           |          |
|    ep_len_mean     | 100      |
|    ep_rew_mean     | -100     |
|    success_rate    | 0        |
| time/              |          |
|    episodes        | 2568     |
|    fps             | 313      |
|    time_elapsed    | 827      |
|    total_timesteps | 259200   |
---------------------------------
---------------------------------
| rollout/           |          |
|    ep_len_mean     | 100      |
|    ep_rew_mean     | -100     |
|    success_rate    | 0        |
| time/              |          |
|    episodes        | 2572     |
|    fps             | 313      |
|    time_elapsed    | 827      |
|    total_timesteps | 259200   |
---------------------------------
---------------------------------
| rollout/           |          |
|    ep_len_mean     | 100      |
|    ep_rew_mean     | -100     |
|    success_rate    | 0        |
| time/              |          |
|    episodes        | 2576     |
|    fps             | 313      |
|    time_elapsed    | 827      |
|    total_timesteps | 259200   |
---------------------------------
---------------------------------
| rollout/           |          |
|    ep_len_mean     | 100      |
|    ep_rew_mean     | -100     |
|    success_rate    | 0        |
| time/              |          |
|    episodes        | 2580     |
|    fps             | 313      |
|    time_elapsed    | 827      |
|    total_timesteps | 259200   |
---------------------------------
---------------------------------
| rollout/           |          |
|    ep_len_mean     | 100      |
|    ep_rew_mean     | -100     |
|    success_rate    | 0        |
| time/              |          |
|    episodes        | 2584     |
|    fps             | 313      |
|    time_elapsed    | 827      |
|    total_timesteps | 259200   |
---------------------------------
---------------------------------
| rollout/           |          |
|    ep_len_mean     | 100      |
|    ep_rew_mean     | -100     |
|    success_rate    | 0        |
| time/              |          |
|    episodes        | 2588     |
|    fps             | 313      |
|    time_elapsed    | 827      |
|    total_timesteps | 259200   |
---------------------------------
---------------------------------
| rollout/           |          |
|    ep_len_mean     | 100      |
|    ep_rew_mean     | -100     |
|    success_rate    | 0        |
| time/              |          |
|    episodes        | 2592     |
|    fps             | 313      |
|    time_elapsed    | 827      |
|    total_timesteps | 259200   |
---------------------------------

Running evaluation at 260208 timesteps...
Successfully copied normalization stats
Evaluation results: {'eval/mean_reward': np.float32(-100.0), 'eval/std_reward': np.float32(0.0), 'eval/success_rate': np.float64(0.0)}
---------------------------------
| rollout/           |          |
|    ep_len_mean     | 100      |
|    ep_rew_mean     | -100     |
|    success_rate    | 0        |
| time/              |          |
|    episodes        | 2596     |
|    fps             | 305      |
|    time_elapsed    | 859      |
|    total_timesteps | 262800   |
| train/             |          |
|    actor_loss      | 1.42     |
|    critic_loss     | 0.00332  |
|    ent_coef        | 0.001    |
|    ent_coef_loss   | -174     |
|    learning_rate   | 0.001    |
|    n_updates       | 7022     |
---------------------------------
---------------------------------
| rollout/           |          |
|    ep_len_mean     | 100      |
|    ep_rew_mean     | -100     |
|    success_rate    | 0        |
| time/              |          |
|    episodes        | 2600     |
|    fps             | 305      |
|    time_elapsed    | 859      |
|    total_timesteps | 262800   |
---------------------------------
---------------------------------
| rollout/           |          |
|    ep_len_mean     | 100      |
|    ep_rew_mean     | -100     |
|    success_rate    | 0        |
| time/              |          |
|    episodes        | 2604     |
|    fps             | 305      |
|    time_elapsed    | 859      |
|    total_timesteps | 262800   |
---------------------------------
---------------------------------
| rollout/           |          |
|    ep_len_mean     | 100      |
|    ep_rew_mean     | -100     |
|    success_rate    | 0        |
| time/              |          |
|    episodes        | 2608     |
|    fps             | 305      |
|    time_elapsed    | 859      |
|    total_timesteps | 262800   |
---------------------------------
---------------------------------
| rollout/           |          |
|    ep_len_mean     | 100      |
|    ep_rew_mean     | -100     |
|    success_rate    | 0        |
| time/              |          |
|    episodes        | 2612     |
|    fps             | 305      |
|    time_elapsed    | 859      |
|    total_timesteps | 262800   |
---------------------------------
---------------------------------
| rollout/           |          |
|    ep_len_mean     | 100      |
|    ep_rew_mean     | -100     |
|    success_rate    | 0        |
| time/              |          |
|    episodes        | 2616     |
|    fps             | 305      |
|    time_elapsed    | 859      |
|    total_timesteps | 262800   |
---------------------------------
---------------------------------
| rollout/           |          |
|    ep_len_mean     | 100      |
|    ep_rew_mean     | -100     |
|    success_rate    | 0        |
| time/              |          |
|    episodes        | 2620     |
|    fps             | 305      |
|    time_elapsed    | 859      |
|    total_timesteps | 262800   |
---------------------------------
---------------------------------
| rollout/           |          |
|    ep_len_mean     | 100      |
|    ep_rew_mean     | -100     |
|    success_rate    | 0        |
| time/              |          |
|    episodes        | 2624     |
|    fps             | 305      |
|    time_elapsed    | 859      |
|    total_timesteps | 262800   |
---------------------------------
---------------------------------
| rollout/           |          |
|    ep_len_mean     | 100      |
|    ep_rew_mean     | -100     |
|    success_rate    | 0        |
| time/              |          |
|    episodes        | 2628     |
|    fps             | 305      |
|    time_elapsed    | 859      |
|    total_timesteps | 262800   |
---------------------------------
---------------------------------
| rollout/           |          |
|    ep_len_mean     | 100      |
|    ep_rew_mean     | -100     |
|    success_rate    | 0        |
| time/              |          |
|    episodes        | 2632     |
|    fps             | 307      |
|    time_elapsed    | 867      |
|    total_timesteps | 266400   |
| train/             |          |
|    actor_loss      | 1.44     |
|    critic_loss     | 0.00324  |
|    ent_coef        | 0.000917 |
|    ent_coef_loss   | -173     |
|    learning_rate   | 0.001    |
|    n_updates       | 7122     |
---------------------------------
---------------------------------
| rollout/           |          |
|    ep_len_mean     | 100      |
|    ep_rew_mean     | -100     |
|    success_rate    | 0        |
| time/              |          |
|    episodes        | 2636     |
|    fps             | 307      |
|    time_elapsed    | 867      |
|    total_timesteps | 266400   |
---------------------------------
---------------------------------
| rollout/           |          |
|    ep_len_mean     | 100      |
|    ep_rew_mean     | -100     |
|    success_rate    | 0        |
| time/              |          |
|    episodes        | 2640     |
|    fps             | 307      |
|    time_elapsed    | 867      |
|    total_timesteps | 266400   |
---------------------------------
---------------------------------
| rollout/           |          |
|    ep_len_mean     | 100      |
|    ep_rew_mean     | -100     |
|    success_rate    | 0        |
| time/              |          |
|    episodes        | 2644     |
|    fps             | 307      |
|    time_elapsed    | 867      |
|    total_timesteps | 266400   |
---------------------------------
---------------------------------
| rollout/           |          |
|    ep_len_mean     | 100      |
|    ep_rew_mean     | -100     |
|    success_rate    | 0        |
| time/              |          |
|    episodes        | 2648     |
|    fps             | 307      |
|    time_elapsed    | 867      |
|    total_timesteps | 266400   |
---------------------------------
---------------------------------
| rollout/           |          |
|    ep_len_mean     | 100      |
|    ep_rew_mean     | -100     |
|    success_rate    | 0        |
| time/              |          |
|    episodes        | 2652     |
|    fps             | 307      |
|    time_elapsed    | 867      |
|    total_timesteps | 266400   |
---------------------------------
---------------------------------
| rollout/           |          |
|    ep_len_mean     | 100      |
|    ep_rew_mean     | -100     |
|    success_rate    | 0        |
| time/              |          |
|    episodes        | 2656     |
|    fps             | 307      |
|    time_elapsed    | 867      |
|    total_timesteps | 266400   |
---------------------------------
---------------------------------
| rollout/           |          |
|    ep_len_mean     | 100      |
|    ep_rew_mean     | -100     |
|    success_rate    | 0        |
| time/              |          |
|    episodes        | 2660     |
|    fps             | 307      |
|    time_elapsed    | 867      |
|    total_timesteps | 266400   |
---------------------------------
---------------------------------
| rollout/           |          |
|    ep_len_mean     | 100      |
|    ep_rew_mean     | -100     |
|    success_rate    | 0        |
| time/              |          |
|    episodes        | 2664     |
|    fps             | 307      |
|    time_elapsed    | 867      |
|    total_timesteps | 266400   |
---------------------------------
---------------------------------
| rollout/           |          |
|    ep_len_mean     | 100      |
|    ep_rew_mean     | -100     |
|    success_rate    | 0        |
| time/              |          |
|    episodes        | 2668     |
|    fps             | 308      |
|    time_elapsed    | 875      |
|    total_timesteps | 270000   |
| train/             |          |
|    actor_loss      | 1.5      |
|    critic_loss     | 0.00332  |
|    ent_coef        | 0.000841 |
|    ent_coef_loss   | -181     |
|    learning_rate   | 0.001    |
|    n_updates       | 7222     |
---------------------------------
---------------------------------
| rollout/           |          |
|    ep_len_mean     | 100      |
|    ep_rew_mean     | -100     |
|    success_rate    | 0        |
| time/              |          |
|    episodes        | 2672     |
|    fps             | 308      |
|    time_elapsed    | 875      |
|    total_timesteps | 270000   |
---------------------------------
---------------------------------
| rollout/           |          |
|    ep_len_mean     | 100      |
|    ep_rew_mean     | -100     |
|    success_rate    | 0        |
| time/              |          |
|    episodes        | 2676     |
|    fps             | 308      |
|    time_elapsed    | 875      |
|    total_timesteps | 270000   |
---------------------------------
---------------------------------
| rollout/           |          |
|    ep_len_mean     | 100      |
|    ep_rew_mean     | -100     |
|    success_rate    | 0        |
| time/              |          |
|    episodes        | 2680     |
|    fps             | 308      |
|    time_elapsed    | 875      |
|    total_timesteps | 270000   |
---------------------------------
---------------------------------
| rollout/           |          |
|    ep_len_mean     | 100      |
|    ep_rew_mean     | -100     |
|    success_rate    | 0        |
| time/              |          |
|    episodes        | 2684     |
|    fps             | 308      |
|    time_elapsed    | 875      |
|    total_timesteps | 270000   |
---------------------------------
---------------------------------
| rollout/           |          |
|    ep_len_mean     | 100      |
|    ep_rew_mean     | -100     |
|    success_rate    | 0        |
| time/              |          |
|    episodes        | 2688     |
|    fps             | 308      |
|    time_elapsed    | 875      |
|    total_timesteps | 270000   |
---------------------------------
---------------------------------
| rollout/           |          |
|    ep_len_mean     | 100      |
|    ep_rew_mean     | -100     |
|    success_rate    | 0        |
| time/              |          |
|    episodes        | 2692     |
|    fps             | 308      |
|    time_elapsed    | 875      |
|    total_timesteps | 270000   |
---------------------------------
---------------------------------
| rollout/           |          |
|    ep_len_mean     | 100      |
|    ep_rew_mean     | -100     |
|    success_rate    | 0        |
| time/              |          |
|    episodes        | 2696     |
|    fps             | 308      |
|    time_elapsed    | 875      |
|    total_timesteps | 270000   |
---------------------------------
---------------------------------
| rollout/           |          |
|    ep_len_mean     | 100      |
|    ep_rew_mean     | -100     |
|    success_rate    | 0        |
| time/              |          |
|    episodes        | 2700     |
|    fps             | 308      |
|    time_elapsed    | 875      |
|    total_timesteps | 270000   |
---------------------------------
---------------------------------
| rollout/           |          |
|    ep_len_mean     | 100      |
|    ep_rew_mean     | -100     |
|    success_rate    | 0        |
| time/              |          |
|    episodes        | 2704     |
|    fps             | 309      |
|    time_elapsed    | 883      |
|    total_timesteps | 273600   |
| train/             |          |
|    actor_loss      | 1.49     |
|    critic_loss     | 0.00314  |
|    ent_coef        | 0.000772 |
|    ent_coef_loss   | -177     |
|    learning_rate   | 0.001    |
|    n_updates       | 7322     |
---------------------------------
---------------------------------
| rollout/           |          |
|    ep_len_mean     | 100      |
|    ep_rew_mean     | -100     |
|    success_rate    | 0        |
| time/              |          |
|    episodes        | 2708     |
|    fps             | 309      |
|    time_elapsed    | 883      |
|    total_timesteps | 273600   |
---------------------------------
---------------------------------
| rollout/           |          |
|    ep_len_mean     | 100      |
|    ep_rew_mean     | -100     |
|    success_rate    | 0        |
| time/              |          |
|    episodes        | 2712     |
|    fps             | 309      |
|    time_elapsed    | 883      |
|    total_timesteps | 273600   |
---------------------------------
---------------------------------
| rollout/           |          |
|    ep_len_mean     | 100      |
|    ep_rew_mean     | -100     |
|    success_rate    | 0        |
| time/              |          |
|    episodes        | 2716     |
|    fps             | 309      |
|    time_elapsed    | 883      |
|    total_timesteps | 273600   |
---------------------------------
---------------------------------
| rollout/           |          |
|    ep_len_mean     | 100      |
|    ep_rew_mean     | -100     |
|    success_rate    | 0        |
| time/              |          |
|    episodes        | 2720     |
|    fps             | 309      |
|    time_elapsed    | 883      |
|    total_timesteps | 273600   |
---------------------------------
---------------------------------
| rollout/           |          |
|    ep_len_mean     | 100      |
|    ep_rew_mean     | -100     |
|    success_rate    | 0        |
| time/              |          |
|    episodes        | 2724     |
|    fps             | 309      |
|    time_elapsed    | 883      |
|    total_timesteps | 273600   |
---------------------------------
---------------------------------
| rollout/           |          |
|    ep_len_mean     | 100      |
|    ep_rew_mean     | -100     |
|    success_rate    | 0        |
| time/              |          |
|    episodes        | 2728     |
|    fps             | 309      |
|    time_elapsed    | 883      |
|    total_timesteps | 273600   |
---------------------------------
---------------------------------
| rollout/           |          |
|    ep_len_mean     | 100      |
|    ep_rew_mean     | -100     |
|    success_rate    | 0        |
| time/              |          |
|    episodes        | 2732     |
|    fps             | 309      |
|    time_elapsed    | 883      |
|    total_timesteps | 273600   |
---------------------------------
---------------------------------
| rollout/           |          |
|    ep_len_mean     | 100      |
|    ep_rew_mean     | -100     |
|    success_rate    | 0        |
| time/              |          |
|    episodes        | 2736     |
|    fps             | 309      |
|    time_elapsed    | 883      |
|    total_timesteps | 273600   |
---------------------------------
---------------------------------
| rollout/           |          |
|    ep_len_mean     | 100      |
|    ep_rew_mean     | -100     |
|    success_rate    | 0        |
| time/              |          |
|    episodes        | 2740     |
|    fps             | 311      |
|    time_elapsed    | 890      |
|    total_timesteps | 277200   |
| train/             |          |
|    actor_loss      | 1.58     |
|    critic_loss     | 0.00282  |
|    ent_coef        | 0.00071  |
|    ent_coef_loss   | -167     |
|    learning_rate   | 0.001    |
|    n_updates       | 7422     |
---------------------------------
---------------------------------
| rollout/           |          |
|    ep_len_mean     | 100      |
|    ep_rew_mean     | -100     |
|    success_rate    | 0        |
| time/              |          |
|    episodes        | 2744     |
|    fps             | 311      |
|    time_elapsed    | 890      |
|    total_timesteps | 277200   |
---------------------------------
---------------------------------
| rollout/           |          |
|    ep_len_mean     | 100      |
|    ep_rew_mean     | -100     |
|    success_rate    | 0        |
| time/              |          |
|    episodes        | 2748     |
|    fps             | 311      |
|    time_elapsed    | 890      |
|    total_timesteps | 277200   |
---------------------------------
---------------------------------
| rollout/           |          |
|    ep_len_mean     | 100      |
|    ep_rew_mean     | -100     |
|    success_rate    | 0        |
| time/              |          |
|    episodes        | 2752     |
|    fps             | 311      |
|    time_elapsed    | 890      |
|    total_timesteps | 277200   |
---------------------------------
---------------------------------
| rollout/           |          |
|    ep_len_mean     | 100      |
|    ep_rew_mean     | -100     |
|    success_rate    | 0        |
| time/              |          |
|    episodes        | 2756     |
|    fps             | 311      |
|    time_elapsed    | 890      |
|    total_timesteps | 277200   |
---------------------------------
---------------------------------
| rollout/           |          |
|    ep_len_mean     | 100      |
|    ep_rew_mean     | -100     |
|    success_rate    | 0        |
| time/              |          |
|    episodes        | 2760     |
|    fps             | 311      |
|    time_elapsed    | 890      |
|    total_timesteps | 277200   |
---------------------------------
---------------------------------
| rollout/           |          |
|    ep_len_mean     | 100      |
|    ep_rew_mean     | -100     |
|    success_rate    | 0        |
| time/              |          |
|    episodes        | 2764     |
|    fps             | 311      |
|    time_elapsed    | 890      |
|    total_timesteps | 277200   |
---------------------------------
---------------------------------
| rollout/           |          |
|    ep_len_mean     | 100      |
|    ep_rew_mean     | -100     |
|    success_rate    | 0        |
| time/              |          |
|    episodes        | 2768     |
|    fps             | 311      |
|    time_elapsed    | 890      |
|    total_timesteps | 277200   |
---------------------------------
---------------------------------
| rollout/           |          |
|    ep_len_mean     | 100      |
|    ep_rew_mean     | -100     |
|    success_rate    | 0        |
| time/              |          |
|    episodes        | 2772     |
|    fps             | 311      |
|    time_elapsed    | 890      |
|    total_timesteps | 277200   |
---------------------------------

Running evaluation at 280224 timesteps...
Successfully copied normalization stats
Evaluation results: {'eval/mean_reward': np.float32(-100.0), 'eval/std_reward': np.float32(0.0), 'eval/success_rate': np.float64(0.0)}
---------------------------------
| rollout/           |          |
|    ep_len_mean     | 100      |
|    ep_rew_mean     | -100     |
|    success_rate    | 0        |
| time/              |          |
|    episodes        | 2776     |
|    fps             | 304      |
|    time_elapsed    | 921      |
|    total_timesteps | 280800   |
| train/             |          |
|    actor_loss      | 1.65     |
|    critic_loss     | 0.00321  |
|    ent_coef        | 0.000653 |
|    ent_coef_loss   | -163     |
|    learning_rate   | 0.001    |
|    n_updates       | 7522     |
---------------------------------
---------------------------------
| rollout/           |          |
|    ep_len_mean     | 100      |
|    ep_rew_mean     | -100     |
|    success_rate    | 0        |
| time/              |          |
|    episodes        | 2780     |
|    fps             | 304      |
|    time_elapsed    | 921      |
|    total_timesteps | 280800   |
---------------------------------
---------------------------------
| rollout/           |          |
|    ep_len_mean     | 100      |
|    ep_rew_mean     | -100     |
|    success_rate    | 0        |
| time/              |          |
|    episodes        | 2784     |
|    fps             | 304      |
|    time_elapsed    | 921      |
|    total_timesteps | 280800   |
---------------------------------
---------------------------------
| rollout/           |          |
|    ep_len_mean     | 100      |
|    ep_rew_mean     | -100     |
|    success_rate    | 0        |
| time/              |          |
|    episodes        | 2788     |
|    fps             | 304      |
|    time_elapsed    | 921      |
|    total_timesteps | 280800   |
---------------------------------
---------------------------------
| rollout/           |          |
|    ep_len_mean     | 100      |
|    ep_rew_mean     | -100     |
|    success_rate    | 0        |
| time/              |          |
|    episodes        | 2792     |
|    fps             | 304      |
|    time_elapsed    | 921      |
|    total_timesteps | 280800   |
---------------------------------
---------------------------------
| rollout/           |          |
|    ep_len_mean     | 100      |
|    ep_rew_mean     | -100     |
|    success_rate    | 0        |
| time/              |          |
|    episodes        | 2796     |
|    fps             | 304      |
|    time_elapsed    | 921      |
|    total_timesteps | 280800   |
---------------------------------
---------------------------------
| rollout/           |          |
|    ep_len_mean     | 100      |
|    ep_rew_mean     | -100     |
|    success_rate    | 0        |
| time/              |          |
|    episodes        | 2800     |
|    fps             | 304      |
|    time_elapsed    | 921      |
|    total_timesteps | 280800   |
---------------------------------
---------------------------------
| rollout/           |          |
|    ep_len_mean     | 100      |
|    ep_rew_mean     | -100     |
|    success_rate    | 0        |
| time/              |          |
|    episodes        | 2804     |
|    fps             | 304      |
|    time_elapsed    | 921      |
|    total_timesteps | 280800   |
---------------------------------
---------------------------------
| rollout/           |          |
|    ep_len_mean     | 100      |
|    ep_rew_mean     | -100     |
|    success_rate    | 0        |
| time/              |          |
|    episodes        | 2808     |
|    fps             | 304      |
|    time_elapsed    | 921      |
|    total_timesteps | 280800   |
---------------------------------
---------------------------------
| rollout/           |          |
|    ep_len_mean     | 100      |
|    ep_rew_mean     | -100     |
|    success_rate    | 0        |
| time/              |          |
|    episodes        | 2812     |
|    fps             | 305      |
|    time_elapsed    | 929      |
|    total_timesteps | 284400   |
| train/             |          |
|    actor_loss      | 1.65     |
|    critic_loss     | 0.00361  |
|    ent_coef        | 0.000602 |
|    ent_coef_loss   | -168     |
|    learning_rate   | 0.001    |
|    n_updates       | 7622     |
---------------------------------
---------------------------------
| rollout/           |          |
|    ep_len_mean     | 100      |
|    ep_rew_mean     | -100     |
|    success_rate    | 0        |
| time/              |          |
|    episodes        | 2816     |
|    fps             | 305      |
|    time_elapsed    | 929      |
|    total_timesteps | 284400   |
---------------------------------
---------------------------------
| rollout/           |          |
|    ep_len_mean     | 100      |
|    ep_rew_mean     | -100     |
|    success_rate    | 0        |
| time/              |          |
|    episodes        | 2820     |
|    fps             | 305      |
|    time_elapsed    | 929      |
|    total_timesteps | 284400   |
---------------------------------
---------------------------------
| rollout/           |          |
|    ep_len_mean     | 100      |
|    ep_rew_mean     | -100     |
|    success_rate    | 0        |
| time/              |          |
|    episodes        | 2824     |
|    fps             | 305      |
|    time_elapsed    | 929      |
|    total_timesteps | 284400   |
---------------------------------
---------------------------------
| rollout/           |          |
|    ep_len_mean     | 100      |
|    ep_rew_mean     | -100     |
|    success_rate    | 0        |
| time/              |          |
|    episodes        | 2828     |
|    fps             | 305      |
|    time_elapsed    | 929      |
|    total_timesteps | 284400   |
---------------------------------
---------------------------------
| rollout/           |          |
|    ep_len_mean     | 100      |
|    ep_rew_mean     | -100     |
|    success_rate    | 0        |
| time/              |          |
|    episodes        | 2832     |
|    fps             | 305      |
|    time_elapsed    | 929      |
|    total_timesteps | 284400   |
---------------------------------
---------------------------------
| rollout/           |          |
|    ep_len_mean     | 100      |
|    ep_rew_mean     | -100     |
|    success_rate    | 0        |
| time/              |          |
|    episodes        | 2836     |
|    fps             | 305      |
|    time_elapsed    | 929      |
|    total_timesteps | 284400   |
---------------------------------
---------------------------------
| rollout/           |          |
|    ep_len_mean     | 100      |
|    ep_rew_mean     | -100     |
|    success_rate    | 0        |
| time/              |          |
|    episodes        | 2840     |
|    fps             | 305      |
|    time_elapsed    | 929      |
|    total_timesteps | 284400   |
---------------------------------
---------------------------------
| rollout/           |          |
|    ep_len_mean     | 100      |
|    ep_rew_mean     | -100     |
|    success_rate    | 0        |
| time/              |          |
|    episodes        | 2844     |
|    fps             | 305      |
|    time_elapsed    | 929      |
|    total_timesteps | 284400   |
---------------------------------
---------------------------------
| rollout/           |          |
|    ep_len_mean     | 100      |
|    ep_rew_mean     | -100     |
|    success_rate    | 0        |
| time/              |          |
|    episodes        | 2848     |
|    fps             | 307      |
|    time_elapsed    | 937      |
|    total_timesteps | 288000   |
| train/             |          |
|    actor_loss      | 1.62     |
|    critic_loss     | 0.0029   |
|    ent_coef        | 0.000556 |
|    ent_coef_loss   | -151     |
|    learning_rate   | 0.001    |
|    n_updates       | 7722     |
---------------------------------
---------------------------------
| rollout/           |          |
|    ep_len_mean     | 100      |
|    ep_rew_mean     | -100     |
|    success_rate    | 0        |
| time/              |          |
|    episodes        | 2852     |
|    fps             | 307      |
|    time_elapsed    | 937      |
|    total_timesteps | 288000   |
---------------------------------
---------------------------------
| rollout/           |          |
|    ep_len_mean     | 100      |
|    ep_rew_mean     | -100     |
|    success_rate    | 0        |
| time/              |          |
|    episodes        | 2856     |
|    fps             | 307      |
|    time_elapsed    | 937      |
|    total_timesteps | 288000   |
---------------------------------
---------------------------------
| rollout/           |          |
|    ep_len_mean     | 100      |
|    ep_rew_mean     | -100     |
|    success_rate    | 0        |
| time/              |          |
|    episodes        | 2860     |
|    fps             | 307      |
|    time_elapsed    | 937      |
|    total_timesteps | 288000   |
---------------------------------
---------------------------------
| rollout/           |          |
|    ep_len_mean     | 100      |
|    ep_rew_mean     | -100     |
|    success_rate    | 0        |
| time/              |          |
|    episodes        | 2864     |
|    fps             | 307      |
|    time_elapsed    | 937      |
|    total_timesteps | 288000   |
---------------------------------
---------------------------------
| rollout/           |          |
|    ep_len_mean     | 100      |
|    ep_rew_mean     | -100     |
|    success_rate    | 0        |
| time/              |          |
|    episodes        | 2868     |
|    fps             | 307      |
|    time_elapsed    | 937      |
|    total_timesteps | 288000   |
---------------------------------
---------------------------------
| rollout/           |          |
|    ep_len_mean     | 100      |
|    ep_rew_mean     | -100     |
|    success_rate    | 0        |
| time/              |          |
|    episodes        | 2872     |
|    fps             | 307      |
|    time_elapsed    | 937      |
|    total_timesteps | 288000   |
---------------------------------
---------------------------------
| rollout/           |          |
|    ep_len_mean     | 100      |
|    ep_rew_mean     | -100     |
|    success_rate    | 0        |
| time/              |          |
|    episodes        | 2876     |
|    fps             | 307      |
|    time_elapsed    | 937      |
|    total_timesteps | 288000   |
---------------------------------
---------------------------------
| rollout/           |          |
|    ep_len_mean     | 100      |
|    ep_rew_mean     | -100     |
|    success_rate    | 0        |
| time/              |          |
|    episodes        | 2880     |
|    fps             | 307      |
|    time_elapsed    | 937      |
|    total_timesteps | 288000   |
---------------------------------
---------------------------------
| rollout/           |          |
|    ep_len_mean     | 100      |
|    ep_rew_mean     | -100     |
|    success_rate    | 0        |
| time/              |          |
|    episodes        | 2884     |
|    fps             | 308      |
|    time_elapsed    | 945      |
|    total_timesteps | 291600   |
| train/             |          |
|    actor_loss      | 1.7      |
|    critic_loss     | 0.00397  |
|    ent_coef        | 0.000515 |
|    ent_coef_loss   | -142     |
|    learning_rate   | 0.001    |
|    n_updates       | 7822     |
---------------------------------
---------------------------------
| rollout/           |          |
|    ep_len_mean     | 100      |
|    ep_rew_mean     | -100     |
|    success_rate    | 0        |
| time/              |          |
|    episodes        | 2888     |
|    fps             | 308      |
|    time_elapsed    | 945      |
|    total_timesteps | 291600   |
---------------------------------
---------------------------------
| rollout/           |          |
|    ep_len_mean     | 100      |
|    ep_rew_mean     | -100     |
|    success_rate    | 0        |
| time/              |          |
|    episodes        | 2892     |
|    fps             | 308      |
|    time_elapsed    | 945      |
|    total_timesteps | 291600   |
---------------------------------
---------------------------------
| rollout/           |          |
|    ep_len_mean     | 100      |
|    ep_rew_mean     | -100     |
|    success_rate    | 0        |
| time/              |          |
|    episodes        | 2896     |
|    fps             | 308      |
|    time_elapsed    | 945      |
|    total_timesteps | 291600   |
---------------------------------
---------------------------------
| rollout/           |          |
|    ep_len_mean     | 100      |
|    ep_rew_mean     | -100     |
|    success_rate    | 0        |
| time/              |          |
|    episodes        | 2900     |
|    fps             | 308      |
|    time_elapsed    | 945      |
|    total_timesteps | 291600   |
---------------------------------
---------------------------------
| rollout/           |          |
|    ep_len_mean     | 100      |
|    ep_rew_mean     | -100     |
|    success_rate    | 0        |
| time/              |          |
|    episodes        | 2904     |
|    fps             | 308      |
|    time_elapsed    | 945      |
|    total_timesteps | 291600   |
---------------------------------
---------------------------------
| rollout/           |          |
|    ep_len_mean     | 100      |
|    ep_rew_mean     | -100     |
|    success_rate    | 0        |
| time/              |          |
|    episodes        | 2908     |
|    fps             | 308      |
|    time_elapsed    | 945      |
|    total_timesteps | 291600   |
---------------------------------
---------------------------------
| rollout/           |          |
|    ep_len_mean     | 100      |
|    ep_rew_mean     | -100     |
|    success_rate    | 0        |
| time/              |          |
|    episodes        | 2912     |
|    fps             | 308      |
|    time_elapsed    | 945      |
|    total_timesteps | 291600   |
---------------------------------
---------------------------------
| rollout/           |          |
|    ep_len_mean     | 100      |
|    ep_rew_mean     | -100     |
|    success_rate    | 0        |
| time/              |          |
|    episodes        | 2916     |
|    fps             | 308      |
|    time_elapsed    | 945      |
|    total_timesteps | 291600   |
---------------------------------
---------------------------------
| rollout/           |          |
|    ep_len_mean     | 100      |
|    ep_rew_mean     | -100     |
|    success_rate    | 0        |
| time/              |          |
|    episodes        | 2920     |
|    fps             | 309      |
|    time_elapsed    | 953      |
|    total_timesteps | 295200   |
| train/             |          |
|    actor_loss      | 1.74     |
|    critic_loss     | 0.0029   |
|    ent_coef        | 0.00048  |
|    ent_coef_loss   | -153     |
|    learning_rate   | 0.001    |
|    n_updates       | 7922     |
---------------------------------
---------------------------------
| rollout/           |          |
|    ep_len_mean     | 100      |
|    ep_rew_mean     | -100     |
|    success_rate    | 0        |
| time/              |          |
|    episodes        | 2924     |
|    fps             | 309      |
|    time_elapsed    | 953      |
|    total_timesteps | 295200   |
---------------------------------
---------------------------------
| rollout/           |          |
|    ep_len_mean     | 100      |
|    ep_rew_mean     | -100     |
|    success_rate    | 0        |
| time/              |          |
|    episodes        | 2928     |
|    fps             | 309      |
|    time_elapsed    | 953      |
|    total_timesteps | 295200   |
---------------------------------
---------------------------------
| rollout/           |          |
|    ep_len_mean     | 100      |
|    ep_rew_mean     | -100     |
|    success_rate    | 0        |
| time/              |          |
|    episodes        | 2932     |
|    fps             | 309      |
|    time_elapsed    | 953      |
|    total_timesteps | 295200   |
---------------------------------
---------------------------------
| rollout/           |          |
|    ep_len_mean     | 100      |
|    ep_rew_mean     | -100     |
|    success_rate    | 0        |
| time/              |          |
|    episodes        | 2936     |
|    fps             | 309      |
|    time_elapsed    | 953      |
|    total_timesteps | 295200   |
---------------------------------
---------------------------------
| rollout/           |          |
|    ep_len_mean     | 100      |
|    ep_rew_mean     | -100     |
|    success_rate    | 0        |
| time/              |          |
|    episodes        | 2940     |
|    fps             | 309      |
|    time_elapsed    | 953      |
|    total_timesteps | 295200   |
---------------------------------
---------------------------------
| rollout/           |          |
|    ep_len_mean     | 100      |
|    ep_rew_mean     | -100     |
|    success_rate    | 0        |
| time/              |          |
|    episodes        | 2944     |
|    fps             | 309      |
|    time_elapsed    | 953      |
|    total_timesteps | 295200   |
---------------------------------
---------------------------------
| rollout/           |          |
|    ep_len_mean     | 100      |
|    ep_rew_mean     | -100     |
|    success_rate    | 0        |
| time/              |          |
|    episodes        | 2948     |
|    fps             | 309      |
|    time_elapsed    | 953      |
|    total_timesteps | 295200   |
---------------------------------
---------------------------------
| rollout/           |          |
|    ep_len_mean     | 100      |
|    ep_rew_mean     | -100     |
|    success_rate    | 0        |
| time/              |          |
|    episodes        | 2952     |
|    fps             | 309      |
|    time_elapsed    | 953      |
|    total_timesteps | 295200   |
---------------------------------
---------------------------------
| rollout/           |          |
|    ep_len_mean     | 100      |
|    ep_rew_mean     | -100     |
|    success_rate    | 0        |
| time/              |          |
|    episodes        | 2956     |
|    fps             | 310      |
|    time_elapsed    | 961      |
|    total_timesteps | 298800   |
| train/             |          |
|    actor_loss      | 1.73     |
|    critic_loss     | 0.00396  |
|    ent_coef        | 0.000449 |
|    ent_coef_loss   | -130     |
|    learning_rate   | 0.001    |
|    n_updates       | 8022     |
---------------------------------
---------------------------------
| rollout/           |          |
|    ep_len_mean     | 100      |
|    ep_rew_mean     | -100     |
|    success_rate    | 0        |
| time/              |          |
|    episodes        | 2960     |
|    fps             | 310      |
|    time_elapsed    | 961      |
|    total_timesteps | 298800   |
---------------------------------
---------------------------------
| rollout/           |          |
|    ep_len_mean     | 100      |
|    ep_rew_mean     | -100     |
|    success_rate    | 0        |
| time/              |          |
|    episodes        | 2964     |
|    fps             | 310      |
|    time_elapsed    | 961      |
|    total_timesteps | 298800   |
---------------------------------
---------------------------------
| rollout/           |          |
|    ep_len_mean     | 100      |
|    ep_rew_mean     | -100     |
|    success_rate    | 0        |
| time/              |          |
|    episodes        | 2968     |
|    fps             | 310      |
|    time_elapsed    | 961      |
|    total_timesteps | 298800   |
---------------------------------
---------------------------------
| rollout/           |          |
|    ep_len_mean     | 100      |
|    ep_rew_mean     | -100     |
|    success_rate    | 0        |
| time/              |          |
|    episodes        | 2972     |
|    fps             | 310      |
|    time_elapsed    | 961      |
|    total_timesteps | 298800   |
---------------------------------
---------------------------------
| rollout/           |          |
|    ep_len_mean     | 100      |
|    ep_rew_mean     | -100     |
|    success_rate    | 0        |
| time/              |          |
|    episodes        | 2976     |
|    fps             | 310      |
|    time_elapsed    | 961      |
|    total_timesteps | 298800   |
---------------------------------
---------------------------------
| rollout/           |          |
|    ep_len_mean     | 100      |
|    ep_rew_mean     | -100     |
|    success_rate    | 0        |
| time/              |          |
|    episodes        | 2980     |
|    fps             | 310      |
|    time_elapsed    | 961      |
|    total_timesteps | 298800   |
---------------------------------
---------------------------------
| rollout/           |          |
|    ep_len_mean     | 100      |
|    ep_rew_mean     | -100     |
|    success_rate    | 0        |
| time/              |          |
|    episodes        | 2984     |
|    fps             | 310      |
|    time_elapsed    | 961      |
|    total_timesteps | 298800   |
---------------------------------
---------------------------------
| rollout/           |          |
|    ep_len_mean     | 100      |
|    ep_rew_mean     | -100     |
|    success_rate    | 0        |
| time/              |          |
|    episodes        | 2988     |
|    fps             | 310      |
|    time_elapsed    | 961      |
|    total_timesteps | 298800   |
---------------------------------

Running evaluation at 300240 timesteps...
Successfully copied normalization stats
Evaluation results: {'eval/mean_reward': np.float32(-100.0), 'eval/std_reward': np.float32(0.0), 'eval/success_rate': np.float64(0.0)}
---------------------------------
| rollout/           |          |
|    ep_len_mean     | 100      |
|    ep_rew_mean     | -100     |
|    success_rate    | 0        |
| time/              |          |
|    episodes        | 2992     |
|    fps             | 305      |
|    time_elapsed    | 991      |
|    total_timesteps | 302400   |
| train/             |          |
|    actor_loss      | 1.7      |
|    critic_loss     | 0.00294  |
|    ent_coef        | 0.000421 |
|    ent_coef_loss   | -115     |
|    learning_rate   | 0.001    |
|    n_updates       | 8122     |
---------------------------------
---------------------------------
| rollout/           |          |
|    ep_len_mean     | 100      |
|    ep_rew_mean     | -100     |
|    success_rate    | 0        |
| time/              |          |
|    episodes        | 2996     |
|    fps             | 305      |
|    time_elapsed    | 991      |
|    total_timesteps | 302400   |
---------------------------------
---------------------------------
| rollout/           |          |
|    ep_len_mean     | 100      |
|    ep_rew_mean     | -100     |
|    success_rate    | 0        |
| time/              |          |
|    episodes        | 3000     |
|    fps             | 305      |
|    time_elapsed    | 991      |
|    total_timesteps | 302400   |
---------------------------------
---------------------------------
| rollout/           |          |
|    ep_len_mean     | 100      |
|    ep_rew_mean     | -100     |
|    success_rate    | 0        |
| time/              |          |
|    episodes        | 3004     |
|    fps             | 305      |
|    time_elapsed    | 991      |
|    total_timesteps | 302400   |
---------------------------------
---------------------------------
| rollout/           |          |
|    ep_len_mean     | 100      |
|    ep_rew_mean     | -100     |
|    success_rate    | 0        |
| time/              |          |
|    episodes        | 3008     |
|    fps             | 305      |
|    time_elapsed    | 991      |
|    total_timesteps | 302400   |
---------------------------------
---------------------------------
| rollout/           |          |
|    ep_len_mean     | 100      |
|    ep_rew_mean     | -100     |
|    success_rate    | 0        |
| time/              |          |
|    episodes        | 3012     |
|    fps             | 305      |
|    time_elapsed    | 991      |
|    total_timesteps | 302400   |
---------------------------------
---------------------------------
| rollout/           |          |
|    ep_len_mean     | 100      |
|    ep_rew_mean     | -100     |
|    success_rate    | 0        |
| time/              |          |
|    episodes        | 3016     |
|    fps             | 305      |
|    time_elapsed    | 991      |
|    total_timesteps | 302400   |
---------------------------------
---------------------------------
| rollout/           |          |
|    ep_len_mean     | 100      |
|    ep_rew_mean     | -100     |
|    success_rate    | 0        |
| time/              |          |
|    episodes        | 3020     |
|    fps             | 305      |
|    time_elapsed    | 991      |
|    total_timesteps | 302400   |
---------------------------------
---------------------------------
| rollout/           |          |
|    ep_len_mean     | 100      |
|    ep_rew_mean     | -100     |
|    success_rate    | 0        |
| time/              |          |
|    episodes        | 3024     |
|    fps             | 305      |
|    time_elapsed    | 991      |
|    total_timesteps | 302400   |
---------------------------------
---------------------------------
| rollout/           |          |
|    ep_len_mean     | 100      |
|    ep_rew_mean     | -100     |
|    success_rate    | 0        |
| time/              |          |
|    episodes        | 3028     |
|    fps             | 306      |
|    time_elapsed    | 999      |
|    total_timesteps | 306000   |
| train/             |          |
|    actor_loss      | 1.67     |
|    critic_loss     | 0.00324  |
|    ent_coef        | 0.000398 |
|    ent_coef_loss   | -90.6    |
|    learning_rate   | 0.001    |
|    n_updates       | 8222     |
---------------------------------
---------------------------------
| rollout/           |          |
|    ep_len_mean     | 100      |
|    ep_rew_mean     | -100     |
|    success_rate    | 0        |
| time/              |          |
|    episodes        | 3032     |
|    fps             | 306      |
|    time_elapsed    | 999      |
|    total_timesteps | 306000   |
---------------------------------
---------------------------------
| rollout/           |          |
|    ep_len_mean     | 100      |
|    ep_rew_mean     | -100     |
|    success_rate    | 0        |
| time/              |          |
|    episodes        | 3036     |
|    fps             | 306      |
|    time_elapsed    | 999      |
|    total_timesteps | 306000   |
---------------------------------
---------------------------------
| rollout/           |          |
|    ep_len_mean     | 100      |
|    ep_rew_mean     | -100     |
|    success_rate    | 0        |
| time/              |          |
|    episodes        | 3040     |
|    fps             | 306      |
|    time_elapsed    | 999      |
|    total_timesteps | 306000   |
---------------------------------
---------------------------------
| rollout/           |          |
|    ep_len_mean     | 100      |
|    ep_rew_mean     | -100     |
|    success_rate    | 0        |
| time/              |          |
|    episodes        | 3044     |
|    fps             | 306      |
|    time_elapsed    | 999      |
|    total_timesteps | 306000   |
---------------------------------
---------------------------------
| rollout/           |          |
|    ep_len_mean     | 100      |
|    ep_rew_mean     | -100     |
|    success_rate    | 0        |
| time/              |          |
|    episodes        | 3048     |
|    fps             | 306      |
|    time_elapsed    | 999      |
|    total_timesteps | 306000   |
---------------------------------
---------------------------------
| rollout/           |          |
|    ep_len_mean     | 100      |
|    ep_rew_mean     | -100     |
|    success_rate    | 0        |
| time/              |          |
|    episodes        | 3052     |
|    fps             | 306      |
|    time_elapsed    | 999      |
|    total_timesteps | 306000   |
---------------------------------
---------------------------------
| rollout/           |          |
|    ep_len_mean     | 100      |
|    ep_rew_mean     | -100     |
|    success_rate    | 0        |
| time/              |          |
|    episodes        | 3056     |
|    fps             | 306      |
|    time_elapsed    | 999      |
|    total_timesteps | 306000   |
---------------------------------
---------------------------------
| rollout/           |          |
|    ep_len_mean     | 100      |
|    ep_rew_mean     | -100     |
|    success_rate    | 0        |
| time/              |          |
|    episodes        | 3060     |
|    fps             | 306      |
|    time_elapsed    | 999      |
|    total_timesteps | 306000   |
---------------------------------
---------------------------------
| rollout/           |          |
|    ep_len_mean     | 100      |
|    ep_rew_mean     | -100     |
|    success_rate    | 0        |
| time/              |          |
|    episodes        | 3064     |
|    fps             | 307      |
|    time_elapsed    | 1007     |
|    total_timesteps | 309600   |
| train/             |          |
|    actor_loss      | 1.66     |
|    critic_loss     | 0.00325  |
|    ent_coef        | 0.000377 |
|    ent_coef_loss   | -55.9    |
|    learning_rate   | 0.001    |
|    n_updates       | 8322     |
---------------------------------
---------------------------------
| rollout/           |          |
|    ep_len_mean     | 100      |
|    ep_rew_mean     | -100     |
|    success_rate    | 0        |
| time/              |          |
|    episodes        | 3068     |
|    fps             | 307      |
|    time_elapsed    | 1007     |
|    total_timesteps | 309600   |
---------------------------------
---------------------------------
| rollout/           |          |
|    ep_len_mean     | 100      |
|    ep_rew_mean     | -100     |
|    success_rate    | 0        |
| time/              |          |
|    episodes        | 3072     |
|    fps             | 307      |
|    time_elapsed    | 1007     |
|    total_timesteps | 309600   |
---------------------------------
---------------------------------
| rollout/           |          |
|    ep_len_mean     | 100      |
|    ep_rew_mean     | -100     |
|    success_rate    | 0        |
| time/              |          |
|    episodes        | 3076     |
|    fps             | 307      |
|    time_elapsed    | 1007     |
|    total_timesteps | 309600   |
---------------------------------
---------------------------------
| rollout/           |          |
|    ep_len_mean     | 100      |
|    ep_rew_mean     | -100     |
|    success_rate    | 0        |
| time/              |          |
|    episodes        | 3080     |
|    fps             | 307      |
|    time_elapsed    | 1007     |
|    total_timesteps | 309600   |
---------------------------------
---------------------------------
| rollout/           |          |
|    ep_len_mean     | 100      |
|    ep_rew_mean     | -100     |
|    success_rate    | 0        |
| time/              |          |
|    episodes        | 3084     |
|    fps             | 307      |
|    time_elapsed    | 1007     |
|    total_timesteps | 309600   |
---------------------------------
---------------------------------
| rollout/           |          |
|    ep_len_mean     | 100      |
|    ep_rew_mean     | -100     |
|    success_rate    | 0        |
| time/              |          |
|    episodes        | 3088     |
|    fps             | 307      |
|    time_elapsed    | 1007     |
|    total_timesteps | 309600   |
---------------------------------
---------------------------------
| rollout/           |          |
|    ep_len_mean     | 100      |
|    ep_rew_mean     | -100     |
|    success_rate    | 0        |
| time/              |          |
|    episodes        | 3092     |
|    fps             | 307      |
|    time_elapsed    | 1007     |
|    total_timesteps | 309600   |
---------------------------------
---------------------------------
| rollout/           |          |
|    ep_len_mean     | 100      |
|    ep_rew_mean     | -100     |
|    success_rate    | 0        |
| time/              |          |
|    episodes        | 3096     |
|    fps             | 307      |
|    time_elapsed    | 1007     |
|    total_timesteps | 309600   |
---------------------------------
---------------------------------
| rollout/           |          |
|    ep_len_mean     | 100      |
|    ep_rew_mean     | -100     |
|    success_rate    | 0        |
| time/              |          |
|    episodes        | 3100     |
|    fps             | 308      |
|    time_elapsed    | 1014     |
|    total_timesteps | 313200   |
| train/             |          |
|    actor_loss      | 1.74     |
|    critic_loss     | 0.00328  |
|    ent_coef        | 0.000358 |
|    ent_coef_loss   | -109     |
|    learning_rate   | 0.001    |
|    n_updates       | 8422     |
---------------------------------
---------------------------------
| rollout/           |          |
|    ep_len_mean     | 100      |
|    ep_rew_mean     | -100     |
|    success_rate    | 0        |
| time/              |          |
|    episodes        | 3104     |
|    fps             | 308      |
|    time_elapsed    | 1014     |
|    total_timesteps | 313200   |
---------------------------------
---------------------------------
| rollout/           |          |
|    ep_len_mean     | 100      |
|    ep_rew_mean     | -100     |
|    success_rate    | 0        |
| time/              |          |
|    episodes        | 3108     |
|    fps             | 308      |
|    time_elapsed    | 1014     |
|    total_timesteps | 313200   |
---------------------------------
---------------------------------
| rollout/           |          |
|    ep_len_mean     | 100      |
|    ep_rew_mean     | -100     |
|    success_rate    | 0        |
| time/              |          |
|    episodes        | 3112     |
|    fps             | 308      |
|    time_elapsed    | 1014     |
|    total_timesteps | 313200   |
---------------------------------
---------------------------------
| rollout/           |          |
|    ep_len_mean     | 100      |
|    ep_rew_mean     | -100     |
|    success_rate    | 0        |
| time/              |          |
|    episodes        | 3116     |
|    fps             | 308      |
|    time_elapsed    | 1014     |
|    total_timesteps | 313200   |
---------------------------------
---------------------------------
| rollout/           |          |
|    ep_len_mean     | 100      |
|    ep_rew_mean     | -100     |
|    success_rate    | 0        |
| time/              |          |
|    episodes        | 3120     |
|    fps             | 308      |
|    time_elapsed    | 1014     |
|    total_timesteps | 313200   |
---------------------------------
---------------------------------
| rollout/           |          |
|    ep_len_mean     | 100      |
|    ep_rew_mean     | -100     |
|    success_rate    | 0        |
| time/              |          |
|    episodes        | 3124     |
|    fps             | 308      |
|    time_elapsed    | 1014     |
|    total_timesteps | 313200   |
---------------------------------
---------------------------------
| rollout/           |          |
|    ep_len_mean     | 100      |
|    ep_rew_mean     | -100     |
|    success_rate    | 0        |
| time/              |          |
|    episodes        | 3128     |
|    fps             | 308      |
|    time_elapsed    | 1014     |
|    total_timesteps | 313200   |
---------------------------------
---------------------------------
| rollout/           |          |
|    ep_len_mean     | 100      |
|    ep_rew_mean     | -100     |
|    success_rate    | 0        |
| time/              |          |
|    episodes        | 3132     |
|    fps             | 308      |
|    time_elapsed    | 1014     |
|    total_timesteps | 313200   |
---------------------------------
---------------------------------
| rollout/           |          |
|    ep_len_mean     | 100      |
|    ep_rew_mean     | -100     |
|    success_rate    | 0        |
| time/              |          |
|    episodes        | 3136     |
|    fps             | 309      |
|    time_elapsed    | 1022     |
|    total_timesteps | 316800   |
| train/             |          |
|    actor_loss      | 1.67     |
|    critic_loss     | 0.00297  |
|    ent_coef        | 0.000341 |
|    ent_coef_loss   | -22.2    |
|    learning_rate   | 0.001    |
|    n_updates       | 8522     |
---------------------------------
---------------------------------
| rollout/           |          |
|    ep_len_mean     | 100      |
|    ep_rew_mean     | -100     |
|    success_rate    | 0        |
| time/              |          |
|    episodes        | 3140     |
|    fps             | 309      |
|    time_elapsed    | 1022     |
|    total_timesteps | 316800   |
---------------------------------
---------------------------------
| rollout/           |          |
|    ep_len_mean     | 100      |
|    ep_rew_mean     | -100     |
|    success_rate    | 0        |
| time/              |          |
|    episodes        | 3144     |
|    fps             | 309      |
|    time_elapsed    | 1022     |
|    total_timesteps | 316800   |
---------------------------------
---------------------------------
| rollout/           |          |
|    ep_len_mean     | 100      |
|    ep_rew_mean     | -100     |
|    success_rate    | 0        |
| time/              |          |
|    episodes        | 3148     |
|    fps             | 309      |
|    time_elapsed    | 1022     |
|    total_timesteps | 316800   |
---------------------------------
---------------------------------
| rollout/           |          |
|    ep_len_mean     | 100      |
|    ep_rew_mean     | -100     |
|    success_rate    | 0        |
| time/              |          |
|    episodes        | 3152     |
|    fps             | 309      |
|    time_elapsed    | 1022     |
|    total_timesteps | 316800   |
---------------------------------
---------------------------------
| rollout/           |          |
|    ep_len_mean     | 100      |
|    ep_rew_mean     | -100     |
|    success_rate    | 0        |
| time/              |          |
|    episodes        | 3156     |
|    fps             | 309      |
|    time_elapsed    | 1022     |
|    total_timesteps | 316800   |
---------------------------------
---------------------------------
| rollout/           |          |
|    ep_len_mean     | 100      |
|    ep_rew_mean     | -100     |
|    success_rate    | 0        |
| time/              |          |
|    episodes        | 3160     |
|    fps             | 309      |
|    time_elapsed    | 1022     |
|    total_timesteps | 316800   |
---------------------------------
---------------------------------
| rollout/           |          |
|    ep_len_mean     | 100      |
|    ep_rew_mean     | -100     |
|    success_rate    | 0        |
| time/              |          |
|    episodes        | 3164     |
|    fps             | 309      |
|    time_elapsed    | 1022     |
|    total_timesteps | 316800   |
---------------------------------
---------------------------------
| rollout/           |          |
|    ep_len_mean     | 100      |
|    ep_rew_mean     | -100     |
|    success_rate    | 0        |
| time/              |          |
|    episodes        | 3168     |
|    fps             | 309      |
|    time_elapsed    | 1022     |
|    total_timesteps | 316800   |
---------------------------------

Running evaluation at 320256 timesteps...
Successfully copied normalization stats
Evaluation results: {'eval/mean_reward': np.float32(-100.0), 'eval/std_reward': np.float32(0.0), 'eval/success_rate': np.float64(0.0)}
---------------------------------
| rollout/           |          |
|    ep_len_mean     | 100      |
|    ep_rew_mean     | -100     |
|    success_rate    | 0        |
| time/              |          |
|    episodes        | 3172     |
|    fps             | 304      |
|    time_elapsed    | 1051     |
|    total_timesteps | 320400   |
| train/             |          |
|    actor_loss      | 1.72     |
|    critic_loss     | 0.0035   |
|    ent_coef        | 0.000327 |
|    ent_coef_loss   | -76.2    |
|    learning_rate   | 0.001    |
|    n_updates       | 8622     |
---------------------------------
---------------------------------
| rollout/           |          |
|    ep_len_mean     | 100      |
|    ep_rew_mean     | -100     |
|    success_rate    | 0        |
| time/              |          |
|    episodes        | 3176     |
|    fps             | 304      |
|    time_elapsed    | 1051     |
|    total_timesteps | 320400   |
---------------------------------
---------------------------------
| rollout/           |          |
|    ep_len_mean     | 100      |
|    ep_rew_mean     | -100     |
|    success_rate    | 0        |
| time/              |          |
|    episodes        | 3180     |
|    fps             | 304      |
|    time_elapsed    | 1051     |
|    total_timesteps | 320400   |
---------------------------------
---------------------------------
| rollout/           |          |
|    ep_len_mean     | 100      |
|    ep_rew_mean     | -100     |
|    success_rate    | 0        |
| time/              |          |
|    episodes        | 3184     |
|    fps             | 304      |
|    time_elapsed    | 1051     |
|    total_timesteps | 320400   |
---------------------------------
---------------------------------
| rollout/           |          |
|    ep_len_mean     | 100      |
|    ep_rew_mean     | -100     |
|    success_rate    | 0        |
| time/              |          |
|    episodes        | 3188     |
|    fps             | 304      |
|    time_elapsed    | 1051     |
|    total_timesteps | 320400   |
---------------------------------
---------------------------------
| rollout/           |          |
|    ep_len_mean     | 100      |
|    ep_rew_mean     | -100     |
|    success_rate    | 0        |
| time/              |          |
|    episodes        | 3192     |
|    fps             | 304      |
|    time_elapsed    | 1051     |
|    total_timesteps | 320400   |
---------------------------------
---------------------------------
| rollout/           |          |
|    ep_len_mean     | 100      |
|    ep_rew_mean     | -100     |
|    success_rate    | 0        |
| time/              |          |
|    episodes        | 3196     |
|    fps             | 304      |
|    time_elapsed    | 1051     |
|    total_timesteps | 320400   |
---------------------------------
---------------------------------
| rollout/           |          |
|    ep_len_mean     | 100      |
|    ep_rew_mean     | -100     |
|    success_rate    | 0        |
| time/              |          |
|    episodes        | 3200     |
|    fps             | 304      |
|    time_elapsed    | 1051     |
|    total_timesteps | 320400   |
---------------------------------
---------------------------------
| rollout/           |          |
|    ep_len_mean     | 100      |
|    ep_rew_mean     | -100     |
|    success_rate    | 0        |
| time/              |          |
|    episodes        | 3204     |
|    fps             | 304      |
|    time_elapsed    | 1051     |
|    total_timesteps | 320400   |
---------------------------------
---------------------------------
| rollout/           |          |
|    ep_len_mean     | 100      |
|    ep_rew_mean     | -100     |
|    success_rate    | 0        |
| time/              |          |
|    episodes        | 3208     |
|    fps             | 305      |
|    time_elapsed    | 1059     |
|    total_timesteps | 324000   |
| train/             |          |
|    actor_loss      | 1.72     |
|    critic_loss     | 0.00351  |
|    ent_coef        | 0.000314 |
|    ent_coef_loss   | -37.3    |
|    learning_rate   | 0.001    |
|    n_updates       | 8722     |
---------------------------------
---------------------------------
| rollout/           |          |
|    ep_len_mean     | 100      |
|    ep_rew_mean     | -100     |
|    success_rate    | 0        |
| time/              |          |
|    episodes        | 3212     |
|    fps             | 305      |
|    time_elapsed    | 1059     |
|    total_timesteps | 324000   |
---------------------------------
---------------------------------
| rollout/           |          |
|    ep_len_mean     | 100      |
|    ep_rew_mean     | -100     |
|    success_rate    | 0        |
| time/              |          |
|    episodes        | 3216     |
|    fps             | 305      |
|    time_elapsed    | 1059     |
|    total_timesteps | 324000   |
---------------------------------
---------------------------------
| rollout/           |          |
|    ep_len_mean     | 100      |
|    ep_rew_mean     | -100     |
|    success_rate    | 0        |
| time/              |          |
|    episodes        | 3220     |
|    fps             | 305      |
|    time_elapsed    | 1059     |
|    total_timesteps | 324000   |
---------------------------------
---------------------------------
| rollout/           |          |
|    ep_len_mean     | 100      |
|    ep_rew_mean     | -100     |
|    success_rate    | 0        |
| time/              |          |
|    episodes        | 3224     |
|    fps             | 305      |
|    time_elapsed    | 1059     |
|    total_timesteps | 324000   |
---------------------------------
---------------------------------
| rollout/           |          |
|    ep_len_mean     | 100      |
|    ep_rew_mean     | -100     |
|    success_rate    | 0        |
| time/              |          |
|    episodes        | 3228     |
|    fps             | 305      |
|    time_elapsed    | 1059     |
|    total_timesteps | 324000   |
---------------------------------
---------------------------------
| rollout/           |          |
|    ep_len_mean     | 100      |
|    ep_rew_mean     | -100     |
|    success_rate    | 0        |
| time/              |          |
|    episodes        | 3232     |
|    fps             | 305      |
|    time_elapsed    | 1059     |
|    total_timesteps | 324000   |
---------------------------------
---------------------------------
| rollout/           |          |
|    ep_len_mean     | 100      |
|    ep_rew_mean     | -100     |
|    success_rate    | 0        |
| time/              |          |
|    episodes        | 3236     |
|    fps             | 305      |
|    time_elapsed    | 1059     |
|    total_timesteps | 324000   |
---------------------------------
---------------------------------
| rollout/           |          |
|    ep_len_mean     | 100      |
|    ep_rew_mean     | -100     |
|    success_rate    | 0        |
| time/              |          |
|    episodes        | 3240     |
|    fps             | 305      |
|    time_elapsed    | 1059     |
|    total_timesteps | 324000   |
---------------------------------
---------------------------------
| rollout/           |          |
|    ep_len_mean     | 100      |
|    ep_rew_mean     | -100     |
|    success_rate    | 0        |
| time/              |          |
|    episodes        | 3244     |
|    fps             | 307      |
|    time_elapsed    | 1066     |
|    total_timesteps | 327600   |
| train/             |          |
|    actor_loss      | 1.67     |
|    critic_loss     | 0.00374  |
|    ent_coef        | 0.000306 |
|    ent_coef_loss   | -39.6    |
|    learning_rate   | 0.001    |
|    n_updates       | 8822     |
---------------------------------
---------------------------------
| rollout/           |          |
|    ep_len_mean     | 100      |
|    ep_rew_mean     | -100     |
|    success_rate    | 0        |
| time/              |          |
|    episodes        | 3248     |
|    fps             | 307      |
|    time_elapsed    | 1066     |
|    total_timesteps | 327600   |
---------------------------------
---------------------------------
| rollout/           |          |
|    ep_len_mean     | 100      |
|    ep_rew_mean     | -100     |
|    success_rate    | 0        |
| time/              |          |
|    episodes        | 3252     |
|    fps             | 307      |
|    time_elapsed    | 1066     |
|    total_timesteps | 327600   |
---------------------------------
---------------------------------
| rollout/           |          |
|    ep_len_mean     | 100      |
|    ep_rew_mean     | -100     |
|    success_rate    | 0        |
| time/              |          |
|    episodes        | 3256     |
|    fps             | 307      |
|    time_elapsed    | 1066     |
|    total_timesteps | 327600   |
---------------------------------
---------------------------------
| rollout/           |          |
|    ep_len_mean     | 100      |
|    ep_rew_mean     | -100     |
|    success_rate    | 0        |
| time/              |          |
|    episodes        | 3260     |
|    fps             | 307      |
|    time_elapsed    | 1066     |
|    total_timesteps | 327600   |
---------------------------------
---------------------------------
| rollout/           |          |
|    ep_len_mean     | 100      |
|    ep_rew_mean     | -100     |
|    success_rate    | 0        |
| time/              |          |
|    episodes        | 3264     |
|    fps             | 307      |
|    time_elapsed    | 1066     |
|    total_timesteps | 327600   |
---------------------------------
---------------------------------
| rollout/           |          |
|    ep_len_mean     | 100      |
|    ep_rew_mean     | -100     |
|    success_rate    | 0        |
| time/              |          |
|    episodes        | 3268     |
|    fps             | 307      |
|    time_elapsed    | 1066     |
|    total_timesteps | 327600   |
---------------------------------
---------------------------------
| rollout/           |          |
|    ep_len_mean     | 100      |
|    ep_rew_mean     | -100     |
|    success_rate    | 0        |
| time/              |          |
|    episodes        | 3272     |
|    fps             | 307      |
|    time_elapsed    | 1066     |
|    total_timesteps | 327600   |
---------------------------------
---------------------------------
| rollout/           |          |
|    ep_len_mean     | 100      |
|    ep_rew_mean     | -100     |
|    success_rate    | 0        |
| time/              |          |
|    episodes        | 3276     |
|    fps             | 307      |
|    time_elapsed    | 1066     |
|    total_timesteps | 327600   |
---------------------------------
---------------------------------
| rollout/           |          |
|    ep_len_mean     | 100      |
|    ep_rew_mean     | -100     |
|    success_rate    | 0        |
| time/              |          |
|    episodes        | 3280     |
|    fps             | 308      |
|    time_elapsed    | 1074     |
|    total_timesteps | 331200   |
| train/             |          |
|    actor_loss      | 1.71     |
|    critic_loss     | 0.00292  |
|    ent_coef        | 0.000297 |
|    ent_coef_loss   | -61.7    |
|    learning_rate   | 0.001    |
|    n_updates       | 8922     |
---------------------------------
---------------------------------
| rollout/           |          |
|    ep_len_mean     | 100      |
|    ep_rew_mean     | -100     |
|    success_rate    | 0        |
| time/              |          |
|    episodes        | 3284     |
|    fps             | 308      |
|    time_elapsed    | 1074     |
|    total_timesteps | 331200   |
---------------------------------
---------------------------------
| rollout/           |          |
|    ep_len_mean     | 100      |
|    ep_rew_mean     | -100     |
|    success_rate    | 0        |
| time/              |          |
|    episodes        | 3288     |
|    fps             | 308      |
|    time_elapsed    | 1074     |
|    total_timesteps | 331200   |
---------------------------------
---------------------------------
| rollout/           |          |
|    ep_len_mean     | 100      |
|    ep_rew_mean     | -100     |
|    success_rate    | 0        |
| time/              |          |
|    episodes        | 3292     |
|    fps             | 308      |
|    time_elapsed    | 1074     |
|    total_timesteps | 331200   |
---------------------------------
---------------------------------
| rollout/           |          |
|    ep_len_mean     | 100      |
|    ep_rew_mean     | -100     |
|    success_rate    | 0        |
| time/              |          |
|    episodes        | 3296     |
|    fps             | 308      |
|    time_elapsed    | 1074     |
|    total_timesteps | 331200   |
---------------------------------
---------------------------------
| rollout/           |          |
|    ep_len_mean     | 100      |
|    ep_rew_mean     | -100     |
|    success_rate    | 0        |
| time/              |          |
|    episodes        | 3300     |
|    fps             | 308      |
|    time_elapsed    | 1074     |
|    total_timesteps | 331200   |
---------------------------------
---------------------------------
| rollout/           |          |
|    ep_len_mean     | 100      |
|    ep_rew_mean     | -100     |
|    success_rate    | 0        |
| time/              |          |
|    episodes        | 3304     |
|    fps             | 308      |
|    time_elapsed    | 1074     |
|    total_timesteps | 331200   |
---------------------------------
---------------------------------
| rollout/           |          |
|    ep_len_mean     | 100      |
|    ep_rew_mean     | -100     |
|    success_rate    | 0        |
| time/              |          |
|    episodes        | 3308     |
|    fps             | 308      |
|    time_elapsed    | 1074     |
|    total_timesteps | 331200   |
---------------------------------
---------------------------------
| rollout/           |          |
|    ep_len_mean     | 100      |
|    ep_rew_mean     | -100     |
|    success_rate    | 0        |
| time/              |          |
|    episodes        | 3312     |
|    fps             | 308      |
|    time_elapsed    | 1074     |
|    total_timesteps | 331200   |
---------------------------------
---------------------------------
| rollout/           |          |
|    ep_len_mean     | 100      |
|    ep_rew_mean     | -100     |
|    success_rate    | 0        |
| time/              |          |
|    episodes        | 3316     |
|    fps             | 309      |
|    time_elapsed    | 1082     |
|    total_timesteps | 334800   |
| train/             |          |
|    actor_loss      | 1.66     |
|    critic_loss     | 0.003    |
|    ent_coef        | 0.000287 |
|    ent_coef_loss   | -64.4    |
|    learning_rate   | 0.001    |
|    n_updates       | 9022     |
---------------------------------
---------------------------------
| rollout/           |          |
|    ep_len_mean     | 100      |
|    ep_rew_mean     | -100     |
|    success_rate    | 0        |
| time/              |          |
|    episodes        | 3320     |
|    fps             | 309      |
|    time_elapsed    | 1082     |
|    total_timesteps | 334800   |
---------------------------------
---------------------------------
| rollout/           |          |
|    ep_len_mean     | 100      |
|    ep_rew_mean     | -100     |
|    success_rate    | 0        |
| time/              |          |
|    episodes        | 3324     |
|    fps             | 309      |
|    time_elapsed    | 1082     |
|    total_timesteps | 334800   |
---------------------------------
---------------------------------
| rollout/           |          |
|    ep_len_mean     | 100      |
|    ep_rew_mean     | -100     |
|    success_rate    | 0        |
| time/              |          |
|    episodes        | 3328     |
|    fps             | 309      |
|    time_elapsed    | 1082     |
|    total_timesteps | 334800   |
---------------------------------
---------------------------------
| rollout/           |          |
|    ep_len_mean     | 100      |
|    ep_rew_mean     | -100     |
|    success_rate    | 0        |
| time/              |          |
|    episodes        | 3332     |
|    fps             | 309      |
|    time_elapsed    | 1082     |
|    total_timesteps | 334800   |
---------------------------------
---------------------------------
| rollout/           |          |
|    ep_len_mean     | 100      |
|    ep_rew_mean     | -100     |
|    success_rate    | 0        |
| time/              |          |
|    episodes        | 3336     |
|    fps             | 309      |
|    time_elapsed    | 1082     |
|    total_timesteps | 334800   |
---------------------------------
---------------------------------
| rollout/           |          |
|    ep_len_mean     | 100      |
|    ep_rew_mean     | -100     |
|    success_rate    | 0        |
| time/              |          |
|    episodes        | 3340     |
|    fps             | 309      |
|    time_elapsed    | 1082     |
|    total_timesteps | 334800   |
---------------------------------
---------------------------------
| rollout/           |          |
|    ep_len_mean     | 100      |
|    ep_rew_mean     | -100     |
|    success_rate    | 0        |
| time/              |          |
|    episodes        | 3344     |
|    fps             | 309      |
|    time_elapsed    | 1082     |
|    total_timesteps | 334800   |
---------------------------------
---------------------------------
| rollout/           |          |
|    ep_len_mean     | 100      |
|    ep_rew_mean     | -100     |
|    success_rate    | 0        |
| time/              |          |
|    episodes        | 3348     |
|    fps             | 309      |
|    time_elapsed    | 1082     |
|    total_timesteps | 334800   |
---------------------------------
---------------------------------
| rollout/           |          |
|    ep_len_mean     | 100      |
|    ep_rew_mean     | -100     |
|    success_rate    | 0        |
| time/              |          |
|    episodes        | 3352     |
|    fps             | 310      |
|    time_elapsed    | 1089     |
|    total_timesteps | 338400   |
| train/             |          |
|    actor_loss      | 1.71     |
|    critic_loss     | 0.00293  |
|    ent_coef        | 0.000276 |
|    ent_coef_loss   | -63.2    |
|    learning_rate   | 0.001    |
|    n_updates       | 9122     |
---------------------------------
---------------------------------
| rollout/           |          |
|    ep_len_mean     | 100      |
|    ep_rew_mean     | -100     |
|    success_rate    | 0        |
| time/              |          |
|    episodes        | 3356     |
|    fps             | 310      |
|    time_elapsed    | 1089     |
|    total_timesteps | 338400   |
---------------------------------
---------------------------------
| rollout/           |          |
|    ep_len_mean     | 100      |
|    ep_rew_mean     | -100     |
|    success_rate    | 0        |
| time/              |          |
|    episodes        | 3360     |
|    fps             | 310      |
|    time_elapsed    | 1089     |
|    total_timesteps | 338400   |
---------------------------------
---------------------------------
| rollout/           |          |
|    ep_len_mean     | 100      |
|    ep_rew_mean     | -100     |
|    success_rate    | 0        |
| time/              |          |
|    episodes        | 3364     |
|    fps             | 310      |
|    time_elapsed    | 1089     |
|    total_timesteps | 338400   |
---------------------------------
---------------------------------
| rollout/           |          |
|    ep_len_mean     | 100      |
|    ep_rew_mean     | -100     |
|    success_rate    | 0        |
| time/              |          |
|    episodes        | 3368     |
|    fps             | 310      |
|    time_elapsed    | 1089     |
|    total_timesteps | 338400   |
---------------------------------
---------------------------------
| rollout/           |          |
|    ep_len_mean     | 100      |
|    ep_rew_mean     | -100     |
|    success_rate    | 0        |
| time/              |          |
|    episodes        | 3372     |
|    fps             | 310      |
|    time_elapsed    | 1089     |
|    total_timesteps | 338400   |
---------------------------------
---------------------------------
| rollout/           |          |
|    ep_len_mean     | 100      |
|    ep_rew_mean     | -100     |
|    success_rate    | 0        |
| time/              |          |
|    episodes        | 3376     |
|    fps             | 310      |
|    time_elapsed    | 1089     |
|    total_timesteps | 338400   |
---------------------------------
---------------------------------
| rollout/           |          |
|    ep_len_mean     | 100      |
|    ep_rew_mean     | -100     |
|    success_rate    | 0        |
| time/              |          |
|    episodes        | 3380     |
|    fps             | 310      |
|    time_elapsed    | 1089     |
|    total_timesteps | 338400   |
---------------------------------
---------------------------------
| rollout/           |          |
|    ep_len_mean     | 100      |
|    ep_rew_mean     | -100     |
|    success_rate    | 0        |
| time/              |          |
|    episodes        | 3384     |
|    fps             | 310      |
|    time_elapsed    | 1089     |
|    total_timesteps | 338400   |
---------------------------------

Running evaluation at 340272 timesteps...
Successfully copied normalization stats
Evaluation results: {'eval/mean_reward': np.float32(-100.0), 'eval/std_reward': np.float32(0.0), 'eval/success_rate': np.float64(0.0)}
---------------------------------
| rollout/           |          |
|    ep_len_mean     | 100      |
|    ep_rew_mean     | -100     |
|    success_rate    | 0        |
| time/              |          |
|    episodes        | 3388     |
|    fps             | 305      |
|    time_elapsed    | 1119     |
|    total_timesteps | 342000   |
| train/             |          |
|    actor_loss      | 1.76     |
|    critic_loss     | 0.00226  |
|    ent_coef        | 0.000268 |
|    ent_coef_loss   | -51.2    |
|    learning_rate   | 0.001    |
|    n_updates       | 9222     |
---------------------------------
---------------------------------
| rollout/           |          |
|    ep_len_mean     | 100      |
|    ep_rew_mean     | -100     |
|    success_rate    | 0        |
| time/              |          |
|    episodes        | 3392     |
|    fps             | 305      |
|    time_elapsed    | 1119     |
|    total_timesteps | 342000   |
---------------------------------
---------------------------------
| rollout/           |          |
|    ep_len_mean     | 100      |
|    ep_rew_mean     | -100     |
|    success_rate    | 0        |
| time/              |          |
|    episodes        | 3396     |
|    fps             | 305      |
|    time_elapsed    | 1119     |
|    total_timesteps | 342000   |
---------------------------------
---------------------------------
| rollout/           |          |
|    ep_len_mean     | 100      |
|    ep_rew_mean     | -100     |
|    success_rate    | 0        |
| time/              |          |
|    episodes        | 3400     |
|    fps             | 305      |
|    time_elapsed    | 1119     |
|    total_timesteps | 342000   |
---------------------------------
---------------------------------
| rollout/           |          |
|    ep_len_mean     | 100      |
|    ep_rew_mean     | -100     |
|    success_rate    | 0        |
| time/              |          |
|    episodes        | 3404     |
|    fps             | 305      |
|    time_elapsed    | 1119     |
|    total_timesteps | 342000   |
---------------------------------
---------------------------------
| rollout/           |          |
|    ep_len_mean     | 100      |
|    ep_rew_mean     | -100     |
|    success_rate    | 0        |
| time/              |          |
|    episodes        | 3408     |
|    fps             | 305      |
|    time_elapsed    | 1119     |
|    total_timesteps | 342000   |
---------------------------------
---------------------------------
| rollout/           |          |
|    ep_len_mean     | 100      |
|    ep_rew_mean     | -100     |
|    success_rate    | 0        |
| time/              |          |
|    episodes        | 3412     |
|    fps             | 305      |
|    time_elapsed    | 1119     |
|    total_timesteps | 342000   |
---------------------------------
---------------------------------
| rollout/           |          |
|    ep_len_mean     | 100      |
|    ep_rew_mean     | -100     |
|    success_rate    | 0        |
| time/              |          |
|    episodes        | 3416     |
|    fps             | 305      |
|    time_elapsed    | 1119     |
|    total_timesteps | 342000   |
---------------------------------
---------------------------------
| rollout/           |          |
|    ep_len_mean     | 100      |
|    ep_rew_mean     | -100     |
|    success_rate    | 0        |
| time/              |          |
|    episodes        | 3420     |
|    fps             | 305      |
|    time_elapsed    | 1119     |
|    total_timesteps | 342000   |
---------------------------------
---------------------------------
| rollout/           |          |
|    ep_len_mean     | 100      |
|    ep_rew_mean     | -100     |
|    success_rate    | 0        |
| time/              |          |
|    episodes        | 3424     |
|    fps             | 306      |
|    time_elapsed    | 1127     |
|    total_timesteps | 345600   |
| train/             |          |
|    actor_loss      | 1.65     |
|    critic_loss     | 0.00305  |
|    ent_coef        | 0.000261 |
|    ent_coef_loss   | 25.3     |
|    learning_rate   | 0.001    |
|    n_updates       | 9322     |
---------------------------------
---------------------------------
| rollout/           |          |
|    ep_len_mean     | 100      |
|    ep_rew_mean     | -100     |
|    success_rate    | 0        |
| time/              |          |
|    episodes        | 3428     |
|    fps             | 306      |
|    time_elapsed    | 1127     |
|    total_timesteps | 345600   |
---------------------------------
---------------------------------
| rollout/           |          |
|    ep_len_mean     | 100      |
|    ep_rew_mean     | -100     |
|    success_rate    | 0        |
| time/              |          |
|    episodes        | 3432     |
|    fps             | 306      |
|    time_elapsed    | 1127     |
|    total_timesteps | 345600   |
---------------------------------
---------------------------------
| rollout/           |          |
|    ep_len_mean     | 100      |
|    ep_rew_mean     | -100     |
|    success_rate    | 0        |
| time/              |          |
|    episodes        | 3436     |
|    fps             | 306      |
|    time_elapsed    | 1127     |
|    total_timesteps | 345600   |
---------------------------------
---------------------------------
| rollout/           |          |
|    ep_len_mean     | 100      |
|    ep_rew_mean     | -100     |
|    success_rate    | 0        |
| time/              |          |
|    episodes        | 3440     |
|    fps             | 306      |
|    time_elapsed    | 1127     |
|    total_timesteps | 345600   |
---------------------------------
---------------------------------
| rollout/           |          |
|    ep_len_mean     | 100      |
|    ep_rew_mean     | -100     |
|    success_rate    | 0        |
| time/              |          |
|    episodes        | 3444     |
|    fps             | 306      |
|    time_elapsed    | 1127     |
|    total_timesteps | 345600   |
---------------------------------
---------------------------------
| rollout/           |          |
|    ep_len_mean     | 100      |
|    ep_rew_mean     | -100     |
|    success_rate    | 0        |
| time/              |          |
|    episodes        | 3448     |
|    fps             | 306      |
|    time_elapsed    | 1127     |
|    total_timesteps | 345600   |
---------------------------------
---------------------------------
| rollout/           |          |
|    ep_len_mean     | 100      |
|    ep_rew_mean     | -100     |
|    success_rate    | 0        |
| time/              |          |
|    episodes        | 3452     |
|    fps             | 306      |
|    time_elapsed    | 1127     |
|    total_timesteps | 345600   |
---------------------------------
---------------------------------
| rollout/           |          |
|    ep_len_mean     | 100      |
|    ep_rew_mean     | -100     |
|    success_rate    | 0        |
| time/              |          |
|    episodes        | 3456     |
|    fps             | 306      |
|    time_elapsed    | 1127     |
|    total_timesteps | 345600   |
---------------------------------
---------------------------------
| rollout/           |          |
|    ep_len_mean     | 100      |
|    ep_rew_mean     | -100     |
|    success_rate    | 0        |
| time/              |          |
|    episodes        | 3460     |
|    fps             | 307      |
|    time_elapsed    | 1134     |
|    total_timesteps | 349200   |
| train/             |          |
|    actor_loss      | 1.64     |
|    critic_loss     | 0.00318  |
|    ent_coef        | 0.000259 |
|    ent_coef_loss   | 18.5     |
|    learning_rate   | 0.001    |
|    n_updates       | 9422     |
---------------------------------
---------------------------------
| rollout/           |          |
|    ep_len_mean     | 100      |
|    ep_rew_mean     | -100     |
|    success_rate    | 0        |
| time/              |          |
|    episodes        | 3464     |
|    fps             | 307      |
|    time_elapsed    | 1134     |
|    total_timesteps | 349200   |
---------------------------------
---------------------------------
| rollout/           |          |
|    ep_len_mean     | 100      |
|    ep_rew_mean     | -100     |
|    success_rate    | 0        |
| time/              |          |
|    episodes        | 3468     |
|    fps             | 307      |
|    time_elapsed    | 1134     |
|    total_timesteps | 349200   |
---------------------------------
---------------------------------
| rollout/           |          |
|    ep_len_mean     | 100      |
|    ep_rew_mean     | -100     |
|    success_rate    | 0        |
| time/              |          |
|    episodes        | 3472     |
|    fps             | 307      |
|    time_elapsed    | 1134     |
|    total_timesteps | 349200   |
---------------------------------
---------------------------------
| rollout/           |          |
|    ep_len_mean     | 100      |
|    ep_rew_mean     | -100     |
|    success_rate    | 0        |
| time/              |          |
|    episodes        | 3476     |
|    fps             | 307      |
|    time_elapsed    | 1134     |
|    total_timesteps | 349200   |
---------------------------------
---------------------------------
| rollout/           |          |
|    ep_len_mean     | 100      |
|    ep_rew_mean     | -100     |
|    success_rate    | 0        |
| time/              |          |
|    episodes        | 3480     |
|    fps             | 307      |
|    time_elapsed    | 1134     |
|    total_timesteps | 349200   |
---------------------------------
---------------------------------
| rollout/           |          |
|    ep_len_mean     | 100      |
|    ep_rew_mean     | -100     |
|    success_rate    | 0        |
| time/              |          |
|    episodes        | 3484     |
|    fps             | 307      |
|    time_elapsed    | 1134     |
|    total_timesteps | 349200   |
---------------------------------
---------------------------------
| rollout/           |          |
|    ep_len_mean     | 100      |
|    ep_rew_mean     | -100     |
|    success_rate    | 0        |
| time/              |          |
|    episodes        | 3488     |
|    fps             | 307      |
|    time_elapsed    | 1134     |
|    total_timesteps | 349200   |
---------------------------------
---------------------------------
| rollout/           |          |
|    ep_len_mean     | 100      |
|    ep_rew_mean     | -100     |
|    success_rate    | 0        |
| time/              |          |
|    episodes        | 3492     |
|    fps             | 307      |
|    time_elapsed    | 1134     |
|    total_timesteps | 349200   |
---------------------------------
---------------------------------
| rollout/           |          |
|    ep_len_mean     | 100      |
|    ep_rew_mean     | -100     |
|    success_rate    | 0        |
| time/              |          |
|    episodes        | 3496     |
|    fps             | 308      |
|    time_elapsed    | 1142     |
|    total_timesteps | 352800   |
| train/             |          |
|    actor_loss      | 1.75     |
|    critic_loss     | 0.00317  |
|    ent_coef        | 0.000256 |
|    ent_coef_loss   | -22.5    |
|    learning_rate   | 0.001    |
|    n_updates       | 9522     |
---------------------------------
---------------------------------
| rollout/           |          |
|    ep_len_mean     | 100      |
|    ep_rew_mean     | -100     |
|    success_rate    | 0        |
| time/              |          |
|    episodes        | 3500     |
|    fps             | 308      |
|    time_elapsed    | 1142     |
|    total_timesteps | 352800   |
---------------------------------
---------------------------------
| rollout/           |          |
|    ep_len_mean     | 100      |
|    ep_rew_mean     | -100     |
|    success_rate    | 0        |
| time/              |          |
|    episodes        | 3504     |
|    fps             | 308      |
|    time_elapsed    | 1142     |
|    total_timesteps | 352800   |
---------------------------------
---------------------------------
| rollout/           |          |
|    ep_len_mean     | 100      |
|    ep_rew_mean     | -100     |
|    success_rate    | 0        |
| time/              |          |
|    episodes        | 3508     |
|    fps             | 308      |
|    time_elapsed    | 1142     |
|    total_timesteps | 352800   |
---------------------------------
---------------------------------
| rollout/           |          |
|    ep_len_mean     | 100      |
|    ep_rew_mean     | -100     |
|    success_rate    | 0        |
| time/              |          |
|    episodes        | 3512     |
|    fps             | 308      |
|    time_elapsed    | 1142     |
|    total_timesteps | 352800   |
---------------------------------
---------------------------------
| rollout/           |          |
|    ep_len_mean     | 100      |
|    ep_rew_mean     | -100     |
|    success_rate    | 0        |
| time/              |          |
|    episodes        | 3516     |
|    fps             | 308      |
|    time_elapsed    | 1142     |
|    total_timesteps | 352800   |
---------------------------------
---------------------------------
| rollout/           |          |
|    ep_len_mean     | 100      |
|    ep_rew_mean     | -100     |
|    success_rate    | 0        |
| time/              |          |
|    episodes        | 3520     |
|    fps             | 308      |
|    time_elapsed    | 1142     |
|    total_timesteps | 352800   |
---------------------------------
---------------------------------
| rollout/           |          |
|    ep_len_mean     | 100      |
|    ep_rew_mean     | -100     |
|    success_rate    | 0        |
| time/              |          |
|    episodes        | 3524     |
|    fps             | 308      |
|    time_elapsed    | 1142     |
|    total_timesteps | 352800   |
---------------------------------
---------------------------------
| rollout/           |          |
|    ep_len_mean     | 100      |
|    ep_rew_mean     | -100     |
|    success_rate    | 0        |
| time/              |          |
|    episodes        | 3528     |
|    fps             | 308      |
|    time_elapsed    | 1142     |
|    total_timesteps | 352800   |
---------------------------------
---------------------------------
| rollout/           |          |
|    ep_len_mean     | 100      |
|    ep_rew_mean     | -100     |
|    success_rate    | 0        |
| time/              |          |
|    episodes        | 3532     |
|    fps             | 309      |
|    time_elapsed    | 1150     |
|    total_timesteps | 356400   |
| train/             |          |
|    actor_loss      | 1.71     |
|    critic_loss     | 0.00358  |
|    ent_coef        | 0.000255 |
|    ent_coef_loss   | -4.71    |
|    learning_rate   | 0.001    |
|    n_updates       | 9622     |
---------------------------------
---------------------------------
| rollout/           |          |
|    ep_len_mean     | 100      |
|    ep_rew_mean     | -100     |
|    success_rate    | 0        |
| time/              |          |
|    episodes        | 3536     |
|    fps             | 309      |
|    time_elapsed    | 1150     |
|    total_timesteps | 356400   |
---------------------------------
---------------------------------
| rollout/           |          |
|    ep_len_mean     | 100      |
|    ep_rew_mean     | -100     |
|    success_rate    | 0        |
| time/              |          |
|    episodes        | 3540     |
|    fps             | 309      |
|    time_elapsed    | 1150     |
|    total_timesteps | 356400   |
---------------------------------
---------------------------------
| rollout/           |          |
|    ep_len_mean     | 100      |
|    ep_rew_mean     | -100     |
|    success_rate    | 0        |
| time/              |          |
|    episodes        | 3544     |
|    fps             | 309      |
|    time_elapsed    | 1150     |
|    total_timesteps | 356400   |
---------------------------------
---------------------------------
| rollout/           |          |
|    ep_len_mean     | 100      |
|    ep_rew_mean     | -100     |
|    success_rate    | 0        |
| time/              |          |
|    episodes        | 3548     |
|    fps             | 309      |
|    time_elapsed    | 1150     |
|    total_timesteps | 356400   |
---------------------------------
---------------------------------
| rollout/           |          |
|    ep_len_mean     | 100      |
|    ep_rew_mean     | -100     |
|    success_rate    | 0        |
| time/              |          |
|    episodes        | 3552     |
|    fps             | 309      |
|    time_elapsed    | 1150     |
|    total_timesteps | 356400   |
---------------------------------
---------------------------------
| rollout/           |          |
|    ep_len_mean     | 100      |
|    ep_rew_mean     | -100     |
|    success_rate    | 0        |
| time/              |          |
|    episodes        | 3556     |
|    fps             | 309      |
|    time_elapsed    | 1150     |
|    total_timesteps | 356400   |
---------------------------------
---------------------------------
| rollout/           |          |
|    ep_len_mean     | 100      |
|    ep_rew_mean     | -100     |
|    success_rate    | 0        |
| time/              |          |
|    episodes        | 3560     |
|    fps             | 309      |
|    time_elapsed    | 1150     |
|    total_timesteps | 356400   |
---------------------------------
---------------------------------
| rollout/           |          |
|    ep_len_mean     | 100      |
|    ep_rew_mean     | -100     |
|    success_rate    | 0        |
| time/              |          |
|    episodes        | 3564     |
|    fps             | 309      |
|    time_elapsed    | 1150     |
|    total_timesteps | 356400   |
---------------------------------
---------------------------------
| rollout/           |          |
|    ep_len_mean     | 100      |
|    ep_rew_mean     | -100     |
|    success_rate    | 0        |
| time/              |          |
|    episodes        | 3568     |
|    fps             | 310      |
|    time_elapsed    | 1157     |
|    total_timesteps | 360000   |
| train/             |          |
|    actor_loss      | 1.66     |
|    critic_loss     | 0.00322  |
|    ent_coef        | 0.000254 |
|    ent_coef_loss   | -15.4    |
|    learning_rate   | 0.001    |
|    n_updates       | 9722     |
---------------------------------
---------------------------------
| rollout/           |          |
|    ep_len_mean     | 100      |
|    ep_rew_mean     | -100     |
|    success_rate    | 0        |
| time/              |          |
|    episodes        | 3572     |
|    fps             | 310      |
|    time_elapsed    | 1157     |
|    total_timesteps | 360000   |
---------------------------------
---------------------------------
| rollout/           |          |
|    ep_len_mean     | 100      |
|    ep_rew_mean     | -100     |
|    success_rate    | 0        |
| time/              |          |
|    episodes        | 3576     |
|    fps             | 310      |
|    time_elapsed    | 1157     |
|    total_timesteps | 360000   |
---------------------------------
---------------------------------
| rollout/           |          |
|    ep_len_mean     | 100      |
|    ep_rew_mean     | -100     |
|    success_rate    | 0        |
| time/              |          |
|    episodes        | 3580     |
|    fps             | 310      |
|    time_elapsed    | 1157     |
|    total_timesteps | 360000   |
---------------------------------
---------------------------------
| rollout/           |          |
|    ep_len_mean     | 100      |
|    ep_rew_mean     | -100     |
|    success_rate    | 0        |
| time/              |          |
|    episodes        | 3584     |
|    fps             | 310      |
|    time_elapsed    | 1157     |
|    total_timesteps | 360000   |
---------------------------------
---------------------------------
| rollout/           |          |
|    ep_len_mean     | 100      |
|    ep_rew_mean     | -100     |
|    success_rate    | 0        |
| time/              |          |
|    episodes        | 3588     |
|    fps             | 310      |
|    time_elapsed    | 1157     |
|    total_timesteps | 360000   |
---------------------------------
---------------------------------
| rollout/           |          |
|    ep_len_mean     | 100      |
|    ep_rew_mean     | -100     |
|    success_rate    | 0        |
| time/              |          |
|    episodes        | 3592     |
|    fps             | 310      |
|    time_elapsed    | 1157     |
|    total_timesteps | 360000   |
---------------------------------
---------------------------------
| rollout/           |          |
|    ep_len_mean     | 100      |
|    ep_rew_mean     | -100     |
|    success_rate    | 0        |
| time/              |          |
|    episodes        | 3596     |
|    fps             | 310      |
|    time_elapsed    | 1157     |
|    total_timesteps | 360000   |
---------------------------------
---------------------------------
| rollout/           |          |
|    ep_len_mean     | 100      |
|    ep_rew_mean     | -100     |
|    success_rate    | 0        |
| time/              |          |
|    episodes        | 3600     |
|    fps             | 310      |
|    time_elapsed    | 1157     |
|    total_timesteps | 360000   |
---------------------------------

Running evaluation at 360288 timesteps...
Successfully copied normalization stats
Evaluation results: {'eval/mean_reward': np.float32(-100.0), 'eval/std_reward': np.float32(0.0), 'eval/success_rate': np.float64(0.0)}
---------------------------------
| rollout/           |          |
|    ep_len_mean     | 100      |
|    ep_rew_mean     | -100     |
|    success_rate    | 0        |
| time/              |          |
|    episodes        | 3604     |
|    fps             | 306      |
|    time_elapsed    | 1186     |
|    total_timesteps | 363600   |
| train/             |          |
|    actor_loss      | 1.7      |
|    critic_loss     | 0.00285  |
|    ent_coef        | 0.000253 |
|    ent_coef_loss   | -39.6    |
|    learning_rate   | 0.001    |
|    n_updates       | 9822     |
---------------------------------
---------------------------------
| rollout/           |          |
|    ep_len_mean     | 100      |
|    ep_rew_mean     | -100     |
|    success_rate    | 0        |
| time/              |          |
|    episodes        | 3608     |
|    fps             | 306      |
|    time_elapsed    | 1186     |
|    total_timesteps | 363600   |
---------------------------------
---------------------------------
| rollout/           |          |
|    ep_len_mean     | 100      |
|    ep_rew_mean     | -100     |
|    success_rate    | 0        |
| time/              |          |
|    episodes        | 3612     |
|    fps             | 306      |
|    time_elapsed    | 1186     |
|    total_timesteps | 363600   |
---------------------------------
---------------------------------
| rollout/           |          |
|    ep_len_mean     | 100      |
|    ep_rew_mean     | -100     |
|    success_rate    | 0        |
| time/              |          |
|    episodes        | 3616     |
|    fps             | 306      |
|    time_elapsed    | 1186     |
|    total_timesteps | 363600   |
---------------------------------
---------------------------------
| rollout/           |          |
|    ep_len_mean     | 100      |
|    ep_rew_mean     | -100     |
|    success_rate    | 0        |
| time/              |          |
|    episodes        | 3620     |
|    fps             | 306      |
|    time_elapsed    | 1186     |
|    total_timesteps | 363600   |
---------------------------------
---------------------------------
| rollout/           |          |
|    ep_len_mean     | 100      |
|    ep_rew_mean     | -100     |
|    success_rate    | 0        |
| time/              |          |
|    episodes        | 3624     |
|    fps             | 306      |
|    time_elapsed    | 1186     |
|    total_timesteps | 363600   |
---------------------------------
---------------------------------
| rollout/           |          |
|    ep_len_mean     | 100      |
|    ep_rew_mean     | -100     |
|    success_rate    | 0        |
| time/              |          |
|    episodes        | 3628     |
|    fps             | 306      |
|    time_elapsed    | 1186     |
|    total_timesteps | 363600   |
---------------------------------
---------------------------------
| rollout/           |          |
|    ep_len_mean     | 100      |
|    ep_rew_mean     | -100     |
|    success_rate    | 0        |
| time/              |          |
|    episodes        | 3632     |
|    fps             | 306      |
|    time_elapsed    | 1186     |
|    total_timesteps | 363600   |
---------------------------------
---------------------------------
| rollout/           |          |
|    ep_len_mean     | 100      |
|    ep_rew_mean     | -100     |
|    success_rate    | 0        |
| time/              |          |
|    episodes        | 3636     |
|    fps             | 306      |
|    time_elapsed    | 1186     |
|    total_timesteps | 363600   |
---------------------------------
---------------------------------
| rollout/           |          |
|    ep_len_mean     | 100      |
|    ep_rew_mean     | -100     |
|    success_rate    | 0        |
| time/              |          |
|    episodes        | 3640     |
|    fps             | 307      |
|    time_elapsed    | 1193     |
|    total_timesteps | 367200   |
| train/             |          |
|    actor_loss      | 1.71     |
|    critic_loss     | 0.00282  |
|    ent_coef        | 0.000253 |
|    ent_coef_loss   | 4.23     |
|    learning_rate   | 0.001    |
|    n_updates       | 9922     |
---------------------------------
---------------------------------
| rollout/           |          |
|    ep_len_mean     | 100      |
|    ep_rew_mean     | -100     |
|    success_rate    | 0        |
| time/              |          |
|    episodes        | 3644     |
|    fps             | 307      |
|    time_elapsed    | 1193     |
|    total_timesteps | 367200   |
---------------------------------
---------------------------------
| rollout/           |          |
|    ep_len_mean     | 100      |
|    ep_rew_mean     | -100     |
|    success_rate    | 0        |
| time/              |          |
|    episodes        | 3648     |
|    fps             | 307      |
|    time_elapsed    | 1193     |
|    total_timesteps | 367200   |
---------------------------------
---------------------------------
| rollout/           |          |
|    ep_len_mean     | 100      |
|    ep_rew_mean     | -100     |
|    success_rate    | 0        |
| time/              |          |
|    episodes        | 3652     |
|    fps             | 307      |
|    time_elapsed    | 1193     |
|    total_timesteps | 367200   |
---------------------------------
---------------------------------
| rollout/           |          |
|    ep_len_mean     | 100      |
|    ep_rew_mean     | -100     |
|    success_rate    | 0        |
| time/              |          |
|    episodes        | 3656     |
|    fps             | 307      |
|    time_elapsed    | 1193     |
|    total_timesteps | 367200   |
---------------------------------
---------------------------------
| rollout/           |          |
|    ep_len_mean     | 100      |
|    ep_rew_mean     | -100     |
|    success_rate    | 0        |
| time/              |          |
|    episodes        | 3660     |
|    fps             | 307      |
|    time_elapsed    | 1193     |
|    total_timesteps | 367200   |
---------------------------------
---------------------------------
| rollout/           |          |
|    ep_len_mean     | 100      |
|    ep_rew_mean     | -100     |
|    success_rate    | 0        |
| time/              |          |
|    episodes        | 3664     |
|    fps             | 307      |
|    time_elapsed    | 1193     |
|    total_timesteps | 367200   |
---------------------------------
---------------------------------
| rollout/           |          |
|    ep_len_mean     | 100      |
|    ep_rew_mean     | -100     |
|    success_rate    | 0        |
| time/              |          |
|    episodes        | 3668     |
|    fps             | 307      |
|    time_elapsed    | 1193     |
|    total_timesteps | 367200   |
---------------------------------
---------------------------------
| rollout/           |          |
|    ep_len_mean     | 100      |
|    ep_rew_mean     | -100     |
|    success_rate    | 0        |
| time/              |          |
|    episodes        | 3672     |
|    fps             | 307      |
|    time_elapsed    | 1193     |
|    total_timesteps | 367200   |
---------------------------------
---------------------------------
| rollout/           |          |
|    ep_len_mean     | 100      |
|    ep_rew_mean     | -100     |
|    success_rate    | 0        |
| time/              |          |
|    episodes        | 3676     |
|    fps             | 308      |
|    time_elapsed    | 1201     |
|    total_timesteps | 370800   |
| train/             |          |
|    actor_loss      | 1.72     |
|    critic_loss     | 0.00323  |
|    ent_coef        | 0.000253 |
|    ent_coef_loss   | -4.01    |
|    learning_rate   | 0.001    |
|    n_updates       | 10022    |
---------------------------------
---------------------------------
| rollout/           |          |
|    ep_len_mean     | 100      |
|    ep_rew_mean     | -100     |
|    success_rate    | 0        |
| time/              |          |
|    episodes        | 3680     |
|    fps             | 308      |
|    time_elapsed    | 1201     |
|    total_timesteps | 370800   |
---------------------------------
---------------------------------
| rollout/           |          |
|    ep_len_mean     | 100      |
|    ep_rew_mean     | -100     |
|    success_rate    | 0        |
| time/              |          |
|    episodes        | 3684     |
|    fps             | 308      |
|    time_elapsed    | 1201     |
|    total_timesteps | 370800   |
---------------------------------
---------------------------------
| rollout/           |          |
|    ep_len_mean     | 100      |
|    ep_rew_mean     | -100     |
|    success_rate    | 0        |
| time/              |          |
|    episodes        | 3688     |
|    fps             | 308      |
|    time_elapsed    | 1201     |
|    total_timesteps | 370800   |
---------------------------------
---------------------------------
| rollout/           |          |
|    ep_len_mean     | 100      |
|    ep_rew_mean     | -100     |
|    success_rate    | 0        |
| time/              |          |
|    episodes        | 3692     |
|    fps             | 308      |
|    time_elapsed    | 1201     |
|    total_timesteps | 370800   |
---------------------------------
---------------------------------
| rollout/           |          |
|    ep_len_mean     | 100      |
|    ep_rew_mean     | -100     |
|    success_rate    | 0        |
| time/              |          |
|    episodes        | 3696     |
|    fps             | 308      |
|    time_elapsed    | 1201     |
|    total_timesteps | 370800   |
---------------------------------
---------------------------------
| rollout/           |          |
|    ep_len_mean     | 100      |
|    ep_rew_mean     | -100     |
|    success_rate    | 0        |
| time/              |          |
|    episodes        | 3700     |
|    fps             | 308      |
|    time_elapsed    | 1201     |
|    total_timesteps | 370800   |
---------------------------------
---------------------------------
| rollout/           |          |
|    ep_len_mean     | 100      |
|    ep_rew_mean     | -100     |
|    success_rate    | 0        |
| time/              |          |
|    episodes        | 3704     |
|    fps             | 308      |
|    time_elapsed    | 1201     |
|    total_timesteps | 370800   |
---------------------------------
---------------------------------
| rollout/           |          |
|    ep_len_mean     | 100      |
|    ep_rew_mean     | -100     |
|    success_rate    | 0        |
| time/              |          |
|    episodes        | 3708     |
|    fps             | 308      |
|    time_elapsed    | 1201     |
|    total_timesteps | 370800   |
---------------------------------
---------------------------------
| rollout/           |          |
|    ep_len_mean     | 100      |
|    ep_rew_mean     | -100     |
|    success_rate    | 0        |
| time/              |          |
|    episodes        | 3712     |
|    fps             | 309      |
|    time_elapsed    | 1209     |
|    total_timesteps | 374400   |
| train/             |          |
|    actor_loss      | 1.72     |
|    critic_loss     | 0.00324  |
|    ent_coef        | 0.000251 |
|    ent_coef_loss   | 5.82     |
|    learning_rate   | 0.001    |
|    n_updates       | 10122    |
---------------------------------
---------------------------------
| rollout/           |          |
|    ep_len_mean     | 100      |
|    ep_rew_mean     | -100     |
|    success_rate    | 0        |
| time/              |          |
|    episodes        | 3716     |
|    fps             | 309      |
|    time_elapsed    | 1209     |
|    total_timesteps | 374400   |
---------------------------------
---------------------------------
| rollout/           |          |
|    ep_len_mean     | 100      |
|    ep_rew_mean     | -100     |
|    success_rate    | 0        |
| time/              |          |
|    episodes        | 3720     |
|    fps             | 309      |
|    time_elapsed    | 1209     |
|    total_timesteps | 374400   |
---------------------------------
---------------------------------
| rollout/           |          |
|    ep_len_mean     | 100      |
|    ep_rew_mean     | -100     |
|    success_rate    | 0        |
| time/              |          |
|    episodes        | 3724     |
|    fps             | 309      |
|    time_elapsed    | 1209     |
|    total_timesteps | 374400   |
---------------------------------
---------------------------------
| rollout/           |          |
|    ep_len_mean     | 100      |
|    ep_rew_mean     | -100     |
|    success_rate    | 0        |
| time/              |          |
|    episodes        | 3728     |
|    fps             | 309      |
|    time_elapsed    | 1209     |
|    total_timesteps | 374400   |
---------------------------------
---------------------------------
| rollout/           |          |
|    ep_len_mean     | 100      |
|    ep_rew_mean     | -100     |
|    success_rate    | 0        |
| time/              |          |
|    episodes        | 3732     |
|    fps             | 309      |
|    time_elapsed    | 1209     |
|    total_timesteps | 374400   |
---------------------------------
---------------------------------
| rollout/           |          |
|    ep_len_mean     | 100      |
|    ep_rew_mean     | -100     |
|    success_rate    | 0        |
| time/              |          |
|    episodes        | 3736     |
|    fps             | 309      |
|    time_elapsed    | 1209     |
|    total_timesteps | 374400   |
---------------------------------
---------------------------------
| rollout/           |          |
|    ep_len_mean     | 100      |
|    ep_rew_mean     | -100     |
|    success_rate    | 0        |
| time/              |          |
|    episodes        | 3740     |
|    fps             | 309      |
|    time_elapsed    | 1209     |
|    total_timesteps | 374400   |
---------------------------------
---------------------------------
| rollout/           |          |
|    ep_len_mean     | 100      |
|    ep_rew_mean     | -100     |
|    success_rate    | 0        |
| time/              |          |
|    episodes        | 3744     |
|    fps             | 309      |
|    time_elapsed    | 1209     |
|    total_timesteps | 374400   |
---------------------------------
---------------------------------
| rollout/           |          |
|    ep_len_mean     | 100      |
|    ep_rew_mean     | -100     |
|    success_rate    | 0        |
| time/              |          |
|    episodes        | 3748     |
|    fps             | 310      |
|    time_elapsed    | 1217     |
|    total_timesteps | 378000   |
| train/             |          |
|    actor_loss      | 1.75     |
|    critic_loss     | 0.00268  |
|    ent_coef        | 0.000248 |
|    ent_coef_loss   | 37       |
|    learning_rate   | 0.001    |
|    n_updates       | 10222    |
---------------------------------
---------------------------------
| rollout/           |          |
|    ep_len_mean     | 100      |
|    ep_rew_mean     | -100     |
|    success_rate    | 0        |
| time/              |          |
|    episodes        | 3752     |
|    fps             | 310      |
|    time_elapsed    | 1217     |
|    total_timesteps | 378000   |
---------------------------------
---------------------------------
| rollout/           |          |
|    ep_len_mean     | 100      |
|    ep_rew_mean     | -100     |
|    success_rate    | 0        |
| time/              |          |
|    episodes        | 3756     |
|    fps             | 310      |
|    time_elapsed    | 1217     |
|    total_timesteps | 378000   |
---------------------------------
---------------------------------
| rollout/           |          |
|    ep_len_mean     | 100      |
|    ep_rew_mean     | -100     |
|    success_rate    | 0        |
| time/              |          |
|    episodes        | 3760     |
|    fps             | 310      |
|    time_elapsed    | 1217     |
|    total_timesteps | 378000   |
---------------------------------
---------------------------------
| rollout/           |          |
|    ep_len_mean     | 100      |
|    ep_rew_mean     | -100     |
|    success_rate    | 0        |
| time/              |          |
|    episodes        | 3764     |
|    fps             | 310      |
|    time_elapsed    | 1217     |
|    total_timesteps | 378000   |
---------------------------------
---------------------------------
| rollout/           |          |
|    ep_len_mean     | 100      |
|    ep_rew_mean     | -100     |
|    success_rate    | 0        |
| time/              |          |
|    episodes        | 3768     |
|    fps             | 310      |
|    time_elapsed    | 1217     |
|    total_timesteps | 378000   |
---------------------------------
---------------------------------
| rollout/           |          |
|    ep_len_mean     | 100      |
|    ep_rew_mean     | -100     |
|    success_rate    | 0        |
| time/              |          |
|    episodes        | 3772     |
|    fps             | 310      |
|    time_elapsed    | 1217     |
|    total_timesteps | 378000   |
---------------------------------
---------------------------------
| rollout/           |          |
|    ep_len_mean     | 100      |
|    ep_rew_mean     | -100     |
|    success_rate    | 0        |
| time/              |          |
|    episodes        | 3776     |
|    fps             | 310      |
|    time_elapsed    | 1217     |
|    total_timesteps | 378000   |
---------------------------------
---------------------------------
| rollout/           |          |
|    ep_len_mean     | 100      |
|    ep_rew_mean     | -100     |
|    success_rate    | 0        |
| time/              |          |
|    episodes        | 3780     |
|    fps             | 310      |
|    time_elapsed    | 1217     |
|    total_timesteps | 378000   |
---------------------------------

Running evaluation at 380304 timesteps...
Successfully copied normalization stats
Evaluation results: {'eval/mean_reward': np.float32(-100.0), 'eval/std_reward': np.float32(0.0), 'eval/success_rate': np.float64(0.0)}
---------------------------------
| rollout/           |          |
|    ep_len_mean     | 100      |
|    ep_rew_mean     | -100     |
|    success_rate    | 0        |
| time/              |          |
|    episodes        | 3784     |
|    fps             | 305      |
|    time_elapsed    | 1250     |
|    total_timesteps | 381600   |
| train/             |          |
|    actor_loss      | 1.81     |
|    critic_loss     | 0.00287  |
|    ent_coef        | 0.000249 |
|    ent_coef_loss   | -4.11    |
|    learning_rate   | 0.001    |
|    n_updates       | 10322    |
---------------------------------
---------------------------------
| rollout/           |          |
|    ep_len_mean     | 100      |
|    ep_rew_mean     | -100     |
|    success_rate    | 0        |
| time/              |          |
|    episodes        | 3788     |
|    fps             | 305      |
|    time_elapsed    | 1250     |
|    total_timesteps | 381600   |
---------------------------------
---------------------------------
| rollout/           |          |
|    ep_len_mean     | 100      |
|    ep_rew_mean     | -100     |
|    success_rate    | 0        |
| time/              |          |
|    episodes        | 3792     |
|    fps             | 305      |
|    time_elapsed    | 1250     |
|    total_timesteps | 381600   |
---------------------------------
---------------------------------
| rollout/           |          |
|    ep_len_mean     | 100      |
|    ep_rew_mean     | -100     |
|    success_rate    | 0        |
| time/              |          |
|    episodes        | 3796     |
|    fps             | 305      |
|    time_elapsed    | 1250     |
|    total_timesteps | 381600   |
---------------------------------
---------------------------------
| rollout/           |          |
|    ep_len_mean     | 100      |
|    ep_rew_mean     | -100     |
|    success_rate    | 0        |
| time/              |          |
|    episodes        | 3800     |
|    fps             | 305      |
|    time_elapsed    | 1250     |
|    total_timesteps | 381600   |
---------------------------------
---------------------------------
| rollout/           |          |
|    ep_len_mean     | 100      |
|    ep_rew_mean     | -100     |
|    success_rate    | 0        |
| time/              |          |
|    episodes        | 3804     |
|    fps             | 305      |
|    time_elapsed    | 1250     |
|    total_timesteps | 381600   |
---------------------------------
---------------------------------
| rollout/           |          |
|    ep_len_mean     | 100      |
|    ep_rew_mean     | -100     |
|    success_rate    | 0        |
| time/              |          |
|    episodes        | 3808     |
|    fps             | 305      |
|    time_elapsed    | 1250     |
|    total_timesteps | 381600   |
---------------------------------
---------------------------------
| rollout/           |          |
|    ep_len_mean     | 100      |
|    ep_rew_mean     | -100     |
|    success_rate    | 0        |
| time/              |          |
|    episodes        | 3812     |
|    fps             | 305      |
|    time_elapsed    | 1250     |
|    total_timesteps | 381600   |
---------------------------------
---------------------------------
| rollout/           |          |
|    ep_len_mean     | 100      |
|    ep_rew_mean     | -100     |
|    success_rate    | 0        |
| time/              |          |
|    episodes        | 3816     |
|    fps             | 305      |
|    time_elapsed    | 1250     |
|    total_timesteps | 381600   |
---------------------------------
---------------------------------
| rollout/           |          |
|    ep_len_mean     | 100      |
|    ep_rew_mean     | -100     |
|    success_rate    | 0        |
| time/              |          |
|    episodes        | 3820     |
|    fps             | 306      |
|    time_elapsed    | 1257     |
|    total_timesteps | 385200   |
| train/             |          |
|    actor_loss      | 1.69     |
|    critic_loss     | 0.00282  |
|    ent_coef        | 0.000251 |
|    ent_coef_loss   | 23.4     |
|    learning_rate   | 0.001    |
|    n_updates       | 10422    |
---------------------------------
---------------------------------
| rollout/           |          |
|    ep_len_mean     | 100      |
|    ep_rew_mean     | -100     |
|    success_rate    | 0        |
| time/              |          |
|    episodes        | 3824     |
|    fps             | 306      |
|    time_elapsed    | 1257     |
|    total_timesteps | 385200   |
---------------------------------
---------------------------------
| rollout/           |          |
|    ep_len_mean     | 100      |
|    ep_rew_mean     | -100     |
|    success_rate    | 0        |
| time/              |          |
|    episodes        | 3828     |
|    fps             | 306      |
|    time_elapsed    | 1257     |
|    total_timesteps | 385200   |
---------------------------------
---------------------------------
| rollout/           |          |
|    ep_len_mean     | 100      |
|    ep_rew_mean     | -100     |
|    success_rate    | 0        |
| time/              |          |
|    episodes        | 3832     |
|    fps             | 306      |
|    time_elapsed    | 1257     |
|    total_timesteps | 385200   |
---------------------------------
---------------------------------
| rollout/           |          |
|    ep_len_mean     | 100      |
|    ep_rew_mean     | -100     |
|    success_rate    | 0        |
| time/              |          |
|    episodes        | 3836     |
|    fps             | 306      |
|    time_elapsed    | 1257     |
|    total_timesteps | 385200   |
---------------------------------
---------------------------------
| rollout/           |          |
|    ep_len_mean     | 100      |
|    ep_rew_mean     | -100     |
|    success_rate    | 0        |
| time/              |          |
|    episodes        | 3840     |
|    fps             | 306      |
|    time_elapsed    | 1257     |
|    total_timesteps | 385200   |
---------------------------------
---------------------------------
| rollout/           |          |
|    ep_len_mean     | 100      |
|    ep_rew_mean     | -100     |
|    success_rate    | 0        |
| time/              |          |
|    episodes        | 3844     |
|    fps             | 306      |
|    time_elapsed    | 1257     |
|    total_timesteps | 385200   |
---------------------------------
---------------------------------
| rollout/           |          |
|    ep_len_mean     | 100      |
|    ep_rew_mean     | -100     |
|    success_rate    | 0        |
| time/              |          |
|    episodes        | 3848     |
|    fps             | 306      |
|    time_elapsed    | 1257     |
|    total_timesteps | 385200   |
---------------------------------
---------------------------------
| rollout/           |          |
|    ep_len_mean     | 100      |
|    ep_rew_mean     | -100     |
|    success_rate    | 0        |
| time/              |          |
|    episodes        | 3852     |
|    fps             | 306      |
|    time_elapsed    | 1257     |
|    total_timesteps | 385200   |
---------------------------------
---------------------------------
| rollout/           |          |
|    ep_len_mean     | 100      |
|    ep_rew_mean     | -100     |
|    success_rate    | 0        |
| time/              |          |
|    episodes        | 3856     |
|    fps             | 307      |
|    time_elapsed    | 1265     |
|    total_timesteps | 388800   |
| train/             |          |
|    actor_loss      | 1.76     |
|    critic_loss     | 0.00269  |
|    ent_coef        | 0.000256 |
|    ent_coef_loss   | 12.6     |
|    learning_rate   | 0.001    |
|    n_updates       | 10522    |
---------------------------------
---------------------------------
| rollout/           |          |
|    ep_len_mean     | 100      |
|    ep_rew_mean     | -100     |
|    success_rate    | 0        |
| time/              |          |
|    episodes        | 3860     |
|    fps             | 307      |
|    time_elapsed    | 1265     |
|    total_timesteps | 388800   |
---------------------------------
---------------------------------
| rollout/           |          |
|    ep_len_mean     | 100      |
|    ep_rew_mean     | -100     |
|    success_rate    | 0        |
| time/              |          |
|    episodes        | 3864     |
|    fps             | 307      |
|    time_elapsed    | 1265     |
|    total_timesteps | 388800   |
---------------------------------
---------------------------------
| rollout/           |          |
|    ep_len_mean     | 100      |
|    ep_rew_mean     | -100     |
|    success_rate    | 0        |
| time/              |          |
|    episodes        | 3868     |
|    fps             | 307      |
|    time_elapsed    | 1265     |
|    total_timesteps | 388800   |
---------------------------------
---------------------------------
| rollout/           |          |
|    ep_len_mean     | 100      |
|    ep_rew_mean     | -100     |
|    success_rate    | 0        |
| time/              |          |
|    episodes        | 3872     |
|    fps             | 307      |
|    time_elapsed    | 1265     |
|    total_timesteps | 388800   |
---------------------------------
---------------------------------
| rollout/           |          |
|    ep_len_mean     | 100      |
|    ep_rew_mean     | -100     |
|    success_rate    | 0        |
| time/              |          |
|    episodes        | 3876     |
|    fps             | 307      |
|    time_elapsed    | 1265     |
|    total_timesteps | 388800   |
---------------------------------
---------------------------------
| rollout/           |          |
|    ep_len_mean     | 100      |
|    ep_rew_mean     | -100     |
|    success_rate    | 0        |
| time/              |          |
|    episodes        | 3880     |
|    fps             | 307      |
|    time_elapsed    | 1265     |
|    total_timesteps | 388800   |
---------------------------------
---------------------------------
| rollout/           |          |
|    ep_len_mean     | 100      |
|    ep_rew_mean     | -100     |
|    success_rate    | 0        |
| time/              |          |
|    episodes        | 3884     |
|    fps             | 307      |
|    time_elapsed    | 1265     |
|    total_timesteps | 388800   |
---------------------------------
---------------------------------
| rollout/           |          |
|    ep_len_mean     | 100      |
|    ep_rew_mean     | -100     |
|    success_rate    | 0        |
| time/              |          |
|    episodes        | 3888     |
|    fps             | 307      |
|    time_elapsed    | 1265     |
|    total_timesteps | 388800   |
---------------------------------
---------------------------------
| rollout/           |          |
|    ep_len_mean     | 100      |
|    ep_rew_mean     | -100     |
|    success_rate    | 0        |
| time/              |          |
|    episodes        | 3892     |
|    fps             | 308      |
|    time_elapsed    | 1273     |
|    total_timesteps | 392400   |
| train/             |          |
|    actor_loss      | 1.8      |
|    critic_loss     | 0.0028   |
|    ent_coef        | 0.000262 |
|    ent_coef_loss   | -13.5    |
|    learning_rate   | 0.001    |
|    n_updates       | 10622    |
---------------------------------
---------------------------------
| rollout/           |          |
|    ep_len_mean     | 100      |
|    ep_rew_mean     | -100     |
|    success_rate    | 0        |
| time/              |          |
|    episodes        | 3896     |
|    fps             | 308      |
|    time_elapsed    | 1273     |
|    total_timesteps | 392400   |
---------------------------------
---------------------------------
| rollout/           |          |
|    ep_len_mean     | 100      |
|    ep_rew_mean     | -100     |
|    success_rate    | 0        |
| time/              |          |
|    episodes        | 3900     |
|    fps             | 308      |
|    time_elapsed    | 1273     |
|    total_timesteps | 392400   |
---------------------------------
---------------------------------
| rollout/           |          |
|    ep_len_mean     | 100      |
|    ep_rew_mean     | -100     |
|    success_rate    | 0        |
| time/              |          |
|    episodes        | 3904     |
|    fps             | 308      |
|    time_elapsed    | 1273     |
|    total_timesteps | 392400   |
---------------------------------
---------------------------------
| rollout/           |          |
|    ep_len_mean     | 100      |
|    ep_rew_mean     | -100     |
|    success_rate    | 0        |
| time/              |          |
|    episodes        | 3908     |
|    fps             | 308      |
|    time_elapsed    | 1273     |
|    total_timesteps | 392400   |
---------------------------------
---------------------------------
| rollout/           |          |
|    ep_len_mean     | 100      |
|    ep_rew_mean     | -100     |
|    success_rate    | 0        |
| time/              |          |
|    episodes        | 3912     |
|    fps             | 308      |
|    time_elapsed    | 1273     |
|    total_timesteps | 392400   |
---------------------------------
---------------------------------
| rollout/           |          |
|    ep_len_mean     | 100      |
|    ep_rew_mean     | -100     |
|    success_rate    | 0        |
| time/              |          |
|    episodes        | 3916     |
|    fps             | 308      |
|    time_elapsed    | 1273     |
|    total_timesteps | 392400   |
---------------------------------
---------------------------------
| rollout/           |          |
|    ep_len_mean     | 100      |
|    ep_rew_mean     | -100     |
|    success_rate    | 0        |
| time/              |          |
|    episodes        | 3920     |
|    fps             | 308      |
|    time_elapsed    | 1273     |
|    total_timesteps | 392400   |
---------------------------------
---------------------------------
| rollout/           |          |
|    ep_len_mean     | 100      |
|    ep_rew_mean     | -100     |
|    success_rate    | 0        |
| time/              |          |
|    episodes        | 3924     |
|    fps             | 308      |
|    time_elapsed    | 1273     |
|    total_timesteps | 392400   |
---------------------------------
---------------------------------
| rollout/           |          |
|    ep_len_mean     | 100      |
|    ep_rew_mean     | -100     |
|    success_rate    | 0        |
| time/              |          |
|    episodes        | 3928     |
|    fps             | 309      |
|    time_elapsed    | 1281     |
|    total_timesteps | 396000   |
| train/             |          |
|    actor_loss      | 1.75     |
|    critic_loss     | 0.00283  |
|    ent_coef        | 0.000268 |
|    ent_coef_loss   | 12.1     |
|    learning_rate   | 0.001    |
|    n_updates       | 10722    |
---------------------------------
---------------------------------
| rollout/           |          |
|    ep_len_mean     | 100      |
|    ep_rew_mean     | -100     |
|    success_rate    | 0        |
| time/              |          |
|    episodes        | 3932     |
|    fps             | 309      |
|    time_elapsed    | 1281     |
|    total_timesteps | 396000   |
---------------------------------
---------------------------------
| rollout/           |          |
|    ep_len_mean     | 100      |
|    ep_rew_mean     | -100     |
|    success_rate    | 0        |
| time/              |          |
|    episodes        | 3936     |
|    fps             | 309      |
|    time_elapsed    | 1281     |
|    total_timesteps | 396000   |
---------------------------------
---------------------------------
| rollout/           |          |
|    ep_len_mean     | 100      |
|    ep_rew_mean     | -100     |
|    success_rate    | 0        |
| time/              |          |
|    episodes        | 3940     |
|    fps             | 309      |
|    time_elapsed    | 1281     |
|    total_timesteps | 396000   |
---------------------------------
---------------------------------
| rollout/           |          |
|    ep_len_mean     | 100      |
|    ep_rew_mean     | -100     |
|    success_rate    | 0        |
| time/              |          |
|    episodes        | 3944     |
|    fps             | 309      |
|    time_elapsed    | 1281     |
|    total_timesteps | 396000   |
---------------------------------
---------------------------------
| rollout/           |          |
|    ep_len_mean     | 100      |
|    ep_rew_mean     | -100     |
|    success_rate    | 0        |
| time/              |          |
|    episodes        | 3948     |
|    fps             | 309      |
|    time_elapsed    | 1281     |
|    total_timesteps | 396000   |
---------------------------------
---------------------------------
| rollout/           |          |
|    ep_len_mean     | 100      |
|    ep_rew_mean     | -100     |
|    success_rate    | 0        |
| time/              |          |
|    episodes        | 3952     |
|    fps             | 309      |
|    time_elapsed    | 1281     |
|    total_timesteps | 396000   |
---------------------------------
---------------------------------
| rollout/           |          |
|    ep_len_mean     | 100      |
|    ep_rew_mean     | -100     |
|    success_rate    | 0        |
| time/              |          |
|    episodes        | 3956     |
|    fps             | 309      |
|    time_elapsed    | 1281     |
|    total_timesteps | 396000   |
---------------------------------
---------------------------------
| rollout/           |          |
|    ep_len_mean     | 100      |
|    ep_rew_mean     | -100     |
|    success_rate    | 0        |
| time/              |          |
|    episodes        | 3960     |
|    fps             | 309      |
|    time_elapsed    | 1281     |
|    total_timesteps | 396000   |
---------------------------------
---------------------------------
| rollout/           |          |
|    ep_len_mean     | 100      |
|    ep_rew_mean     | -100     |
|    success_rate    | 0        |
| time/              |          |
|    episodes        | 3964     |
|    fps             | 310      |
|    time_elapsed    | 1289     |
|    total_timesteps | 399600   |
| train/             |          |
|    actor_loss      | 1.73     |
|    critic_loss     | 0.00271  |
|    ent_coef        | 0.000271 |
|    ent_coef_loss   | 12.8     |
|    learning_rate   | 0.001    |
|    n_updates       | 10822    |
---------------------------------
---------------------------------
| rollout/           |          |
|    ep_len_mean     | 100      |
|    ep_rew_mean     | -100     |
|    success_rate    | 0        |
| time/              |          |
|    episodes        | 3968     |
|    fps             | 310      |
|    time_elapsed    | 1289     |
|    total_timesteps | 399600   |
---------------------------------
---------------------------------
| rollout/           |          |
|    ep_len_mean     | 100      |
|    ep_rew_mean     | -100     |
|    success_rate    | 0        |
| time/              |          |
|    episodes        | 3972     |
|    fps             | 310      |
|    time_elapsed    | 1289     |
|    total_timesteps | 399600   |
---------------------------------
---------------------------------
| rollout/           |          |
|    ep_len_mean     | 100      |
|    ep_rew_mean     | -100     |
|    success_rate    | 0        |
| time/              |          |
|    episodes        | 3976     |
|    fps             | 310      |
|    time_elapsed    | 1289     |
|    total_timesteps | 399600   |
---------------------------------
---------------------------------
| rollout/           |          |
|    ep_len_mean     | 100      |
|    ep_rew_mean     | -100     |
|    success_rate    | 0        |
| time/              |          |
|    episodes        | 3980     |
|    fps             | 310      |
|    time_elapsed    | 1289     |
|    total_timesteps | 399600   |
---------------------------------
---------------------------------
| rollout/           |          |
|    ep_len_mean     | 100      |
|    ep_rew_mean     | -100     |
|    success_rate    | 0        |
| time/              |          |
|    episodes        | 3984     |
|    fps             | 310      |
|    time_elapsed    | 1289     |
|    total_timesteps | 399600   |
---------------------------------
---------------------------------
| rollout/           |          |
|    ep_len_mean     | 100      |
|    ep_rew_mean     | -100     |
|    success_rate    | 0        |
| time/              |          |
|    episodes        | 3988     |
|    fps             | 309      |
|    time_elapsed    | 1289     |
|    total_timesteps | 399600   |
---------------------------------
---------------------------------
| rollout/           |          |
|    ep_len_mean     | 100      |
|    ep_rew_mean     | -100     |
|    success_rate    | 0        |
| time/              |          |
|    episodes        | 3992     |
|    fps             | 309      |
|    time_elapsed    | 1289     |
|    total_timesteps | 399600   |
---------------------------------
---------------------------------
| rollout/           |          |
|    ep_len_mean     | 100      |
|    ep_rew_mean     | -100     |
|    success_rate    | 0        |
| time/              |          |
|    episodes        | 3996     |
|    fps             | 309      |
|    time_elapsed    | 1289     |
|    total_timesteps | 399600   |
---------------------------------
Saved VecNormalize stats to /work/hdd/bewv/smahesh1/ShadowHand-TQC/generated/studies/sphere_v1_demo/candidates/n1000_a0p1_b0p9/obj_size_large_ar_high_macro_low_rough_high/rigid/models/n1000_a0p1_b0p9_obj_size_large_ar_high_macro_low_rough_high_rigid/vecnorm_400032.pkl
Saved model to /work/hdd/bewv/smahesh1/ShadowHand-TQC/generated/studies/sphere_v1_demo/candidates/n1000_a0p1_b0p9/obj_size_large_ar_high_macro_low_rough_high/rigid/models/n1000_a0p1_b0p9_obj_size_large_ar_high_macro_low_rough_high_rigid/model_400032_steps.zip

Running evaluation at 400320 timesteps...
Successfully copied normalization stats
Evaluation results: {'eval/mean_reward': np.float32(-100.0), 'eval/std_reward': np.float32(0.0), 'eval/success_rate': np.float64(0.0)}
---------------------------------
| rollout/           |          |
|    ep_len_mean     | 100      |
|    ep_rew_mean     | -100     |
|    success_rate    | 0        |
| time/              |          |
|    episodes        | 4000     |
|    fps             | 305      |
|    time_elapsed    | 1319     |
|    total_timesteps | 403200   |
| train/             |          |
|    actor_loss      | 1.76     |
|    critic_loss     | 0.00319  |
|    ent_coef        | 0.000269 |
|    ent_coef_loss   | -6.11    |
|    learning_rate   | 0.001    |
|    n_updates       | 10922    |
---------------------------------
---------------------------------
| rollout/           |          |
|    ep_len_mean     | 100      |
|    ep_rew_mean     | -100     |
|    success_rate    | 0        |
| time/              |          |
|    episodes        | 4004     |
|    fps             | 305      |
|    time_elapsed    | 1319     |
|    total_timesteps | 403200   |
---------------------------------
---------------------------------
| rollout/           |          |
|    ep_len_mean     | 100      |
|    ep_rew_mean     | -100     |
|    success_rate    | 0        |
| time/              |          |
|    episodes        | 4008     |
|    fps             | 305      |
|    time_elapsed    | 1319     |
|    total_timesteps | 403200   |
---------------------------------
---------------------------------
| rollout/           |          |
|    ep_len_mean     | 100      |
|    ep_rew_mean     | -100     |
|    success_rate    | 0        |
| time/              |          |
|    episodes        | 4012     |
|    fps             | 305      |
|    time_elapsed    | 1319     |
|    total_timesteps | 403200   |
---------------------------------
---------------------------------
| rollout/           |          |
|    ep_len_mean     | 100      |
|    ep_rew_mean     | -100     |
|    success_rate    | 0        |
| time/              |          |
|    episodes        | 4016     |
|    fps             | 305      |
|    time_elapsed    | 1319     |
|    total_timesteps | 403200   |
---------------------------------
---------------------------------
| rollout/           |          |
|    ep_len_mean     | 100      |
|    ep_rew_mean     | -100     |
|    success_rate    | 0        |
| time/              |          |
|    episodes        | 4020     |
|    fps             | 305      |
|    time_elapsed    | 1319     |
|    total_timesteps | 403200   |
---------------------------------
---------------------------------
| rollout/           |          |
|    ep_len_mean     | 100      |
|    ep_rew_mean     | -100     |
|    success_rate    | 0        |
| time/              |          |
|    episodes        | 4024     |
|    fps             | 305      |
|    time_elapsed    | 1319     |
|    total_timesteps | 403200   |
---------------------------------
---------------------------------
| rollout/           |          |
|    ep_len_mean     | 100      |
|    ep_rew_mean     | -100     |
|    success_rate    | 0        |
| time/              |          |
|    episodes        | 4028     |
|    fps             | 305      |
|    time_elapsed    | 1319     |
|    total_timesteps | 403200   |
---------------------------------
---------------------------------
| rollout/           |          |
|    ep_len_mean     | 100      |
|    ep_rew_mean     | -100     |
|    success_rate    | 0        |
| time/              |          |
|    episodes        | 4032     |
|    fps             | 305      |
|    time_elapsed    | 1319     |
|    total_timesteps | 403200   |
---------------------------------
---------------------------------
| rollout/           |          |
|    ep_len_mean     | 100      |
|    ep_rew_mean     | -100     |
|    success_rate    | 0        |
| time/              |          |
|    episodes        | 4036     |
|    fps             | 306      |
|    time_elapsed    | 1327     |
|    total_timesteps | 406800   |
| train/             |          |
|    actor_loss      | 1.76     |
|    critic_loss     | 0.00302  |
|    ent_coef        | 0.000267 |
|    ent_coef_loss   | -4.55    |
|    learning_rate   | 0.001    |
|    n_updates       | 11022    |
---------------------------------
---------------------------------
| rollout/           |          |
|    ep_len_mean     | 100      |
|    ep_rew_mean     | -100     |
|    success_rate    | 0        |
| time/              |          |
|    episodes        | 4040     |
|    fps             | 306      |
|    time_elapsed    | 1327     |
|    total_timesteps | 406800   |
---------------------------------
---------------------------------
| rollout/           |          |
|    ep_len_mean     | 100      |
|    ep_rew_mean     | -100     |
|    success_rate    | 0        |
| time/              |          |
|    episodes        | 4044     |
|    fps             | 306      |
|    time_elapsed    | 1327     |
|    total_timesteps | 406800   |
---------------------------------
---------------------------------
| rollout/           |          |
|    ep_len_mean     | 100      |
|    ep_rew_mean     | -100     |
|    success_rate    | 0        |
| time/              |          |
|    episodes        | 4048     |
|    fps             | 306      |
|    time_elapsed    | 1327     |
|    total_timesteps | 406800   |
---------------------------------
---------------------------------
| rollout/           |          |
|    ep_len_mean     | 100      |
|    ep_rew_mean     | -100     |
|    success_rate    | 0        |
| time/              |          |
|    episodes        | 4052     |
|    fps             | 306      |
|    time_elapsed    | 1327     |
|    total_timesteps | 406800   |
---------------------------------
---------------------------------
| rollout/           |          |
|    ep_len_mean     | 100      |
|    ep_rew_mean     | -100     |
|    success_rate    | 0        |
| time/              |          |
|    episodes        | 4056     |
|    fps             | 306      |
|    time_elapsed    | 1327     |
|    total_timesteps | 406800   |
---------------------------------
---------------------------------
| rollout/           |          |
|    ep_len_mean     | 100      |
|    ep_rew_mean     | -100     |
|    success_rate    | 0        |
| time/              |          |
|    episodes        | 4060     |
|    fps             | 306      |
|    time_elapsed    | 1327     |
|    total_timesteps | 406800   |
---------------------------------
---------------------------------
| rollout/           |          |
|    ep_len_mean     | 100      |
|    ep_rew_mean     | -100     |
|    success_rate    | 0        |
| time/              |          |
|    episodes        | 4064     |
|    fps             | 306      |
|    time_elapsed    | 1327     |
|    total_timesteps | 406800   |
---------------------------------
---------------------------------
| rollout/           |          |
|    ep_len_mean     | 100      |
|    ep_rew_mean     | -100     |
|    success_rate    | 0        |
| time/              |          |
|    episodes        | 4068     |
|    fps             | 306      |
|    time_elapsed    | 1327     |
|    total_timesteps | 406800   |
---------------------------------
---------------------------------
| rollout/           |          |
|    ep_len_mean     | 100      |
|    ep_rew_mean     | -100     |
|    success_rate    | 0        |
| time/              |          |
|    episodes        | 4072     |
|    fps             | 307      |
|    time_elapsed    | 1335     |
|    total_timesteps | 410400   |
| train/             |          |
|    actor_loss      | 1.76     |
|    critic_loss     | 0.00346  |
|    ent_coef        | 0.000268 |
|    ent_coef_loss   | -8.62    |
|    learning_rate   | 0.001    |
|    n_updates       | 11122    |
---------------------------------
---------------------------------
| rollout/           |          |
|    ep_len_mean     | 100      |
|    ep_rew_mean     | -100     |
|    success_rate    | 0        |
| time/              |          |
|    episodes        | 4076     |
|    fps             | 307      |
|    time_elapsed    | 1335     |
|    total_timesteps | 410400   |
---------------------------------
---------------------------------
| rollout/           |          |
|    ep_len_mean     | 100      |
|    ep_rew_mean     | -100     |
|    success_rate    | 0        |
| time/              |          |
|    episodes        | 4080     |
|    fps             | 307      |
|    time_elapsed    | 1335     |
|    total_timesteps | 410400   |
---------------------------------
---------------------------------
| rollout/           |          |
|    ep_len_mean     | 100      |
|    ep_rew_mean     | -100     |
|    success_rate    | 0        |
| time/              |          |
|    episodes        | 4084     |
|    fps             | 307      |
|    time_elapsed    | 1335     |
|    total_timesteps | 410400   |
---------------------------------
---------------------------------
| rollout/           |          |
|    ep_len_mean     | 100      |
|    ep_rew_mean     | -100     |
|    success_rate    | 0        |
| time/              |          |
|    episodes        | 4088     |
|    fps             | 307      |
|    time_elapsed    | 1335     |
|    total_timesteps | 410400   |
---------------------------------
---------------------------------
| rollout/           |          |
|    ep_len_mean     | 100      |
|    ep_rew_mean     | -100     |
|    success_rate    | 0        |
| time/              |          |
|    episodes        | 4092     |
|    fps             | 307      |
|    time_elapsed    | 1335     |
|    total_timesteps | 410400   |
---------------------------------
---------------------------------
| rollout/           |          |
|    ep_len_mean     | 100      |
|    ep_rew_mean     | -100     |
|    success_rate    | 0        |
| time/              |          |
|    episodes        | 4096     |
|    fps             | 307      |
|    time_elapsed    | 1335     |
|    total_timesteps | 410400   |
---------------------------------
---------------------------------
| rollout/           |          |
|    ep_len_mean     | 100      |
|    ep_rew_mean     | -100     |
|    success_rate    | 0        |
| time/              |          |
|    episodes        | 4100     |
|    fps             | 307      |
|    time_elapsed    | 1335     |
|    total_timesteps | 410400   |
---------------------------------
---------------------------------
| rollout/           |          |
|    ep_len_mean     | 100      |
|    ep_rew_mean     | -100     |
|    success_rate    | 0        |
| time/              |          |
|    episodes        | 4104     |
|    fps             | 307      |
|    time_elapsed    | 1335     |
|    total_timesteps | 410400   |
---------------------------------
---------------------------------
| rollout/           |          |
|    ep_len_mean     | 100      |
|    ep_rew_mean     | -100     |
|    success_rate    | 0        |
| time/              |          |
|    episodes        | 4108     |
|    fps             | 308      |
|    time_elapsed    | 1342     |
|    total_timesteps | 414000   |
| train/             |          |
|    actor_loss      | 1.8      |
|    critic_loss     | 0.00275  |
|    ent_coef        | 0.000268 |
|    ent_coef_loss   | -40.2    |
|    learning_rate   | 0.001    |
|    n_updates       | 11222    |
---------------------------------
---------------------------------
| rollout/           |          |
|    ep_len_mean     | 100      |
|    ep_rew_mean     | -100     |
|    success_rate    | 0        |
| time/              |          |
|    episodes        | 4112     |
|    fps             | 308      |
|    time_elapsed    | 1342     |
|    total_timesteps | 414000   |
---------------------------------
---------------------------------
| rollout/           |          |
|    ep_len_mean     | 100      |
|    ep_rew_mean     | -100     |
|    success_rate    | 0        |
| time/              |          |
|    episodes        | 4116     |
|    fps             | 308      |
|    time_elapsed    | 1342     |
|    total_timesteps | 414000   |
---------------------------------
---------------------------------
| rollout/           |          |
|    ep_len_mean     | 100      |
|    ep_rew_mean     | -100     |
|    success_rate    | 0        |
| time/              |          |
|    episodes        | 4120     |
|    fps             | 308      |
|    time_elapsed    | 1342     |
|    total_timesteps | 414000   |
---------------------------------
---------------------------------
| rollout/           |          |
|    ep_len_mean     | 100      |
|    ep_rew_mean     | -100     |
|    success_rate    | 0        |
| time/              |          |
|    episodes        | 4124     |
|    fps             | 308      |
|    time_elapsed    | 1342     |
|    total_timesteps | 414000   |
---------------------------------
---------------------------------
| rollout/           |          |
|    ep_len_mean     | 100      |
|    ep_rew_mean     | -100     |
|    success_rate    | 0        |
| time/              |          |
|    episodes        | 4128     |
|    fps             | 308      |
|    time_elapsed    | 1342     |
|    total_timesteps | 414000   |
---------------------------------
---------------------------------
| rollout/           |          |
|    ep_len_mean     | 100      |
|    ep_rew_mean     | -100     |
|    success_rate    | 0        |
| time/              |          |
|    episodes        | 4132     |
|    fps             | 308      |
|    time_elapsed    | 1342     |
|    total_timesteps | 414000   |
---------------------------------
---------------------------------
| rollout/           |          |
|    ep_len_mean     | 100      |
|    ep_rew_mean     | -100     |
|    success_rate    | 0        |
| time/              |          |
|    episodes        | 4136     |
|    fps             | 308      |
|    time_elapsed    | 1342     |
|    total_timesteps | 414000   |
---------------------------------
---------------------------------
| rollout/           |          |
|    ep_len_mean     | 100      |
|    ep_rew_mean     | -100     |
|    success_rate    | 0        |
| time/              |          |
|    episodes        | 4140     |
|    fps             | 308      |
|    time_elapsed    | 1342     |
|    total_timesteps | 414000   |
---------------------------------
---------------------------------
| rollout/           |          |
|    ep_len_mean     | 100      |
|    ep_rew_mean     | -100     |
|    success_rate    | 0        |
| time/              |          |
|    episodes        | 4144     |
|    fps             | 309      |
|    time_elapsed    | 1350     |
|    total_timesteps | 417600   |
| train/             |          |
|    actor_loss      | 1.85     |
|    critic_loss     | 0.00265  |
|    ent_coef        | 0.000268 |
|    ent_coef_loss   | 21.6     |
|    learning_rate   | 0.001    |
|    n_updates       | 11322    |
---------------------------------
---------------------------------
| rollout/           |          |
|    ep_len_mean     | 100      |
|    ep_rew_mean     | -100     |
|    success_rate    | 0        |
| time/              |          |
|    episodes        | 4148     |
|    fps             | 309      |
|    time_elapsed    | 1350     |
|    total_timesteps | 417600   |
---------------------------------
---------------------------------
| rollout/           |          |
|    ep_len_mean     | 100      |
|    ep_rew_mean     | -100     |
|    success_rate    | 0        |
| time/              |          |
|    episodes        | 4152     |
|    fps             | 309      |
|    time_elapsed    | 1350     |
|    total_timesteps | 417600   |
---------------------------------
---------------------------------
| rollout/           |          |
|    ep_len_mean     | 100      |
|    ep_rew_mean     | -100     |
|    success_rate    | 0        |
| time/              |          |
|    episodes        | 4156     |
|    fps             | 309      |
|    time_elapsed    | 1350     |
|    total_timesteps | 417600   |
---------------------------------
---------------------------------
| rollout/           |          |
|    ep_len_mean     | 100      |
|    ep_rew_mean     | -100     |
|    success_rate    | 0        |
| time/              |          |
|    episodes        | 4160     |
|    fps             | 309      |
|    time_elapsed    | 1350     |
|    total_timesteps | 417600   |
---------------------------------
---------------------------------
| rollout/           |          |
|    ep_len_mean     | 100      |
|    ep_rew_mean     | -100     |
|    success_rate    | 0        |
| time/              |          |
|    episodes        | 4164     |
|    fps             | 309      |
|    time_elapsed    | 1350     |
|    total_timesteps | 417600   |
---------------------------------
---------------------------------
| rollout/           |          |
|    ep_len_mean     | 100      |
|    ep_rew_mean     | -100     |
|    success_rate    | 0        |
| time/              |          |
|    episodes        | 4168     |
|    fps             | 309      |
|    time_elapsed    | 1350     |
|    total_timesteps | 417600   |
---------------------------------
---------------------------------
| rollout/           |          |
|    ep_len_mean     | 100      |
|    ep_rew_mean     | -100     |
|    success_rate    | 0        |
| time/              |          |
|    episodes        | 4172     |
|    fps             | 309      |
|    time_elapsed    | 1350     |
|    total_timesteps | 417600   |
---------------------------------
---------------------------------
| rollout/           |          |
|    ep_len_mean     | 100      |
|    ep_rew_mean     | -100     |
|    success_rate    | 0        |
| time/              |          |
|    episodes        | 4176     |
|    fps             | 309      |
|    time_elapsed    | 1350     |
|    total_timesteps | 417600   |
---------------------------------

Running evaluation at 420336 timesteps...
Successfully copied normalization stats
Evaluation results: {'eval/mean_reward': np.float32(-100.0), 'eval/std_reward': np.float32(0.0), 'eval/success_rate': np.float64(0.0)}
---------------------------------
| rollout/           |          |
|    ep_len_mean     | 100      |
|    ep_rew_mean     | -100     |
|    success_rate    | 0        |
| time/              |          |
|    episodes        | 4180     |
|    fps             | 304      |
|    time_elapsed    | 1381     |
|    total_timesteps | 421200   |
| train/             |          |
|    actor_loss      | 1.85     |
|    critic_loss     | 0.00253  |
|    ent_coef        | 0.000263 |
|    ent_coef_loss   | -3.26    |
|    learning_rate   | 0.001    |
|    n_updates       | 11422    |
---------------------------------
---------------------------------
| rollout/           |          |
|    ep_len_mean     | 100      |
|    ep_rew_mean     | -100     |
|    success_rate    | 0        |
| time/              |          |
|    episodes        | 4184     |
|    fps             | 304      |
|    time_elapsed    | 1381     |
|    total_timesteps | 421200   |
---------------------------------
---------------------------------
| rollout/           |          |
|    ep_len_mean     | 100      |
|    ep_rew_mean     | -100     |
|    success_rate    | 0        |
| time/              |          |
|    episodes        | 4188     |
|    fps             | 304      |
|    time_elapsed    | 1381     |
|    total_timesteps | 421200   |
---------------------------------
---------------------------------
| rollout/           |          |
|    ep_len_mean     | 100      |
|    ep_rew_mean     | -100     |
|    success_rate    | 0        |
| time/              |          |
|    episodes        | 4192     |
|    fps             | 304      |
|    time_elapsed    | 1381     |
|    total_timesteps | 421200   |
---------------------------------
---------------------------------
| rollout/           |          |
|    ep_len_mean     | 100      |
|    ep_rew_mean     | -100     |
|    success_rate    | 0        |
| time/              |          |
|    episodes        | 4196     |
|    fps             | 304      |
|    time_elapsed    | 1381     |
|    total_timesteps | 421200   |
---------------------------------
---------------------------------
| rollout/           |          |
|    ep_len_mean     | 100      |
|    ep_rew_mean     | -100     |
|    success_rate    | 0        |
| time/              |          |
|    episodes        | 4200     |
|    fps             | 304      |
|    time_elapsed    | 1381     |
|    total_timesteps | 421200   |
---------------------------------
---------------------------------
| rollout/           |          |
|    ep_len_mean     | 100      |
|    ep_rew_mean     | -100     |
|    success_rate    | 0        |
| time/              |          |
|    episodes        | 4204     |
|    fps             | 304      |
|    time_elapsed    | 1381     |
|    total_timesteps | 421200   |
---------------------------------
---------------------------------
| rollout/           |          |
|    ep_len_mean     | 100      |
|    ep_rew_mean     | -100     |
|    success_rate    | 0        |
| time/              |          |
|    episodes        | 4208     |
|    fps             | 304      |
|    time_elapsed    | 1381     |
|    total_timesteps | 421200   |
---------------------------------
---------------------------------
| rollout/           |          |
|    ep_len_mean     | 100      |
|    ep_rew_mean     | -100     |
|    success_rate    | 0        |
| time/              |          |
|    episodes        | 4212     |
|    fps             | 304      |
|    time_elapsed    | 1381     |
|    total_timesteps | 421200   |
---------------------------------
---------------------------------
| rollout/           |          |
|    ep_len_mean     | 100      |
|    ep_rew_mean     | -100     |
|    success_rate    | 0        |
| time/              |          |
|    episodes        | 4216     |
|    fps             | 305      |
|    time_elapsed    | 1389     |
|    total_timesteps | 424800   |
| train/             |          |
|    actor_loss      | 1.87     |
|    critic_loss     | 0.00345  |
|    ent_coef        | 0.000262 |
|    ent_coef_loss   | 28.6     |
|    learning_rate   | 0.001    |
|    n_updates       | 11522    |
---------------------------------
---------------------------------
| rollout/           |          |
|    ep_len_mean     | 100      |
|    ep_rew_mean     | -100     |
|    success_rate    | 0        |
| time/              |          |
|    episodes        | 4220     |
|    fps             | 305      |
|    time_elapsed    | 1389     |
|    total_timesteps | 424800   |
---------------------------------
---------------------------------
| rollout/           |          |
|    ep_len_mean     | 100      |
|    ep_rew_mean     | -100     |
|    success_rate    | 0        |
| time/              |          |
|    episodes        | 4224     |
|    fps             | 305      |
|    time_elapsed    | 1389     |
|    total_timesteps | 424800   |
---------------------------------
---------------------------------
| rollout/           |          |
|    ep_len_mean     | 100      |
|    ep_rew_mean     | -100     |
|    success_rate    | 0        |
| time/              |          |
|    episodes        | 4228     |
|    fps             | 305      |
|    time_elapsed    | 1389     |
|    total_timesteps | 424800   |
---------------------------------
---------------------------------
| rollout/           |          |
|    ep_len_mean     | 100      |
|    ep_rew_mean     | -100     |
|    success_rate    | 0        |
| time/              |          |
|    episodes        | 4232     |
|    fps             | 305      |
|    time_elapsed    | 1389     |
|    total_timesteps | 424800   |
---------------------------------
---------------------------------
| rollout/           |          |
|    ep_len_mean     | 100      |
|    ep_rew_mean     | -100     |
|    success_rate    | 0        |
| time/              |          |
|    episodes        | 4236     |
|    fps             | 305      |
|    time_elapsed    | 1389     |
|    total_timesteps | 424800   |
---------------------------------
---------------------------------
| rollout/           |          |
|    ep_len_mean     | 100      |
|    ep_rew_mean     | -100     |
|    success_rate    | 0        |
| time/              |          |
|    episodes        | 4240     |
|    fps             | 305      |
|    time_elapsed    | 1389     |
|    total_timesteps | 424800   |
---------------------------------
---------------------------------
| rollout/           |          |
|    ep_len_mean     | 100      |
|    ep_rew_mean     | -100     |
|    success_rate    | 0        |
| time/              |          |
|    episodes        | 4244     |
|    fps             | 305      |
|    time_elapsed    | 1389     |
|    total_timesteps | 424800   |
---------------------------------
---------------------------------
| rollout/           |          |
|    ep_len_mean     | 100      |
|    ep_rew_mean     | -100     |
|    success_rate    | 0        |
| time/              |          |
|    episodes        | 4248     |
|    fps             | 305      |
|    time_elapsed    | 1389     |
|    total_timesteps | 424800   |
---------------------------------
---------------------------------
| rollout/           |          |
|    ep_len_mean     | 100      |
|    ep_rew_mean     | -100     |
|    success_rate    | 0        |
| time/              |          |
|    episodes        | 4252     |
|    fps             | 306      |
|    time_elapsed    | 1396     |
|    total_timesteps | 428400   |
| train/             |          |
|    actor_loss      | 1.79     |
|    critic_loss     | 0.00376  |
|    ent_coef        | 0.000269 |
|    ent_coef_loss   | 22.4     |
|    learning_rate   | 0.001    |
|    n_updates       | 11622    |
---------------------------------
---------------------------------
| rollout/           |          |
|    ep_len_mean     | 100      |
|    ep_rew_mean     | -100     |
|    success_rate    | 0        |
| time/              |          |
|    episodes        | 4256     |
|    fps             | 306      |
|    time_elapsed    | 1396     |
|    total_timesteps | 428400   |
---------------------------------
---------------------------------
| rollout/           |          |
|    ep_len_mean     | 100      |
|    ep_rew_mean     | -100     |
|    success_rate    | 0        |
| time/              |          |
|    episodes        | 4260     |
|    fps             | 306      |
|    time_elapsed    | 1396     |
|    total_timesteps | 428400   |
---------------------------------
---------------------------------
| rollout/           |          |
|    ep_len_mean     | 100      |
|    ep_rew_mean     | -100     |
|    success_rate    | 0        |
| time/              |          |
|    episodes        | 4264     |
|    fps             | 306      |
|    time_elapsed    | 1396     |
|    total_timesteps | 428400   |
---------------------------------
---------------------------------
| rollout/           |          |
|    ep_len_mean     | 100      |
|    ep_rew_mean     | -100     |
|    success_rate    | 0        |
| time/              |          |
|    episodes        | 4268     |
|    fps             | 306      |
|    time_elapsed    | 1396     |
|    total_timesteps | 428400   |
---------------------------------
---------------------------------
| rollout/           |          |
|    ep_len_mean     | 100      |
|    ep_rew_mean     | -100     |
|    success_rate    | 0        |
| time/              |          |
|    episodes        | 4272     |
|    fps             | 306      |
|    time_elapsed    | 1396     |
|    total_timesteps | 428400   |
---------------------------------
---------------------------------
| rollout/           |          |
|    ep_len_mean     | 100      |
|    ep_rew_mean     | -100     |
|    success_rate    | 0        |
| time/              |          |
|    episodes        | 4276     |
|    fps             | 306      |
|    time_elapsed    | 1396     |
|    total_timesteps | 428400   |
---------------------------------
---------------------------------
| rollout/           |          |
|    ep_len_mean     | 100      |
|    ep_rew_mean     | -100     |
|    success_rate    | 0        |
| time/              |          |
|    episodes        | 4280     |
|    fps             | 306      |
|    time_elapsed    | 1396     |
|    total_timesteps | 428400   |
---------------------------------
---------------------------------
| rollout/           |          |
|    ep_len_mean     | 100      |
|    ep_rew_mean     | -100     |
|    success_rate    | 0        |
| time/              |          |
|    episodes        | 4284     |
|    fps             | 306      |
|    time_elapsed    | 1396     |
|    total_timesteps | 428400   |
---------------------------------
---------------------------------
| rollout/           |          |
|    ep_len_mean     | 100      |
|    ep_rew_mean     | -100     |
|    success_rate    | 0        |
| time/              |          |
|    episodes        | 4288     |
|    fps             | 307      |
|    time_elapsed    | 1404     |
|    total_timesteps | 432000   |
| train/             |          |
|    actor_loss      | 1.82     |
|    critic_loss     | 0.00346  |
|    ent_coef        | 0.00027  |
|    ent_coef_loss   | 11.4     |
|    learning_rate   | 0.001    |
|    n_updates       | 11722    |
---------------------------------
---------------------------------
| rollout/           |          |
|    ep_len_mean     | 100      |
|    ep_rew_mean     | -100     |
|    success_rate    | 0        |
| time/              |          |
|    episodes        | 4292     |
|    fps             | 307      |
|    time_elapsed    | 1404     |
|    total_timesteps | 432000   |
---------------------------------
---------------------------------
| rollout/           |          |
|    ep_len_mean     | 100      |
|    ep_rew_mean     | -100     |
|    success_rate    | 0        |
| time/              |          |
|    episodes        | 4296     |
|    fps             | 307      |
|    time_elapsed    | 1404     |
|    total_timesteps | 432000   |
---------------------------------
---------------------------------
| rollout/           |          |
|    ep_len_mean     | 100      |
|    ep_rew_mean     | -100     |
|    success_rate    | 0        |
| time/              |          |
|    episodes        | 4300     |
|    fps             | 307      |
|    time_elapsed    | 1404     |
|    total_timesteps | 432000   |
---------------------------------
---------------------------------
| rollout/           |          |
|    ep_len_mean     | 100      |
|    ep_rew_mean     | -100     |
|    success_rate    | 0        |
| time/              |          |
|    episodes        | 4304     |
|    fps             | 307      |
|    time_elapsed    | 1404     |
|    total_timesteps | 432000   |
---------------------------------
---------------------------------
| rollout/           |          |
|    ep_len_mean     | 100      |
|    ep_rew_mean     | -100     |
|    success_rate    | 0        |
| time/              |          |
|    episodes        | 4308     |
|    fps             | 307      |
|    time_elapsed    | 1404     |
|    total_timesteps | 432000   |
---------------------------------
---------------------------------
| rollout/           |          |
|    ep_len_mean     | 100      |
|    ep_rew_mean     | -100     |
|    success_rate    | 0        |
| time/              |          |
|    episodes        | 4312     |
|    fps             | 307      |
|    time_elapsed    | 1404     |
|    total_timesteps | 432000   |
---------------------------------
---------------------------------
| rollout/           |          |
|    ep_len_mean     | 100      |
|    ep_rew_mean     | -100     |
|    success_rate    | 0        |
| time/              |          |
|    episodes        | 4316     |
|    fps             | 307      |
|    time_elapsed    | 1404     |
|    total_timesteps | 432000   |
---------------------------------
---------------------------------
| rollout/           |          |
|    ep_len_mean     | 100      |
|    ep_rew_mean     | -100     |
|    success_rate    | 0        |
| time/              |          |
|    episodes        | 4320     |
|    fps             | 307      |
|    time_elapsed    | 1404     |
|    total_timesteps | 432000   |
---------------------------------
---------------------------------
| rollout/           |          |
|    ep_len_mean     | 100      |
|    ep_rew_mean     | -100     |
|    success_rate    | 0        |
| time/              |          |
|    episodes        | 4324     |
|    fps             | 308      |
|    time_elapsed    | 1411     |
|    total_timesteps | 435600   |
| train/             |          |
|    actor_loss      | 1.76     |
|    critic_loss     | 0.00319  |
|    ent_coef        | 0.000269 |
|    ent_coef_loss   | 2.19     |
|    learning_rate   | 0.001    |
|    n_updates       | 11822    |
---------------------------------
---------------------------------
| rollout/           |          |
|    ep_len_mean     | 100      |
|    ep_rew_mean     | -100     |
|    success_rate    | 0        |
| time/              |          |
|    episodes        | 4328     |
|    fps             | 308      |
|    time_elapsed    | 1411     |
|    total_timesteps | 435600   |
---------------------------------
---------------------------------
| rollout/           |          |
|    ep_len_mean     | 100      |
|    ep_rew_mean     | -100     |
|    success_rate    | 0        |
| time/              |          |
|    episodes        | 4332     |
|    fps             | 308      |
|    time_elapsed    | 1411     |
|    total_timesteps | 435600   |
---------------------------------
---------------------------------
| rollout/           |          |
|    ep_len_mean     | 100      |
|    ep_rew_mean     | -100     |
|    success_rate    | 0        |
| time/              |          |
|    episodes        | 4336     |
|    fps             | 308      |
|    time_elapsed    | 1411     |
|    total_timesteps | 435600   |
---------------------------------
---------------------------------
| rollout/           |          |
|    ep_len_mean     | 100      |
|    ep_rew_mean     | -100     |
|    success_rate    | 0        |
| time/              |          |
|    episodes        | 4340     |
|    fps             | 308      |
|    time_elapsed    | 1411     |
|    total_timesteps | 435600   |
---------------------------------
---------------------------------
| rollout/           |          |
|    ep_len_mean     | 100      |
|    ep_rew_mean     | -100     |
|    success_rate    | 0        |
| time/              |          |
|    episodes        | 4344     |
|    fps             | 308      |
|    time_elapsed    | 1411     |
|    total_timesteps | 435600   |
---------------------------------
---------------------------------
| rollout/           |          |
|    ep_len_mean     | 100      |
|    ep_rew_mean     | -100     |
|    success_rate    | 0        |
| time/              |          |
|    episodes        | 4348     |
|    fps             | 308      |
|    time_elapsed    | 1411     |
|    total_timesteps | 435600   |
---------------------------------
---------------------------------
| rollout/           |          |
|    ep_len_mean     | 100      |
|    ep_rew_mean     | -100     |
|    success_rate    | 0        |
| time/              |          |
|    episodes        | 4352     |
|    fps             | 308      |
|    time_elapsed    | 1411     |
|    total_timesteps | 435600   |
---------------------------------
---------------------------------
| rollout/           |          |
|    ep_len_mean     | 100      |
|    ep_rew_mean     | -100     |
|    success_rate    | 0        |
| time/              |          |
|    episodes        | 4356     |
|    fps             | 308      |
|    time_elapsed    | 1411     |
|    total_timesteps | 435600   |
---------------------------------
---------------------------------
| rollout/           |          |
|    ep_len_mean     | 100      |
|    ep_rew_mean     | -100     |
|    success_rate    | 0        |
| time/              |          |
|    episodes        | 4360     |
|    fps             | 309      |
|    time_elapsed    | 1419     |
|    total_timesteps | 439200   |
| train/             |          |
|    actor_loss      | 1.76     |
|    critic_loss     | 0.00302  |
|    ent_coef        | 0.000269 |
|    ent_coef_loss   | 19.3     |
|    learning_rate   | 0.001    |
|    n_updates       | 11922    |
---------------------------------
---------------------------------
| rollout/           |          |
|    ep_len_mean     | 100      |
|    ep_rew_mean     | -100     |
|    success_rate    | 0        |
| time/              |          |
|    episodes        | 4364     |
|    fps             | 309      |
|    time_elapsed    | 1419     |
|    total_timesteps | 439200   |
---------------------------------
---------------------------------
| rollout/           |          |
|    ep_len_mean     | 100      |
|    ep_rew_mean     | -100     |
|    success_rate    | 0        |
| time/              |          |
|    episodes        | 4368     |
|    fps             | 309      |
|    time_elapsed    | 1419     |
|    total_timesteps | 439200   |
---------------------------------
---------------------------------
| rollout/           |          |
|    ep_len_mean     | 100      |
|    ep_rew_mean     | -100     |
|    success_rate    | 0        |
| time/              |          |
|    episodes        | 4372     |
|    fps             | 309      |
|    time_elapsed    | 1419     |
|    total_timesteps | 439200   |
---------------------------------
---------------------------------
| rollout/           |          |
|    ep_len_mean     | 100      |
|    ep_rew_mean     | -100     |
|    success_rate    | 0        |
| time/              |          |
|    episodes        | 4376     |
|    fps             | 309      |
|    time_elapsed    | 1419     |
|    total_timesteps | 439200   |
---------------------------------
---------------------------------
| rollout/           |          |
|    ep_len_mean     | 100      |
|    ep_rew_mean     | -100     |
|    success_rate    | 0        |
| time/              |          |
|    episodes        | 4380     |
|    fps             | 309      |
|    time_elapsed    | 1419     |
|    total_timesteps | 439200   |
---------------------------------
---------------------------------
| rollout/           |          |
|    ep_len_mean     | 100      |
|    ep_rew_mean     | -100     |
|    success_rate    | 0        |
| time/              |          |
|    episodes        | 4384     |
|    fps             | 309      |
|    time_elapsed    | 1419     |
|    total_timesteps | 439200   |
---------------------------------
---------------------------------
| rollout/           |          |
|    ep_len_mean     | 100      |
|    ep_rew_mean     | -100     |
|    success_rate    | 0        |
| time/              |          |
|    episodes        | 4388     |
|    fps             | 309      |
|    time_elapsed    | 1419     |
|    total_timesteps | 439200   |
---------------------------------
---------------------------------
| rollout/           |          |
|    ep_len_mean     | 100      |
|    ep_rew_mean     | -100     |
|    success_rate    | 0        |
| time/              |          |
|    episodes        | 4392     |
|    fps             | 309      |
|    time_elapsed    | 1419     |
|    total_timesteps | 439200   |
---------------------------------

Running evaluation at 440352 timesteps...
Successfully copied normalization stats
Evaluation results: {'eval/mean_reward': np.float32(-100.0), 'eval/std_reward': np.float32(0.0), 'eval/success_rate': np.float64(0.0)}
---------------------------------
| rollout/           |          |
|    ep_len_mean     | 100      |
|    ep_rew_mean     | -100     |
|    success_rate    | 0        |
| time/              |          |
|    episodes        | 4396     |
|    fps             | 305      |
|    time_elapsed    | 1451     |
|    total_timesteps | 442800   |
| train/             |          |
|    actor_loss      | 1.79     |
|    critic_loss     | 0.00293  |
|    ent_coef        | 0.000267 |
|    ent_coef_loss   | -18.7    |
|    learning_rate   | 0.001    |
|    n_updates       | 12022    |
---------------------------------
---------------------------------
| rollout/           |          |
|    ep_len_mean     | 100      |
|    ep_rew_mean     | -100     |
|    success_rate    | 0        |
| time/              |          |
|    episodes        | 4400     |
|    fps             | 305      |
|    time_elapsed    | 1451     |
|    total_timesteps | 442800   |
---------------------------------
---------------------------------
| rollout/           |          |
|    ep_len_mean     | 100      |
|    ep_rew_mean     | -100     |
|    success_rate    | 0        |
| time/              |          |
|    episodes        | 4404     |
|    fps             | 305      |
|    time_elapsed    | 1451     |
|    total_timesteps | 442800   |
---------------------------------
---------------------------------
| rollout/           |          |
|    ep_len_mean     | 100      |
|    ep_rew_mean     | -100     |
|    success_rate    | 0        |
| time/              |          |
|    episodes        | 4408     |
|    fps             | 305      |
|    time_elapsed    | 1451     |
|    total_timesteps | 442800   |
---------------------------------
---------------------------------
| rollout/           |          |
|    ep_len_mean     | 100      |
|    ep_rew_mean     | -100     |
|    success_rate    | 0        |
| time/              |          |
|    episodes        | 4412     |
|    fps             | 305      |
|    time_elapsed    | 1451     |
|    total_timesteps | 442800   |
---------------------------------
---------------------------------
| rollout/           |          |
|    ep_len_mean     | 100      |
|    ep_rew_mean     | -100     |
|    success_rate    | 0        |
| time/              |          |
|    episodes        | 4416     |
|    fps             | 305      |
|    time_elapsed    | 1451     |
|    total_timesteps | 442800   |
---------------------------------
---------------------------------
| rollout/           |          |
|    ep_len_mean     | 100      |
|    ep_rew_mean     | -100     |
|    success_rate    | 0        |
| time/              |          |
|    episodes        | 4420     |
|    fps             | 305      |
|    time_elapsed    | 1451     |
|    total_timesteps | 442800   |
---------------------------------
---------------------------------
| rollout/           |          |
|    ep_len_mean     | 100      |
|    ep_rew_mean     | -100     |
|    success_rate    | 0        |
| time/              |          |
|    episodes        | 4424     |
|    fps             | 305      |
|    time_elapsed    | 1451     |
|    total_timesteps | 442800   |
---------------------------------
---------------------------------
| rollout/           |          |
|    ep_len_mean     | 100      |
|    ep_rew_mean     | -100     |
|    success_rate    | 0        |
| time/              |          |
|    episodes        | 4428     |
|    fps             | 305      |
|    time_elapsed    | 1451     |
|    total_timesteps | 442800   |
---------------------------------
---------------------------------
| rollout/           |          |
|    ep_len_mean     | 100      |
|    ep_rew_mean     | -100     |
|    success_rate    | 0        |
| time/              |          |
|    episodes        | 4432     |
|    fps             | 305      |
|    time_elapsed    | 1459     |
|    total_timesteps | 446400   |
| train/             |          |
|    actor_loss      | 1.81     |
|    critic_loss     | 0.00277  |
|    ent_coef        | 0.000267 |
|    ent_coef_loss   | -5.82    |
|    learning_rate   | 0.001    |
|    n_updates       | 12122    |
---------------------------------
---------------------------------
| rollout/           |          |
|    ep_len_mean     | 100      |
|    ep_rew_mean     | -100     |
|    success_rate    | 0        |
| time/              |          |
|    episodes        | 4436     |
|    fps             | 305      |
|    time_elapsed    | 1459     |
|    total_timesteps | 446400   |
---------------------------------
---------------------------------
| rollout/           |          |
|    ep_len_mean     | 100      |
|    ep_rew_mean     | -100     |
|    success_rate    | 0        |
| time/              |          |
|    episodes        | 4440     |
|    fps             | 305      |
|    time_elapsed    | 1459     |
|    total_timesteps | 446400   |
---------------------------------
---------------------------------
| rollout/           |          |
|    ep_len_mean     | 100      |
|    ep_rew_mean     | -100     |
|    success_rate    | 0        |
| time/              |          |
|    episodes        | 4444     |
|    fps             | 305      |
|    time_elapsed    | 1459     |
|    total_timesteps | 446400   |
---------------------------------
---------------------------------
| rollout/           |          |
|    ep_len_mean     | 100      |
|    ep_rew_mean     | -100     |
|    success_rate    | 0        |
| time/              |          |
|    episodes        | 4448     |
|    fps             | 305      |
|    time_elapsed    | 1459     |
|    total_timesteps | 446400   |
---------------------------------
---------------------------------
| rollout/           |          |
|    ep_len_mean     | 100      |
|    ep_rew_mean     | -100     |
|    success_rate    | 0        |
| time/              |          |
|    episodes        | 4452     |
|    fps             | 305      |
|    time_elapsed    | 1459     |
|    total_timesteps | 446400   |
---------------------------------
---------------------------------
| rollout/           |          |
|    ep_len_mean     | 100      |
|    ep_rew_mean     | -100     |
|    success_rate    | 0        |
| time/              |          |
|    episodes        | 4456     |
|    fps             | 305      |
|    time_elapsed    | 1459     |
|    total_timesteps | 446400   |
---------------------------------
---------------------------------
| rollout/           |          |
|    ep_len_mean     | 100      |
|    ep_rew_mean     | -100     |
|    success_rate    | 0        |
| time/              |          |
|    episodes        | 4460     |
|    fps             | 305      |
|    time_elapsed    | 1459     |
|    total_timesteps | 446400   |
---------------------------------
---------------------------------
| rollout/           |          |
|    ep_len_mean     | 100      |
|    ep_rew_mean     | -100     |
|    success_rate    | 0        |
| time/              |          |
|    episodes        | 4464     |
|    fps             | 305      |
|    time_elapsed    | 1459     |
|    total_timesteps | 446400   |
---------------------------------
---------------------------------
| rollout/           |          |
|    ep_len_mean     | 100      |
|    ep_rew_mean     | -100     |
|    success_rate    | 0        |
| time/              |          |
|    episodes        | 4468     |
|    fps             | 306      |
|    time_elapsed    | 1466     |
|    total_timesteps | 450000   |
| train/             |          |
|    actor_loss      | 1.71     |
|    critic_loss     | 0.00306  |
|    ent_coef        | 0.000267 |
|    ent_coef_loss   | -1.95    |
|    learning_rate   | 0.001    |
|    n_updates       | 12222    |
---------------------------------
---------------------------------
| rollout/           |          |
|    ep_len_mean     | 100      |
|    ep_rew_mean     | -100     |
|    success_rate    | 0        |
| time/              |          |
|    episodes        | 4472     |
|    fps             | 306      |
|    time_elapsed    | 1466     |
|    total_timesteps | 450000   |
---------------------------------
---------------------------------
| rollout/           |          |
|    ep_len_mean     | 100      |
|    ep_rew_mean     | -100     |
|    success_rate    | 0        |
| time/              |          |
|    episodes        | 4476     |
|    fps             | 306      |
|    time_elapsed    | 1466     |
|    total_timesteps | 450000   |
---------------------------------
---------------------------------
| rollout/           |          |
|    ep_len_mean     | 100      |
|    ep_rew_mean     | -100     |
|    success_rate    | 0        |
| time/              |          |
|    episodes        | 4480     |
|    fps             | 306      |
|    time_elapsed    | 1466     |
|    total_timesteps | 450000   |
---------------------------------
---------------------------------
| rollout/           |          |
|    ep_len_mean     | 100      |
|    ep_rew_mean     | -100     |
|    success_rate    | 0        |
| time/              |          |
|    episodes        | 4484     |
|    fps             | 306      |
|    time_elapsed    | 1466     |
|    total_timesteps | 450000   |
---------------------------------
---------------------------------
| rollout/           |          |
|    ep_len_mean     | 100      |
|    ep_rew_mean     | -100     |
|    success_rate    | 0        |
| time/              |          |
|    episodes        | 4488     |
|    fps             | 306      |
|    time_elapsed    | 1466     |
|    total_timesteps | 450000   |
---------------------------------
---------------------------------
| rollout/           |          |
|    ep_len_mean     | 100      |
|    ep_rew_mean     | -100     |
|    success_rate    | 0        |
| time/              |          |
|    episodes        | 4492     |
|    fps             | 306      |
|    time_elapsed    | 1466     |
|    total_timesteps | 450000   |
---------------------------------
---------------------------------
| rollout/           |          |
|    ep_len_mean     | 100      |
|    ep_rew_mean     | -100     |
|    success_rate    | 0        |
| time/              |          |
|    episodes        | 4496     |
|    fps             | 306      |
|    time_elapsed    | 1467     |
|    total_timesteps | 450000   |
---------------------------------
---------------------------------
| rollout/           |          |
|    ep_len_mean     | 100      |
|    ep_rew_mean     | -100     |
|    success_rate    | 0        |
| time/              |          |
|    episodes        | 4500     |
|    fps             | 306      |
|    time_elapsed    | 1467     |
|    total_timesteps | 450000   |
---------------------------------
---------------------------------
| rollout/           |          |
|    ep_len_mean     | 100      |
|    ep_rew_mean     | -100     |
|    success_rate    | 0        |
| time/              |          |
|    episodes        | 4504     |
|    fps             | 307      |
|    time_elapsed    | 1474     |
|    total_timesteps | 453600   |
| train/             |          |
|    actor_loss      | 1.76     |
|    critic_loss     | 0.00273  |
|    ent_coef        | 0.00026  |
|    ent_coef_loss   | -17.6    |
|    learning_rate   | 0.001    |
|    n_updates       | 12322    |
---------------------------------
---------------------------------
| rollout/           |          |
|    ep_len_mean     | 100      |
|    ep_rew_mean     | -100     |
|    success_rate    | 0        |
| time/              |          |
|    episodes        | 4508     |
|    fps             | 307      |
|    time_elapsed    | 1474     |
|    total_timesteps | 453600   |
---------------------------------
---------------------------------
| rollout/           |          |
|    ep_len_mean     | 100      |
|    ep_rew_mean     | -100     |
|    success_rate    | 0        |
| time/              |          |
|    episodes        | 4512     |
|    fps             | 307      |
|    time_elapsed    | 1474     |
|    total_timesteps | 453600   |
---------------------------------
---------------------------------
| rollout/           |          |
|    ep_len_mean     | 100      |
|    ep_rew_mean     | -100     |
|    success_rate    | 0        |
| time/              |          |
|    episodes        | 4516     |
|    fps             | 307      |
|    time_elapsed    | 1475     |
|    total_timesteps | 453600   |
---------------------------------
---------------------------------
| rollout/           |          |
|    ep_len_mean     | 100      |
|    ep_rew_mean     | -100     |
|    success_rate    | 0        |
| time/              |          |
|    episodes        | 4520     |
|    fps             | 307      |
|    time_elapsed    | 1475     |
|    total_timesteps | 453600   |
---------------------------------
---------------------------------
| rollout/           |          |
|    ep_len_mean     | 100      |
|    ep_rew_mean     | -100     |
|    success_rate    | 0        |
| time/              |          |
|    episodes        | 4524     |
|    fps             | 307      |
|    time_elapsed    | 1475     |
|    total_timesteps | 453600   |
---------------------------------
---------------------------------
| rollout/           |          |
|    ep_len_mean     | 100      |
|    ep_rew_mean     | -100     |
|    success_rate    | 0        |
| time/              |          |
|    episodes        | 4528     |
|    fps             | 307      |
|    time_elapsed    | 1475     |
|    total_timesteps | 453600   |
---------------------------------
---------------------------------
| rollout/           |          |
|    ep_len_mean     | 100      |
|    ep_rew_mean     | -100     |
|    success_rate    | 0        |
| time/              |          |
|    episodes        | 4532     |
|    fps             | 307      |
|    time_elapsed    | 1475     |
|    total_timesteps | 453600   |
---------------------------------
---------------------------------
| rollout/           |          |
|    ep_len_mean     | 100      |
|    ep_rew_mean     | -100     |
|    success_rate    | 0        |
| time/              |          |
|    episodes        | 4536     |
|    fps             | 307      |
|    time_elapsed    | 1475     |
|    total_timesteps | 453600   |
---------------------------------
---------------------------------
| rollout/           |          |
|    ep_len_mean     | 100      |
|    ep_rew_mean     | -100     |
|    success_rate    | 0        |
| time/              |          |
|    episodes        | 4540     |
|    fps             | 308      |
|    time_elapsed    | 1482     |
|    total_timesteps | 457200   |
| train/             |          |
|    actor_loss      | 1.74     |
|    critic_loss     | 0.00289  |
|    ent_coef        | 0.000256 |
|    ent_coef_loss   | -10.2    |
|    learning_rate   | 0.001    |
|    n_updates       | 12422    |
---------------------------------
---------------------------------
| rollout/           |          |
|    ep_len_mean     | 100      |
|    ep_rew_mean     | -100     |
|    success_rate    | 0        |
| time/              |          |
|    episodes        | 4544     |
|    fps             | 308      |
|    time_elapsed    | 1482     |
|    total_timesteps | 457200   |
---------------------------------
---------------------------------
| rollout/           |          |
|    ep_len_mean     | 100      |
|    ep_rew_mean     | -100     |
|    success_rate    | 0        |
| time/              |          |
|    episodes        | 4548     |
|    fps             | 308      |
|    time_elapsed    | 1482     |
|    total_timesteps | 457200   |
---------------------------------
---------------------------------
| rollout/           |          |
|    ep_len_mean     | 100      |
|    ep_rew_mean     | -100     |
|    success_rate    | 0        |
| time/              |          |
|    episodes        | 4552     |
|    fps             | 308      |
|    time_elapsed    | 1482     |
|    total_timesteps | 457200   |
---------------------------------
---------------------------------
| rollout/           |          |
|    ep_len_mean     | 100      |
|    ep_rew_mean     | -100     |
|    success_rate    | 0        |
| time/              |          |
|    episodes        | 4556     |
|    fps             | 308      |
|    time_elapsed    | 1482     |
|    total_timesteps | 457200   |
---------------------------------
---------------------------------
| rollout/           |          |
|    ep_len_mean     | 100      |
|    ep_rew_mean     | -100     |
|    success_rate    | 0        |
| time/              |          |
|    episodes        | 4560     |
|    fps             | 308      |
|    time_elapsed    | 1482     |
|    total_timesteps | 457200   |
---------------------------------
---------------------------------
| rollout/           |          |
|    ep_len_mean     | 100      |
|    ep_rew_mean     | -100     |
|    success_rate    | 0        |
| time/              |          |
|    episodes        | 4564     |
|    fps             | 308      |
|    time_elapsed    | 1482     |
|    total_timesteps | 457200   |
---------------------------------
---------------------------------
| rollout/           |          |
|    ep_len_mean     | 100      |
|    ep_rew_mean     | -100     |
|    success_rate    | 0        |
| time/              |          |
|    episodes        | 4568     |
|    fps             | 308      |
|    time_elapsed    | 1482     |
|    total_timesteps | 457200   |
---------------------------------
---------------------------------
| rollout/           |          |
|    ep_len_mean     | 100      |
|    ep_rew_mean     | -100     |
|    success_rate    | 0        |
| time/              |          |
|    episodes        | 4572     |
|    fps             | 308      |
|    time_elapsed    | 1482     |
|    total_timesteps | 457200   |
---------------------------------

Running evaluation at 460368 timesteps...
Successfully copied normalization stats
Evaluation results: {'eval/mean_reward': np.float32(-100.0), 'eval/std_reward': np.float32(0.0), 'eval/success_rate': np.float64(0.0)}
---------------------------------
| rollout/           |          |
|    ep_len_mean     | 100      |
|    ep_rew_mean     | -100     |
|    success_rate    | 0        |
| time/              |          |
|    episodes        | 4576     |
|    fps             | 304      |
|    time_elapsed    | 1514     |
|    total_timesteps | 460800   |
| train/             |          |
|    actor_loss      | 1.78     |
|    critic_loss     | 0.00301  |
|    ent_coef        | 0.000254 |
|    ent_coef_loss   | -26.7    |
|    learning_rate   | 0.001    |
|    n_updates       | 12522    |
---------------------------------
---------------------------------
| rollout/           |          |
|    ep_len_mean     | 100      |
|    ep_rew_mean     | -100     |
|    success_rate    | 0        |
| time/              |          |
|    episodes        | 4580     |
|    fps             | 304      |
|    time_elapsed    | 1514     |
|    total_timesteps | 460800   |
---------------------------------
---------------------------------
| rollout/           |          |
|    ep_len_mean     | 100      |
|    ep_rew_mean     | -100     |
|    success_rate    | 0        |
| time/              |          |
|    episodes        | 4584     |
|    fps             | 304      |
|    time_elapsed    | 1514     |
|    total_timesteps | 460800   |
---------------------------------
---------------------------------
| rollout/           |          |
|    ep_len_mean     | 100      |
|    ep_rew_mean     | -100     |
|    success_rate    | 0        |
| time/              |          |
|    episodes        | 4588     |
|    fps             | 304      |
|    time_elapsed    | 1514     |
|    total_timesteps | 460800   |
---------------------------------
---------------------------------
| rollout/           |          |
|    ep_len_mean     | 100      |
|    ep_rew_mean     | -100     |
|    success_rate    | 0        |
| time/              |          |
|    episodes        | 4592     |
|    fps             | 304      |
|    time_elapsed    | 1514     |
|    total_timesteps | 460800   |
---------------------------------
---------------------------------
| rollout/           |          |
|    ep_len_mean     | 100      |
|    ep_rew_mean     | -100     |
|    success_rate    | 0        |
| time/              |          |
|    episodes        | 4596     |
|    fps             | 304      |
|    time_elapsed    | 1514     |
|    total_timesteps | 460800   |
---------------------------------
---------------------------------
| rollout/           |          |
|    ep_len_mean     | 100      |
|    ep_rew_mean     | -100     |
|    success_rate    | 0        |
| time/              |          |
|    episodes        | 4600     |
|    fps             | 304      |
|    time_elapsed    | 1514     |
|    total_timesteps | 460800   |
---------------------------------
---------------------------------
| rollout/           |          |
|    ep_len_mean     | 100      |
|    ep_rew_mean     | -100     |
|    success_rate    | 0        |
| time/              |          |
|    episodes        | 4604     |
|    fps             | 304      |
|    time_elapsed    | 1514     |
|    total_timesteps | 460800   |
---------------------------------
---------------------------------
| rollout/           |          |
|    ep_len_mean     | 100      |
|    ep_rew_mean     | -100     |
|    success_rate    | 0        |
| time/              |          |
|    episodes        | 4608     |
|    fps             | 304      |
|    time_elapsed    | 1514     |
|    total_timesteps | 460800   |
---------------------------------
---------------------------------
| rollout/           |          |
|    ep_len_mean     | 100      |
|    ep_rew_mean     | -100     |
|    success_rate    | 0        |
| time/              |          |
|    episodes        | 4612     |
|    fps             | 305      |
|    time_elapsed    | 1521     |
|    total_timesteps | 464400   |
| train/             |          |
|    actor_loss      | 1.77     |
|    critic_loss     | 0.00284  |
|    ent_coef        | 0.000245 |
|    ent_coef_loss   | -4.22    |
|    learning_rate   | 0.001    |
|    n_updates       | 12622    |
---------------------------------
---------------------------------
| rollout/           |          |
|    ep_len_mean     | 100      |
|    ep_rew_mean     | -100     |
|    success_rate    | 0        |
| time/              |          |
|    episodes        | 4616     |
|    fps             | 305      |
|    time_elapsed    | 1521     |
|    total_timesteps | 464400   |
---------------------------------
---------------------------------
| rollout/           |          |
|    ep_len_mean     | 100      |
|    ep_rew_mean     | -100     |
|    success_rate    | 0        |
| time/              |          |
|    episodes        | 4620     |
|    fps             | 305      |
|    time_elapsed    | 1521     |
|    total_timesteps | 464400   |
---------------------------------
---------------------------------
| rollout/           |          |
|    ep_len_mean     | 100      |
|    ep_rew_mean     | -100     |
|    success_rate    | 0        |
| time/              |          |
|    episodes        | 4624     |
|    fps             | 305      |
|    time_elapsed    | 1521     |
|    total_timesteps | 464400   |
---------------------------------
---------------------------------
| rollout/           |          |
|    ep_len_mean     | 100      |
|    ep_rew_mean     | -100     |
|    success_rate    | 0        |
| time/              |          |
|    episodes        | 4628     |
|    fps             | 305      |
|    time_elapsed    | 1521     |
|    total_timesteps | 464400   |
---------------------------------
---------------------------------
| rollout/           |          |
|    ep_len_mean     | 100      |
|    ep_rew_mean     | -100     |
|    success_rate    | 0        |
| time/              |          |
|    episodes        | 4632     |
|    fps             | 305      |
|    time_elapsed    | 1521     |
|    total_timesteps | 464400   |
---------------------------------
---------------------------------
| rollout/           |          |
|    ep_len_mean     | 100      |
|    ep_rew_mean     | -100     |
|    success_rate    | 0        |
| time/              |          |
|    episodes        | 4636     |
|    fps             | 305      |
|    time_elapsed    | 1521     |
|    total_timesteps | 464400   |
---------------------------------
---------------------------------
| rollout/           |          |
|    ep_len_mean     | 100      |
|    ep_rew_mean     | -100     |
|    success_rate    | 0        |
| time/              |          |
|    episodes        | 4640     |
|    fps             | 305      |
|    time_elapsed    | 1521     |
|    total_timesteps | 464400   |
---------------------------------
---------------------------------
| rollout/           |          |
|    ep_len_mean     | 100      |
|    ep_rew_mean     | -100     |
|    success_rate    | 0        |
| time/              |          |
|    episodes        | 4644     |
|    fps             | 305      |
|    time_elapsed    | 1521     |
|    total_timesteps | 464400   |
---------------------------------
---------------------------------
| rollout/           |          |
|    ep_len_mean     | 100      |
|    ep_rew_mean     | -100     |
|    success_rate    | 0        |
| time/              |          |
|    episodes        | 4648     |
|    fps             | 306      |
|    time_elapsed    | 1529     |
|    total_timesteps | 468000   |
| train/             |          |
|    actor_loss      | 1.74     |
|    critic_loss     | 0.00286  |
|    ent_coef        | 0.000245 |
|    ent_coef_loss   | 6.08     |
|    learning_rate   | 0.001    |
|    n_updates       | 12722    |
---------------------------------
---------------------------------
| rollout/           |          |
|    ep_len_mean     | 100      |
|    ep_rew_mean     | -100     |
|    success_rate    | 0        |
| time/              |          |
|    episodes        | 4652     |
|    fps             | 306      |
|    time_elapsed    | 1529     |
|    total_timesteps | 468000   |
---------------------------------
---------------------------------
| rollout/           |          |
|    ep_len_mean     | 100      |
|    ep_rew_mean     | -100     |
|    success_rate    | 0        |
| time/              |          |
|    episodes        | 4656     |
|    fps             | 306      |
|    time_elapsed    | 1529     |
|    total_timesteps | 468000   |
---------------------------------
---------------------------------
| rollout/           |          |
|    ep_len_mean     | 100      |
|    ep_rew_mean     | -100     |
|    success_rate    | 0        |
| time/              |          |
|    episodes        | 4660     |
|    fps             | 306      |
|    time_elapsed    | 1529     |
|    total_timesteps | 468000   |
---------------------------------
---------------------------------
| rollout/           |          |
|    ep_len_mean     | 100      |
|    ep_rew_mean     | -100     |
|    success_rate    | 0        |
| time/              |          |
|    episodes        | 4664     |
|    fps             | 306      |
|    time_elapsed    | 1529     |
|    total_timesteps | 468000   |
---------------------------------
---------------------------------
| rollout/           |          |
|    ep_len_mean     | 100      |
|    ep_rew_mean     | -100     |
|    success_rate    | 0        |
| time/              |          |
|    episodes        | 4668     |
|    fps             | 306      |
|    time_elapsed    | 1529     |
|    total_timesteps | 468000   |
---------------------------------
---------------------------------
| rollout/           |          |
|    ep_len_mean     | 100      |
|    ep_rew_mean     | -100     |
|    success_rate    | 0        |
| time/              |          |
|    episodes        | 4672     |
|    fps             | 306      |
|    time_elapsed    | 1529     |
|    total_timesteps | 468000   |
---------------------------------
---------------------------------
| rollout/           |          |
|    ep_len_mean     | 100      |
|    ep_rew_mean     | -100     |
|    success_rate    | 0        |
| time/              |          |
|    episodes        | 4676     |
|    fps             | 306      |
|    time_elapsed    | 1529     |
|    total_timesteps | 468000   |
---------------------------------
---------------------------------
| rollout/           |          |
|    ep_len_mean     | 100      |
|    ep_rew_mean     | -100     |
|    success_rate    | 0        |
| time/              |          |
|    episodes        | 4680     |
|    fps             | 306      |
|    time_elapsed    | 1529     |
|    total_timesteps | 468000   |
---------------------------------
---------------------------------
| rollout/           |          |
|    ep_len_mean     | 100      |
|    ep_rew_mean     | -100     |
|    success_rate    | 0        |
| time/              |          |
|    episodes        | 4684     |
|    fps             | 306      |
|    time_elapsed    | 1536     |
|    total_timesteps | 471600   |
| train/             |          |
|    actor_loss      | 1.79     |
|    critic_loss     | 0.00277  |
|    ent_coef        | 0.000244 |
|    ent_coef_loss   | 1.55     |
|    learning_rate   | 0.001    |
|    n_updates       | 12822    |
---------------------------------
---------------------------------
| rollout/           |          |
|    ep_len_mean     | 100      |
|    ep_rew_mean     | -100     |
|    success_rate    | 0        |
| time/              |          |
|    episodes        | 4688     |
|    fps             | 306      |
|    time_elapsed    | 1536     |
|    total_timesteps | 471600   |
---------------------------------
---------------------------------
| rollout/           |          |
|    ep_len_mean     | 100      |
|    ep_rew_mean     | -100     |
|    success_rate    | 0        |
| time/              |          |
|    episodes        | 4692     |
|    fps             | 306      |
|    time_elapsed    | 1536     |
|    total_timesteps | 471600   |
---------------------------------
---------------------------------
| rollout/           |          |
|    ep_len_mean     | 100      |
|    ep_rew_mean     | -100     |
|    success_rate    | 0        |
| time/              |          |
|    episodes        | 4696     |
|    fps             | 306      |
|    time_elapsed    | 1536     |
|    total_timesteps | 471600   |
---------------------------------
---------------------------------
| rollout/           |          |
|    ep_len_mean     | 100      |
|    ep_rew_mean     | -100     |
|    success_rate    | 0        |
| time/              |          |
|    episodes        | 4700     |
|    fps             | 306      |
|    time_elapsed    | 1536     |
|    total_timesteps | 471600   |
---------------------------------
---------------------------------
| rollout/           |          |
|    ep_len_mean     | 100      |
|    ep_rew_mean     | -100     |
|    success_rate    | 0        |
| time/              |          |
|    episodes        | 4704     |
|    fps             | 306      |
|    time_elapsed    | 1536     |
|    total_timesteps | 471600   |
---------------------------------
---------------------------------
| rollout/           |          |
|    ep_len_mean     | 100      |
|    ep_rew_mean     | -100     |
|    success_rate    | 0        |
| time/              |          |
|    episodes        | 4708     |
|    fps             | 306      |
|    time_elapsed    | 1536     |
|    total_timesteps | 471600   |
---------------------------------
---------------------------------
| rollout/           |          |
|    ep_len_mean     | 100      |
|    ep_rew_mean     | -100     |
|    success_rate    | 0        |
| time/              |          |
|    episodes        | 4712     |
|    fps             | 306      |
|    time_elapsed    | 1536     |
|    total_timesteps | 471600   |
---------------------------------
---------------------------------
| rollout/           |          |
|    ep_len_mean     | 100      |
|    ep_rew_mean     | -100     |
|    success_rate    | 0        |
| time/              |          |
|    episodes        | 4716     |
|    fps             | 306      |
|    time_elapsed    | 1536     |
|    total_timesteps | 471600   |
---------------------------------
---------------------------------
| rollout/           |          |
|    ep_len_mean     | 100      |
|    ep_rew_mean     | -100     |
|    success_rate    | 0        |
| time/              |          |
|    episodes        | 4720     |
|    fps             | 307      |
|    time_elapsed    | 1544     |
|    total_timesteps | 475200   |
| train/             |          |
|    actor_loss      | 1.72     |
|    critic_loss     | 0.00277  |
|    ent_coef        | 0.000244 |
|    ent_coef_loss   | -19.3    |
|    learning_rate   | 0.001    |
|    n_updates       | 12922    |
---------------------------------
---------------------------------
| rollout/           |          |
|    ep_len_mean     | 100      |
|    ep_rew_mean     | -100     |
|    success_rate    | 0        |
| time/              |          |
|    episodes        | 4724     |
|    fps             | 307      |
|    time_elapsed    | 1544     |
|    total_timesteps | 475200   |
---------------------------------
---------------------------------
| rollout/           |          |
|    ep_len_mean     | 100      |
|    ep_rew_mean     | -100     |
|    success_rate    | 0        |
| time/              |          |
|    episodes        | 4728     |
|    fps             | 307      |
|    time_elapsed    | 1544     |
|    total_timesteps | 475200   |
---------------------------------
---------------------------------
| rollout/           |          |
|    ep_len_mean     | 100      |
|    ep_rew_mean     | -100     |
|    success_rate    | 0        |
| time/              |          |
|    episodes        | 4732     |
|    fps             | 307      |
|    time_elapsed    | 1544     |
|    total_timesteps | 475200   |
---------------------------------
---------------------------------
| rollout/           |          |
|    ep_len_mean     | 100      |
|    ep_rew_mean     | -100     |
|    success_rate    | 0        |
| time/              |          |
|    episodes        | 4736     |
|    fps             | 307      |
|    time_elapsed    | 1544     |
|    total_timesteps | 475200   |
---------------------------------
---------------------------------
| rollout/           |          |
|    ep_len_mean     | 100      |
|    ep_rew_mean     | -100     |
|    success_rate    | 0        |
| time/              |          |
|    episodes        | 4740     |
|    fps             | 307      |
|    time_elapsed    | 1544     |
|    total_timesteps | 475200   |
---------------------------------
---------------------------------
| rollout/           |          |
|    ep_len_mean     | 100      |
|    ep_rew_mean     | -100     |
|    success_rate    | 0        |
| time/              |          |
|    episodes        | 4744     |
|    fps             | 307      |
|    time_elapsed    | 1544     |
|    total_timesteps | 475200   |
---------------------------------
---------------------------------
| rollout/           |          |
|    ep_len_mean     | 100      |
|    ep_rew_mean     | -100     |
|    success_rate    | 0        |
| time/              |          |
|    episodes        | 4748     |
|    fps             | 307      |
|    time_elapsed    | 1544     |
|    total_timesteps | 475200   |
---------------------------------
---------------------------------
| rollout/           |          |
|    ep_len_mean     | 100      |
|    ep_rew_mean     | -100     |
|    success_rate    | 0        |
| time/              |          |
|    episodes        | 4752     |
|    fps             | 307      |
|    time_elapsed    | 1544     |
|    total_timesteps | 475200   |
---------------------------------
---------------------------------
| rollout/           |          |
|    ep_len_mean     | 100      |
|    ep_rew_mean     | -100     |
|    success_rate    | 0        |
| time/              |          |
|    episodes        | 4756     |
|    fps             | 308      |
|    time_elapsed    | 1552     |
|    total_timesteps | 478800   |
| train/             |          |
|    actor_loss      | 1.73     |
|    critic_loss     | 0.00284  |
|    ent_coef        | 0.000234 |
|    ent_coef_loss   | 18.4     |
|    learning_rate   | 0.001    |
|    n_updates       | 13022    |
---------------------------------
---------------------------------
| rollout/           |          |
|    ep_len_mean     | 100      |
|    ep_rew_mean     | -100     |
|    success_rate    | 0        |
| time/              |          |
|    episodes        | 4760     |
|    fps             | 308      |
|    time_elapsed    | 1552     |
|    total_timesteps | 478800   |
---------------------------------
---------------------------------
| rollout/           |          |
|    ep_len_mean     | 100      |
|    ep_rew_mean     | -100     |
|    success_rate    | 0        |
| time/              |          |
|    episodes        | 4764     |
|    fps             | 308      |
|    time_elapsed    | 1552     |
|    total_timesteps | 478800   |
---------------------------------
---------------------------------
| rollout/           |          |
|    ep_len_mean     | 100      |
|    ep_rew_mean     | -100     |
|    success_rate    | 0        |
| time/              |          |
|    episodes        | 4768     |
|    fps             | 308      |
|    time_elapsed    | 1552     |
|    total_timesteps | 478800   |
---------------------------------
---------------------------------
| rollout/           |          |
|    ep_len_mean     | 100      |
|    ep_rew_mean     | -100     |
|    success_rate    | 0        |
| time/              |          |
|    episodes        | 4772     |
|    fps             | 308      |
|    time_elapsed    | 1552     |
|    total_timesteps | 478800   |
---------------------------------
---------------------------------
| rollout/           |          |
|    ep_len_mean     | 100      |
|    ep_rew_mean     | -100     |
|    success_rate    | 0        |
| time/              |          |
|    episodes        | 4776     |
|    fps             | 308      |
|    time_elapsed    | 1552     |
|    total_timesteps | 478800   |
---------------------------------
---------------------------------
| rollout/           |          |
|    ep_len_mean     | 100      |
|    ep_rew_mean     | -100     |
|    success_rate    | 0        |
| time/              |          |
|    episodes        | 4780     |
|    fps             | 308      |
|    time_elapsed    | 1552     |
|    total_timesteps | 478800   |
---------------------------------
---------------------------------
| rollout/           |          |
|    ep_len_mean     | 100      |
|    ep_rew_mean     | -100     |
|    success_rate    | 0        |
| time/              |          |
|    episodes        | 4784     |
|    fps             | 308      |
|    time_elapsed    | 1552     |
|    total_timesteps | 478800   |
---------------------------------
---------------------------------
| rollout/           |          |
|    ep_len_mean     | 100      |
|    ep_rew_mean     | -100     |
|    success_rate    | 0        |
| time/              |          |
|    episodes        | 4788     |
|    fps             | 308      |
|    time_elapsed    | 1552     |
|    total_timesteps | 478800   |
---------------------------------

Running evaluation at 480384 timesteps...
Successfully copied normalization stats
Evaluation results: {'eval/mean_reward': np.float32(-100.0), 'eval/std_reward': np.float32(0.0), 'eval/success_rate': np.float64(0.0)}
---------------------------------
| rollout/           |          |
|    ep_len_mean     | 100      |
|    ep_rew_mean     | -100     |
|    success_rate    | 0        |
| time/              |          |
|    episodes        | 4792     |
|    fps             | 304      |
|    time_elapsed    | 1583     |
|    total_timesteps | 482400   |
| train/             |          |
|    actor_loss      | 1.69     |
|    critic_loss     | 0.00322  |
|    ent_coef        | 0.000236 |
|    ent_coef_loss   | -9.35    |
|    learning_rate   | 0.001    |
|    n_updates       | 13122    |
---------------------------------
---------------------------------
| rollout/           |          |
|    ep_len_mean     | 100      |
|    ep_rew_mean     | -100     |
|    success_rate    | 0        |
| time/              |          |
|    episodes        | 4796     |
|    fps             | 304      |
|    time_elapsed    | 1583     |
|    total_timesteps | 482400   |
---------------------------------
---------------------------------
| rollout/           |          |
|    ep_len_mean     | 100      |
|    ep_rew_mean     | -100     |
|    success_rate    | 0        |
| time/              |          |
|    episodes        | 4800     |
|    fps             | 304      |
|    time_elapsed    | 1583     |
|    total_timesteps | 482400   |
---------------------------------
---------------------------------
| rollout/           |          |
|    ep_len_mean     | 100      |
|    ep_rew_mean     | -100     |
|    success_rate    | 0        |
| time/              |          |
|    episodes        | 4804     |
|    fps             | 304      |
|    time_elapsed    | 1583     |
|    total_timesteps | 482400   |
---------------------------------
---------------------------------
| rollout/           |          |
|    ep_len_mean     | 100      |
|    ep_rew_mean     | -100     |
|    success_rate    | 0        |
| time/              |          |
|    episodes        | 4808     |
|    fps             | 304      |
|    time_elapsed    | 1583     |
|    total_timesteps | 482400   |
---------------------------------
---------------------------------
| rollout/           |          |
|    ep_len_mean     | 100      |
|    ep_rew_mean     | -100     |
|    success_rate    | 0        |
| time/              |          |
|    episodes        | 4812     |
|    fps             | 304      |
|    time_elapsed    | 1583     |
|    total_timesteps | 482400   |
---------------------------------
---------------------------------
| rollout/           |          |
|    ep_len_mean     | 100      |
|    ep_rew_mean     | -100     |
|    success_rate    | 0        |
| time/              |          |
|    episodes        | 4816     |
|    fps             | 304      |
|    time_elapsed    | 1583     |
|    total_timesteps | 482400   |
---------------------------------
---------------------------------
| rollout/           |          |
|    ep_len_mean     | 100      |
|    ep_rew_mean     | -100     |
|    success_rate    | 0        |
| time/              |          |
|    episodes        | 4820     |
|    fps             | 304      |
|    time_elapsed    | 1583     |
|    total_timesteps | 482400   |
---------------------------------
---------------------------------
| rollout/           |          |
|    ep_len_mean     | 100      |
|    ep_rew_mean     | -100     |
|    success_rate    | 0        |
| time/              |          |
|    episodes        | 4824     |
|    fps             | 304      |
|    time_elapsed    | 1583     |
|    total_timesteps | 482400   |
---------------------------------
---------------------------------
| rollout/           |          |
|    ep_len_mean     | 100      |
|    ep_rew_mean     | -100     |
|    success_rate    | 0        |
| time/              |          |
|    episodes        | 4828     |
|    fps             | 305      |
|    time_elapsed    | 1591     |
|    total_timesteps | 486000   |
| train/             |          |
|    actor_loss      | 1.75     |
|    critic_loss     | 0.00288  |
|    ent_coef        | 0.00024  |
|    ent_coef_loss   | -16.6    |
|    learning_rate   | 0.001    |
|    n_updates       | 13222    |
---------------------------------
---------------------------------
| rollout/           |          |
|    ep_len_mean     | 100      |
|    ep_rew_mean     | -100     |
|    success_rate    | 0        |
| time/              |          |
|    episodes        | 4832     |
|    fps             | 305      |
|    time_elapsed    | 1591     |
|    total_timesteps | 486000   |
---------------------------------
---------------------------------
| rollout/           |          |
|    ep_len_mean     | 100      |
|    ep_rew_mean     | -100     |
|    success_rate    | 0        |
| time/              |          |
|    episodes        | 4836     |
|    fps             | 305      |
|    time_elapsed    | 1591     |
|    total_timesteps | 486000   |
---------------------------------
---------------------------------
| rollout/           |          |
|    ep_len_mean     | 100      |
|    ep_rew_mean     | -100     |
|    success_rate    | 0        |
| time/              |          |
|    episodes        | 4840     |
|    fps             | 305      |
|    time_elapsed    | 1591     |
|    total_timesteps | 486000   |
---------------------------------
---------------------------------
| rollout/           |          |
|    ep_len_mean     | 100      |
|    ep_rew_mean     | -100     |
|    success_rate    | 0        |
| time/              |          |
|    episodes        | 4844     |
|    fps             | 305      |
|    time_elapsed    | 1591     |
|    total_timesteps | 486000   |
---------------------------------
---------------------------------
| rollout/           |          |
|    ep_len_mean     | 100      |
|    ep_rew_mean     | -100     |
|    success_rate    | 0        |
| time/              |          |
|    episodes        | 4848     |
|    fps             | 305      |
|    time_elapsed    | 1591     |
|    total_timesteps | 486000   |
---------------------------------
---------------------------------
| rollout/           |          |
|    ep_len_mean     | 100      |
|    ep_rew_mean     | -100     |
|    success_rate    | 0        |
| time/              |          |
|    episodes        | 4852     |
|    fps             | 305      |
|    time_elapsed    | 1591     |
|    total_timesteps | 486000   |
---------------------------------
---------------------------------
| rollout/           |          |
|    ep_len_mean     | 100      |
|    ep_rew_mean     | -100     |
|    success_rate    | 0        |
| time/              |          |
|    episodes        | 4856     |
|    fps             | 305      |
|    time_elapsed    | 1591     |
|    total_timesteps | 486000   |
---------------------------------
---------------------------------
| rollout/           |          |
|    ep_len_mean     | 100      |
|    ep_rew_mean     | -100     |
|    success_rate    | 0        |
| time/              |          |
|    episodes        | 4860     |
|    fps             | 305      |
|    time_elapsed    | 1591     |
|    total_timesteps | 486000   |
---------------------------------
---------------------------------
| rollout/           |          |
|    ep_len_mean     | 100      |
|    ep_rew_mean     | -100     |
|    success_rate    | 0        |
| time/              |          |
|    episodes        | 4864     |
|    fps             | 305      |
|    time_elapsed    | 1600     |
|    total_timesteps | 489600   |
| train/             |          |
|    actor_loss      | 1.72     |
|    critic_loss     | 0.00281  |
|    ent_coef        | 0.000238 |
|    ent_coef_loss   | -17.1    |
|    learning_rate   | 0.001    |
|    n_updates       | 13322    |
---------------------------------
---------------------------------
| rollout/           |          |
|    ep_len_mean     | 100      |
|    ep_rew_mean     | -100     |
|    success_rate    | 0        |
| time/              |          |
|    episodes        | 4868     |
|    fps             | 305      |
|    time_elapsed    | 1601     |
|    total_timesteps | 489600   |
---------------------------------
---------------------------------
| rollout/           |          |
|    ep_len_mean     | 100      |
|    ep_rew_mean     | -100     |
|    success_rate    | 0        |
| time/              |          |
|    episodes        | 4872     |
|    fps             | 305      |
|    time_elapsed    | 1601     |
|    total_timesteps | 489600   |
---------------------------------
---------------------------------
| rollout/           |          |
|    ep_len_mean     | 100      |
|    ep_rew_mean     | -100     |
|    success_rate    | 0        |
| time/              |          |
|    episodes        | 4876     |
|    fps             | 305      |
|    time_elapsed    | 1601     |
|    total_timesteps | 489600   |
---------------------------------
---------------------------------
| rollout/           |          |
|    ep_len_mean     | 100      |
|    ep_rew_mean     | -100     |
|    success_rate    | 0        |
| time/              |          |
|    episodes        | 4880     |
|    fps             | 305      |
|    time_elapsed    | 1601     |
|    total_timesteps | 489600   |
---------------------------------
---------------------------------
| rollout/           |          |
|    ep_len_mean     | 100      |
|    ep_rew_mean     | -100     |
|    success_rate    | 0        |
| time/              |          |
|    episodes        | 4884     |
|    fps             | 305      |
|    time_elapsed    | 1601     |
|    total_timesteps | 489600   |
---------------------------------
---------------------------------
| rollout/           |          |
|    ep_len_mean     | 100      |
|    ep_rew_mean     | -100     |
|    success_rate    | 0        |
| time/              |          |
|    episodes        | 4888     |
|    fps             | 305      |
|    time_elapsed    | 1601     |
|    total_timesteps | 489600   |
---------------------------------
---------------------------------
| rollout/           |          |
|    ep_len_mean     | 100      |
|    ep_rew_mean     | -100     |
|    success_rate    | 0        |
| time/              |          |
|    episodes        | 4892     |
|    fps             | 305      |
|    time_elapsed    | 1601     |
|    total_timesteps | 489600   |
---------------------------------
---------------------------------
| rollout/           |          |
|    ep_len_mean     | 100      |
|    ep_rew_mean     | -100     |
|    success_rate    | 0        |
| time/              |          |
|    episodes        | 4896     |
|    fps             | 305      |
|    time_elapsed    | 1601     |
|    total_timesteps | 489600   |
---------------------------------
---------------------------------
| rollout/           |          |
|    ep_len_mean     | 100      |
|    ep_rew_mean     | -100     |
|    success_rate    | 0        |
| time/              |          |
|    episodes        | 4900     |
|    fps             | 306      |
|    time_elapsed    | 1608     |
|    total_timesteps | 493200   |
| train/             |          |
|    actor_loss      | 1.74     |
|    critic_loss     | 0.00294  |
|    ent_coef        | 0.000242 |
|    ent_coef_loss   | -20.5    |
|    learning_rate   | 0.001    |
|    n_updates       | 13422    |
---------------------------------
---------------------------------
| rollout/           |          |
|    ep_len_mean     | 100      |
|    ep_rew_mean     | -100     |
|    success_rate    | 0        |
| time/              |          |
|    episodes        | 4904     |
|    fps             | 306      |
|    time_elapsed    | 1608     |
|    total_timesteps | 493200   |
---------------------------------
---------------------------------
| rollout/           |          |
|    ep_len_mean     | 100      |
|    ep_rew_mean     | -100     |
|    success_rate    | 0        |
| time/              |          |
|    episodes        | 4908     |
|    fps             | 306      |
|    time_elapsed    | 1608     |
|    total_timesteps | 493200   |
---------------------------------
---------------------------------
| rollout/           |          |
|    ep_len_mean     | 100      |
|    ep_rew_mean     | -100     |
|    success_rate    | 0        |
| time/              |          |
|    episodes        | 4912     |
|    fps             | 306      |
|    time_elapsed    | 1608     |
|    total_timesteps | 493200   |
---------------------------------
---------------------------------
| rollout/           |          |
|    ep_len_mean     | 100      |
|    ep_rew_mean     | -100     |
|    success_rate    | 0        |
| time/              |          |
|    episodes        | 4916     |
|    fps             | 306      |
|    time_elapsed    | 1608     |
|    total_timesteps | 493200   |
---------------------------------
---------------------------------
| rollout/           |          |
|    ep_len_mean     | 100      |
|    ep_rew_mean     | -100     |
|    success_rate    | 0        |
| time/              |          |
|    episodes        | 4920     |
|    fps             | 306      |
|    time_elapsed    | 1608     |
|    total_timesteps | 493200   |
---------------------------------
---------------------------------
| rollout/           |          |
|    ep_len_mean     | 100      |
|    ep_rew_mean     | -100     |
|    success_rate    | 0        |
| time/              |          |
|    episodes        | 4924     |
|    fps             | 306      |
|    time_elapsed    | 1608     |
|    total_timesteps | 493200   |
---------------------------------
---------------------------------
| rollout/           |          |
|    ep_len_mean     | 100      |
|    ep_rew_mean     | -100     |
|    success_rate    | 0        |
| time/              |          |
|    episodes        | 4928     |
|    fps             | 306      |
|    time_elapsed    | 1608     |
|    total_timesteps | 493200   |
---------------------------------
---------------------------------
| rollout/           |          |
|    ep_len_mean     | 100      |
|    ep_rew_mean     | -100     |
|    success_rate    | 0        |
| time/              |          |
|    episodes        | 4932     |
|    fps             | 306      |
|    time_elapsed    | 1608     |
|    total_timesteps | 493200   |
---------------------------------
---------------------------------
| rollout/           |          |
|    ep_len_mean     | 100      |
|    ep_rew_mean     | -100     |
|    success_rate    | 0        |
| time/              |          |
|    episodes        | 4936     |
|    fps             | 307      |
|    time_elapsed    | 1616     |
|    total_timesteps | 496800   |
| train/             |          |
|    actor_loss      | 1.66     |
|    critic_loss     | 0.00337  |
|    ent_coef        | 0.000246 |
|    ent_coef_loss   | -7.87    |
|    learning_rate   | 0.001    |
|    n_updates       | 13522    |
---------------------------------
---------------------------------
| rollout/           |          |
|    ep_len_mean     | 100      |
|    ep_rew_mean     | -100     |
|    success_rate    | 0        |
| time/              |          |
|    episodes        | 4940     |
|    fps             | 307      |
|    time_elapsed    | 1616     |
|    total_timesteps | 496800   |
---------------------------------
---------------------------------
| rollout/           |          |
|    ep_len_mean     | 100      |
|    ep_rew_mean     | -100     |
|    success_rate    | 0        |
| time/              |          |
|    episodes        | 4944     |
|    fps             | 307      |
|    time_elapsed    | 1616     |
|    total_timesteps | 496800   |
---------------------------------
---------------------------------
| rollout/           |          |
|    ep_len_mean     | 100      |
|    ep_rew_mean     | -100     |
|    success_rate    | 0        |
| time/              |          |
|    episodes        | 4948     |
|    fps             | 307      |
|    time_elapsed    | 1616     |
|    total_timesteps | 496800   |
---------------------------------
---------------------------------
| rollout/           |          |
|    ep_len_mean     | 100      |
|    ep_rew_mean     | -100     |
|    success_rate    | 0        |
| time/              |          |
|    episodes        | 4952     |
|    fps             | 307      |
|    time_elapsed    | 1616     |
|    total_timesteps | 496800   |
---------------------------------
---------------------------------
| rollout/           |          |
|    ep_len_mean     | 100      |
|    ep_rew_mean     | -100     |
|    success_rate    | 0        |
| time/              |          |
|    episodes        | 4956     |
|    fps             | 307      |
|    time_elapsed    | 1616     |
|    total_timesteps | 496800   |
---------------------------------
---------------------------------
| rollout/           |          |
|    ep_len_mean     | 100      |
|    ep_rew_mean     | -100     |
|    success_rate    | 0        |
| time/              |          |
|    episodes        | 4960     |
|    fps             | 307      |
|    time_elapsed    | 1616     |
|    total_timesteps | 496800   |
---------------------------------
---------------------------------
| rollout/           |          |
|    ep_len_mean     | 100      |
|    ep_rew_mean     | -100     |
|    success_rate    | 0        |
| time/              |          |
|    episodes        | 4964     |
|    fps             | 307      |
|    time_elapsed    | 1616     |
|    total_timesteps | 496800   |
---------------------------------
---------------------------------
| rollout/           |          |
|    ep_len_mean     | 100      |
|    ep_rew_mean     | -100     |
|    success_rate    | 0        |
| time/              |          |
|    episodes        | 4968     |
|    fps             | 307      |
|    time_elapsed    | 1616     |
|    total_timesteps | 496800   |
---------------------------------

Running evaluation at 500400 timesteps...
Successfully copied normalization stats
Evaluation results: {'eval/mean_reward': np.float32(-100.0), 'eval/std_reward': np.float32(0.0), 'eval/success_rate': np.float64(0.0)}
---------------------------------
| rollout/           |          |
|    ep_len_mean     | 100      |
|    ep_rew_mean     | -100     |
|    success_rate    | 0        |
| time/              |          |
|    episodes        | 4972     |
|    fps             | 303      |
|    time_elapsed    | 1648     |
|    total_timesteps | 500400   |
| train/             |          |
|    actor_loss      | 1.79     |
|    critic_loss     | 0.00357  |
|    ent_coef        | 0.000241 |
|    ent_coef_loss   | -7.97    |
|    learning_rate   | 0.001    |
|    n_updates       | 13622    |
---------------------------------
---------------------------------
| rollout/           |          |
|    ep_len_mean     | 100      |
|    ep_rew_mean     | -100     |
|    success_rate    | 0        |
| time/              |          |
|    episodes        | 4976     |
|    fps             | 303      |
|    time_elapsed    | 1648     |
|    total_timesteps | 500400   |
---------------------------------
---------------------------------
| rollout/           |          |
|    ep_len_mean     | 100      |
|    ep_rew_mean     | -100     |
|    success_rate    | 0        |
| time/              |          |
|    episodes        | 4980     |
|    fps             | 303      |
|    time_elapsed    | 1648     |
|    total_timesteps | 500400   |
---------------------------------
---------------------------------
| rollout/           |          |
|    ep_len_mean     | 100      |
|    ep_rew_mean     | -100     |
|    success_rate    | 0        |
| time/              |          |
|    episodes        | 4984     |
|    fps             | 303      |
|    time_elapsed    | 1648     |
|    total_timesteps | 500400   |
---------------------------------
---------------------------------
| rollout/           |          |
|    ep_len_mean     | 100      |
|    ep_rew_mean     | -100     |
|    success_rate    | 0        |
| time/              |          |
|    episodes        | 4988     |
|    fps             | 303      |
|    time_elapsed    | 1648     |
|    total_timesteps | 500400   |
---------------------------------
---------------------------------
| rollout/           |          |
|    ep_len_mean     | 100      |
|    ep_rew_mean     | -100     |
|    success_rate    | 0        |
| time/              |          |
|    episodes        | 4992     |
|    fps             | 303      |
|    time_elapsed    | 1648     |
|    total_timesteps | 500400   |
---------------------------------
---------------------------------
| rollout/           |          |
|    ep_len_mean     | 100      |
|    ep_rew_mean     | -100     |
|    success_rate    | 0        |
| time/              |          |
|    episodes        | 4996     |
|    fps             | 303      |
|    time_elapsed    | 1648     |
|    total_timesteps | 500400   |
---------------------------------
---------------------------------
| rollout/           |          |
|    ep_len_mean     | 100      |
|    ep_rew_mean     | -100     |
|    success_rate    | 0        |
| time/              |          |
|    episodes        | 5000     |
|    fps             | 303      |
|    time_elapsed    | 1648     |
|    total_timesteps | 500400   |
---------------------------------
---------------------------------
| rollout/           |          |
|    ep_len_mean     | 100      |
|    ep_rew_mean     | -100     |
|    success_rate    | 0        |
| time/              |          |
|    episodes        | 5004     |
|    fps             | 303      |
|    time_elapsed    | 1648     |
|    total_timesteps | 500400   |
---------------------------------
---------------------------------
| rollout/           |          |
|    ep_len_mean     | 100      |
|    ep_rew_mean     | -100     |
|    success_rate    | 0        |
| time/              |          |
|    episodes        | 5008     |
|    fps             | 304      |
|    time_elapsed    | 1657     |
|    total_timesteps | 504000   |
| train/             |          |
|    actor_loss      | 1.77     |
|    critic_loss     | 0.00303  |
|    ent_coef        | 0.000234 |
|    ent_coef_loss   | 10.3     |
|    learning_rate   | 0.001    |
|    n_updates       | 13722    |
---------------------------------
---------------------------------
| rollout/           |          |
|    ep_len_mean     | 100      |
|    ep_rew_mean     | -100     |
|    success_rate    | 0        |
| time/              |          |
|    episodes        | 5012     |
|    fps             | 304      |
|    time_elapsed    | 1657     |
|    total_timesteps | 504000   |
---------------------------------
---------------------------------
| rollout/           |          |
|    ep_len_mean     | 100      |
|    ep_rew_mean     | -100     |
|    success_rate    | 0        |
| time/              |          |
|    episodes        | 5016     |
|    fps             | 304      |
|    time_elapsed    | 1657     |
|    total_timesteps | 504000   |
---------------------------------
---------------------------------
| rollout/           |          |
|    ep_len_mean     | 100      |
|    ep_rew_mean     | -100     |
|    success_rate    | 0        |
| time/              |          |
|    episodes        | 5020     |
|    fps             | 304      |
|    time_elapsed    | 1657     |
|    total_timesteps | 504000   |
---------------------------------
---------------------------------
| rollout/           |          |
|    ep_len_mean     | 100      |
|    ep_rew_mean     | -100     |
|    success_rate    | 0        |
| time/              |          |
|    episodes        | 5024     |
|    fps             | 304      |
|    time_elapsed    | 1657     |
|    total_timesteps | 504000   |
---------------------------------
---------------------------------
| rollout/           |          |
|    ep_len_mean     | 100      |
|    ep_rew_mean     | -100     |
|    success_rate    | 0        |
| time/              |          |
|    episodes        | 5028     |
|    fps             | 304      |
|    time_elapsed    | 1657     |
|    total_timesteps | 504000   |
---------------------------------
---------------------------------
| rollout/           |          |
|    ep_len_mean     | 100      |
|    ep_rew_mean     | -100     |
|    success_rate    | 0        |
| time/              |          |
|    episodes        | 5032     |
|    fps             | 304      |
|    time_elapsed    | 1657     |
|    total_timesteps | 504000   |
---------------------------------
---------------------------------
| rollout/           |          |
|    ep_len_mean     | 100      |
|    ep_rew_mean     | -100     |
|    success_rate    | 0        |
| time/              |          |
|    episodes        | 5036     |
|    fps             | 304      |
|    time_elapsed    | 1657     |
|    total_timesteps | 504000   |
---------------------------------
---------------------------------
| rollout/           |          |
|    ep_len_mean     | 100      |
|    ep_rew_mean     | -100     |
|    success_rate    | 0        |
| time/              |          |
|    episodes        | 5040     |
|    fps             | 304      |
|    time_elapsed    | 1657     |
|    total_timesteps | 504000   |
---------------------------------
---------------------------------
| rollout/           |          |
|    ep_len_mean     | 100      |
|    ep_rew_mean     | -100     |
|    success_rate    | 0        |
| time/              |          |
|    episodes        | 5044     |
|    fps             | 304      |
|    time_elapsed    | 1665     |
|    total_timesteps | 507600   |
| train/             |          |
|    actor_loss      | 1.69     |
|    critic_loss     | 0.00311  |
|    ent_coef        | 0.000234 |
|    ent_coef_loss   | 3.2      |
|    learning_rate   | 0.001    |
|    n_updates       | 13822    |
---------------------------------
---------------------------------
| rollout/           |          |
|    ep_len_mean     | 100      |
|    ep_rew_mean     | -100     |
|    success_rate    | 0        |
| time/              |          |
|    episodes        | 5048     |
|    fps             | 304      |
|    time_elapsed    | 1665     |
|    total_timesteps | 507600   |
---------------------------------
---------------------------------
| rollout/           |          |
|    ep_len_mean     | 100      |
|    ep_rew_mean     | -100     |
|    success_rate    | 0        |
| time/              |          |
|    episodes        | 5052     |
|    fps             | 304      |
|    time_elapsed    | 1665     |
|    total_timesteps | 507600   |
---------------------------------
---------------------------------
| rollout/           |          |
|    ep_len_mean     | 100      |
|    ep_rew_mean     | -100     |
|    success_rate    | 0        |
| time/              |          |
|    episodes        | 5056     |
|    fps             | 304      |
|    time_elapsed    | 1665     |
|    total_timesteps | 507600   |
---------------------------------
---------------------------------
| rollout/           |          |
|    ep_len_mean     | 100      |
|    ep_rew_mean     | -100     |
|    success_rate    | 0        |
| time/              |          |
|    episodes        | 5060     |
|    fps             | 304      |
|    time_elapsed    | 1665     |
|    total_timesteps | 507600   |
---------------------------------
---------------------------------
| rollout/           |          |
|    ep_len_mean     | 100      |
|    ep_rew_mean     | -100     |
|    success_rate    | 0        |
| time/              |          |
|    episodes        | 5064     |
|    fps             | 304      |
|    time_elapsed    | 1665     |
|    total_timesteps | 507600   |
---------------------------------
---------------------------------
| rollout/           |          |
|    ep_len_mean     | 100      |
|    ep_rew_mean     | -100     |
|    success_rate    | 0        |
| time/              |          |
|    episodes        | 5068     |
|    fps             | 304      |
|    time_elapsed    | 1665     |
|    total_timesteps | 507600   |
---------------------------------
---------------------------------
| rollout/           |          |
|    ep_len_mean     | 100      |
|    ep_rew_mean     | -100     |
|    success_rate    | 0        |
| time/              |          |
|    episodes        | 5072     |
|    fps             | 304      |
|    time_elapsed    | 1665     |
|    total_timesteps | 507600   |
---------------------------------
---------------------------------
| rollout/           |          |
|    ep_len_mean     | 100      |
|    ep_rew_mean     | -100     |
|    success_rate    | 0        |
| time/              |          |
|    episodes        | 5076     |
|    fps             | 304      |
|    time_elapsed    | 1665     |
|    total_timesteps | 507600   |
---------------------------------
---------------------------------
| rollout/           |          |
|    ep_len_mean     | 100      |
|    ep_rew_mean     | -100     |
|    success_rate    | 0        |
| time/              |          |
|    episodes        | 5080     |
|    fps             | 305      |
|    time_elapsed    | 1673     |
|    total_timesteps | 511200   |
| train/             |          |
|    actor_loss      | 1.73     |
|    critic_loss     | 0.00371  |
|    ent_coef        | 0.000251 |
|    ent_coef_loss   | 26.6     |
|    learning_rate   | 0.001    |
|    n_updates       | 13922    |
---------------------------------
---------------------------------
| rollout/           |          |
|    ep_len_mean     | 100      |
|    ep_rew_mean     | -100     |
|    success_rate    | 0        |
| time/              |          |
|    episodes        | 5084     |
|    fps             | 305      |
|    time_elapsed    | 1673     |
|    total_timesteps | 511200   |
---------------------------------
---------------------------------
| rollout/           |          |
|    ep_len_mean     | 100      |
|    ep_rew_mean     | -100     |
|    success_rate    | 0        |
| time/              |          |
|    episodes        | 5088     |
|    fps             | 305      |
|    time_elapsed    | 1673     |
|    total_timesteps | 511200   |
---------------------------------
---------------------------------
| rollout/           |          |
|    ep_len_mean     | 100      |
|    ep_rew_mean     | -100     |
|    success_rate    | 0        |
| time/              |          |
|    episodes        | 5092     |
|    fps             | 305      |
|    time_elapsed    | 1673     |
|    total_timesteps | 511200   |
---------------------------------
---------------------------------
| rollout/           |          |
|    ep_len_mean     | 100      |
|    ep_rew_mean     | -100     |
|    success_rate    | 0        |
| time/              |          |
|    episodes        | 5096     |
|    fps             | 305      |
|    time_elapsed    | 1673     |
|    total_timesteps | 511200   |
---------------------------------
---------------------------------
| rollout/           |          |
|    ep_len_mean     | 100      |
|    ep_rew_mean     | -100     |
|    success_rate    | 0        |
| time/              |          |
|    episodes        | 5100     |
|    fps             | 305      |
|    time_elapsed    | 1673     |
|    total_timesteps | 511200   |
---------------------------------
---------------------------------
| rollout/           |          |
|    ep_len_mean     | 100      |
|    ep_rew_mean     | -100     |
|    success_rate    | 0        |
| time/              |          |
|    episodes        | 5104     |
|    fps             | 305      |
|    time_elapsed    | 1673     |
|    total_timesteps | 511200   |
---------------------------------
---------------------------------
| rollout/           |          |
|    ep_len_mean     | 100      |
|    ep_rew_mean     | -100     |
|    success_rate    | 0        |
| time/              |          |
|    episodes        | 5108     |
|    fps             | 305      |
|    time_elapsed    | 1673     |
|    total_timesteps | 511200   |
---------------------------------
---------------------------------
| rollout/           |          |
|    ep_len_mean     | 100      |
|    ep_rew_mean     | -100     |
|    success_rate    | 0        |
| time/              |          |
|    episodes        | 5112     |
|    fps             | 305      |
|    time_elapsed    | 1673     |
|    total_timesteps | 511200   |
---------------------------------
---------------------------------
| rollout/           |          |
|    ep_len_mean     | 100      |
|    ep_rew_mean     | -100     |
|    success_rate    | 0        |
| time/              |          |
|    episodes        | 5116     |
|    fps             | 306      |
|    time_elapsed    | 1680     |
|    total_timesteps | 514800   |
| train/             |          |
|    actor_loss      | 1.66     |
|    critic_loss     | 0.00316  |
|    ent_coef        | 0.000253 |
|    ent_coef_loss   | 2.74     |
|    learning_rate   | 0.001    |
|    n_updates       | 14022    |
---------------------------------
---------------------------------
| rollout/           |          |
|    ep_len_mean     | 100      |
|    ep_rew_mean     | -100     |
|    success_rate    | 0        |
| time/              |          |
|    episodes        | 5120     |
|    fps             | 306      |
|    time_elapsed    | 1680     |
|    total_timesteps | 514800   |
---------------------------------
---------------------------------
| rollout/           |          |
|    ep_len_mean     | 100      |
|    ep_rew_mean     | -100     |
|    success_rate    | 0        |
| time/              |          |
|    episodes        | 5124     |
|    fps             | 306      |
|    time_elapsed    | 1680     |
|    total_timesteps | 514800   |
---------------------------------
---------------------------------
| rollout/           |          |
|    ep_len_mean     | 100      |
|    ep_rew_mean     | -100     |
|    success_rate    | 0        |
| time/              |          |
|    episodes        | 5128     |
|    fps             | 306      |
|    time_elapsed    | 1680     |
|    total_timesteps | 514800   |
---------------------------------
---------------------------------
| rollout/           |          |
|    ep_len_mean     | 100      |
|    ep_rew_mean     | -100     |
|    success_rate    | 0        |
| time/              |          |
|    episodes        | 5132     |
|    fps             | 306      |
|    time_elapsed    | 1680     |
|    total_timesteps | 514800   |
---------------------------------
---------------------------------
| rollout/           |          |
|    ep_len_mean     | 100      |
|    ep_rew_mean     | -100     |
|    success_rate    | 0        |
| time/              |          |
|    episodes        | 5136     |
|    fps             | 306      |
|    time_elapsed    | 1680     |
|    total_timesteps | 514800   |
---------------------------------
---------------------------------
| rollout/           |          |
|    ep_len_mean     | 100      |
|    ep_rew_mean     | -100     |
|    success_rate    | 0        |
| time/              |          |
|    episodes        | 5140     |
|    fps             | 306      |
|    time_elapsed    | 1680     |
|    total_timesteps | 514800   |
---------------------------------
---------------------------------
| rollout/           |          |
|    ep_len_mean     | 100      |
|    ep_rew_mean     | -100     |
|    success_rate    | 0        |
| time/              |          |
|    episodes        | 5144     |
|    fps             | 306      |
|    time_elapsed    | 1680     |
|    total_timesteps | 514800   |
---------------------------------
---------------------------------
| rollout/           |          |
|    ep_len_mean     | 100      |
|    ep_rew_mean     | -100     |
|    success_rate    | 0        |
| time/              |          |
|    episodes        | 5148     |
|    fps             | 306      |
|    time_elapsed    | 1680     |
|    total_timesteps | 514800   |
---------------------------------
---------------------------------
| rollout/           |          |
|    ep_len_mean     | 100      |
|    ep_rew_mean     | -100     |
|    success_rate    | 0        |
| time/              |          |
|    episodes        | 5152     |
|    fps             | 306      |
|    time_elapsed    | 1688     |
|    total_timesteps | 518400   |
| train/             |          |
|    actor_loss      | 1.74     |
|    critic_loss     | 0.00299  |
|    ent_coef        | 0.000257 |
|    ent_coef_loss   | 45.8     |
|    learning_rate   | 0.001    |
|    n_updates       | 14122    |
---------------------------------
---------------------------------
| rollout/           |          |
|    ep_len_mean     | 100      |
|    ep_rew_mean     | -100     |
|    success_rate    | 0        |
| time/              |          |
|    episodes        | 5156     |
|    fps             | 306      |
|    time_elapsed    | 1688     |
|    total_timesteps | 518400   |
---------------------------------
---------------------------------
| rollout/           |          |
|    ep_len_mean     | 100      |
|    ep_rew_mean     | -100     |
|    success_rate    | 0        |
| time/              |          |
|    episodes        | 5160     |
|    fps             | 306      |
|    time_elapsed    | 1688     |
|    total_timesteps | 518400   |
---------------------------------
---------------------------------
| rollout/           |          |
|    ep_len_mean     | 100      |
|    ep_rew_mean     | -100     |
|    success_rate    | 0        |
| time/              |          |
|    episodes        | 5164     |
|    fps             | 306      |
|    time_elapsed    | 1688     |
|    total_timesteps | 518400   |
---------------------------------
---------------------------------
| rollout/           |          |
|    ep_len_mean     | 100      |
|    ep_rew_mean     | -100     |
|    success_rate    | 0        |
| time/              |          |
|    episodes        | 5168     |
|    fps             | 306      |
|    time_elapsed    | 1688     |
|    total_timesteps | 518400   |
---------------------------------
---------------------------------
| rollout/           |          |
|    ep_len_mean     | 100      |
|    ep_rew_mean     | -100     |
|    success_rate    | 0        |
| time/              |          |
|    episodes        | 5172     |
|    fps             | 306      |
|    time_elapsed    | 1688     |
|    total_timesteps | 518400   |
---------------------------------
---------------------------------
| rollout/           |          |
|    ep_len_mean     | 100      |
|    ep_rew_mean     | -100     |
|    success_rate    | 0        |
| time/              |          |
|    episodes        | 5176     |
|    fps             | 306      |
|    time_elapsed    | 1688     |
|    total_timesteps | 518400   |
---------------------------------
---------------------------------
| rollout/           |          |
|    ep_len_mean     | 100      |
|    ep_rew_mean     | -100     |
|    success_rate    | 0        |
| time/              |          |
|    episodes        | 5180     |
|    fps             | 306      |
|    time_elapsed    | 1688     |
|    total_timesteps | 518400   |
---------------------------------
---------------------------------
| rollout/           |          |
|    ep_len_mean     | 100      |
|    ep_rew_mean     | -100     |
|    success_rate    | 0        |
| time/              |          |
|    episodes        | 5184     |
|    fps             | 306      |
|    time_elapsed    | 1688     |
|    total_timesteps | 518400   |
---------------------------------

Running evaluation at 520416 timesteps...
Successfully copied normalization stats
Evaluation results: {'eval/mean_reward': np.float32(-100.0), 'eval/std_reward': np.float32(0.0), 'eval/success_rate': np.float64(0.0)}
---------------------------------
| rollout/           |          |
|    ep_len_mean     | 100      |
|    ep_rew_mean     | -100     |
|    success_rate    | 0        |
| time/              |          |
|    episodes        | 5188     |
|    fps             | 303      |
|    time_elapsed    | 1722     |
|    total_timesteps | 522000   |
| train/             |          |
|    actor_loss      | 1.74     |
|    critic_loss     | 0.00323  |
|    ent_coef        | 0.000271 |
|    ent_coef_loss   | 16.9     |
|    learning_rate   | 0.001    |
|    n_updates       | 14222    |
---------------------------------
---------------------------------
| rollout/           |          |
|    ep_len_mean     | 100      |
|    ep_rew_mean     | -100     |
|    success_rate    | 0        |
| time/              |          |
|    episodes        | 5192     |
|    fps             | 303      |
|    time_elapsed    | 1722     |
|    total_timesteps | 522000   |
---------------------------------
---------------------------------
| rollout/           |          |
|    ep_len_mean     | 100      |
|    ep_rew_mean     | -100     |
|    success_rate    | 0        |
| time/              |          |
|    episodes        | 5196     |
|    fps             | 303      |
|    time_elapsed    | 1722     |
|    total_timesteps | 522000   |
---------------------------------
---------------------------------
| rollout/           |          |
|    ep_len_mean     | 100      |
|    ep_rew_mean     | -100     |
|    success_rate    | 0        |
| time/              |          |
|    episodes        | 5200     |
|    fps             | 303      |
|    time_elapsed    | 1722     |
|    total_timesteps | 522000   |
---------------------------------
---------------------------------
| rollout/           |          |
|    ep_len_mean     | 100      |
|    ep_rew_mean     | -100     |
|    success_rate    | 0        |
| time/              |          |
|    episodes        | 5204     |
|    fps             | 303      |
|    time_elapsed    | 1722     |
|    total_timesteps | 522000   |
---------------------------------
---------------------------------
| rollout/           |          |
|    ep_len_mean     | 100      |
|    ep_rew_mean     | -100     |
|    success_rate    | 0        |
| time/              |          |
|    episodes        | 5208     |
|    fps             | 303      |
|    time_elapsed    | 1722     |
|    total_timesteps | 522000   |
---------------------------------
---------------------------------
| rollout/           |          |
|    ep_len_mean     | 100      |
|    ep_rew_mean     | -100     |
|    success_rate    | 0        |
| time/              |          |
|    episodes        | 5212     |
|    fps             | 303      |
|    time_elapsed    | 1722     |
|    total_timesteps | 522000   |
---------------------------------
---------------------------------
| rollout/           |          |
|    ep_len_mean     | 100      |
|    ep_rew_mean     | -100     |
|    success_rate    | 0        |
| time/              |          |
|    episodes        | 5216     |
|    fps             | 303      |
|    time_elapsed    | 1722     |
|    total_timesteps | 522000   |
---------------------------------
---------------------------------
| rollout/           |          |
|    ep_len_mean     | 100      |
|    ep_rew_mean     | -100     |
|    success_rate    | 0        |
| time/              |          |
|    episodes        | 5220     |
|    fps             | 303      |
|    time_elapsed    | 1722     |
|    total_timesteps | 522000   |
---------------------------------
---------------------------------
| rollout/           |          |
|    ep_len_mean     | 100      |
|    ep_rew_mean     | -100     |
|    success_rate    | 0        |
| time/              |          |
|    episodes        | 5224     |
|    fps             | 303      |
|    time_elapsed    | 1730     |
|    total_timesteps | 525600   |
| train/             |          |
|    actor_loss      | 1.63     |
|    critic_loss     | 0.00325  |
|    ent_coef        | 0.000274 |
|    ent_coef_loss   | 5.28     |
|    learning_rate   | 0.001    |
|    n_updates       | 14322    |
---------------------------------
---------------------------------
| rollout/           |          |
|    ep_len_mean     | 100      |
|    ep_rew_mean     | -100     |
|    success_rate    | 0        |
| time/              |          |
|    episodes        | 5228     |
|    fps             | 303      |
|    time_elapsed    | 1730     |
|    total_timesteps | 525600   |
---------------------------------
---------------------------------
| rollout/           |          |
|    ep_len_mean     | 100      |
|    ep_rew_mean     | -100     |
|    success_rate    | 0        |
| time/              |          |
|    episodes        | 5232     |
|    fps             | 303      |
|    time_elapsed    | 1730     |
|    total_timesteps | 525600   |
---------------------------------
---------------------------------
| rollout/           |          |
|    ep_len_mean     | 100      |
|    ep_rew_mean     | -100     |
|    success_rate    | 0        |
| time/              |          |
|    episodes        | 5236     |
|    fps             | 303      |
|    time_elapsed    | 1730     |
|    total_timesteps | 525600   |
---------------------------------
---------------------------------
| rollout/           |          |
|    ep_len_mean     | 100      |
|    ep_rew_mean     | -100     |
|    success_rate    | 0        |
| time/              |          |
|    episodes        | 5240     |
|    fps             | 303      |
|    time_elapsed    | 1730     |
|    total_timesteps | 525600   |
---------------------------------
---------------------------------
| rollout/           |          |
|    ep_len_mean     | 100      |
|    ep_rew_mean     | -100     |
|    success_rate    | 0        |
| time/              |          |
|    episodes        | 5244     |
|    fps             | 303      |
|    time_elapsed    | 1730     |
|    total_timesteps | 525600   |
---------------------------------
---------------------------------
| rollout/           |          |
|    ep_len_mean     | 100      |
|    ep_rew_mean     | -100     |
|    success_rate    | 0        |
| time/              |          |
|    episodes        | 5248     |
|    fps             | 303      |
|    time_elapsed    | 1730     |
|    total_timesteps | 525600   |
---------------------------------
---------------------------------
| rollout/           |          |
|    ep_len_mean     | 100      |
|    ep_rew_mean     | -100     |
|    success_rate    | 0        |
| time/              |          |
|    episodes        | 5252     |
|    fps             | 303      |
|    time_elapsed    | 1730     |
|    total_timesteps | 525600   |
---------------------------------
---------------------------------
| rollout/           |          |
|    ep_len_mean     | 100      |
|    ep_rew_mean     | -100     |
|    success_rate    | 0        |
| time/              |          |
|    episodes        | 5256     |
|    fps             | 303      |
|    time_elapsed    | 1730     |
|    total_timesteps | 525600   |
---------------------------------
---------------------------------
| rollout/           |          |
|    ep_len_mean     | 100      |
|    ep_rew_mean     | -100     |
|    success_rate    | 0        |
| time/              |          |
|    episodes        | 5260     |
|    fps             | 304      |
|    time_elapsed    | 1738     |
|    total_timesteps | 529200   |
| train/             |          |
|    actor_loss      | 1.67     |
|    critic_loss     | 0.00413  |
|    ent_coef        | 0.000264 |
|    ent_coef_loss   | 9.22     |
|    learning_rate   | 0.001    |
|    n_updates       | 14422    |
---------------------------------
---------------------------------
| rollout/           |          |
|    ep_len_mean     | 100      |
|    ep_rew_mean     | -100     |
|    success_rate    | 0        |
| time/              |          |
|    episodes        | 5264     |
|    fps             | 304      |
|    time_elapsed    | 1738     |
|    total_timesteps | 529200   |
---------------------------------
---------------------------------
| rollout/           |          |
|    ep_len_mean     | 100      |
|    ep_rew_mean     | -100     |
|    success_rate    | 0        |
| time/              |          |
|    episodes        | 5268     |
|    fps             | 304      |
|    time_elapsed    | 1738     |
|    total_timesteps | 529200   |
---------------------------------
---------------------------------
| rollout/           |          |
|    ep_len_mean     | 100      |
|    ep_rew_mean     | -100     |
|    success_rate    | 0        |
| time/              |          |
|    episodes        | 5272     |
|    fps             | 304      |
|    time_elapsed    | 1738     |
|    total_timesteps | 529200   |
---------------------------------
---------------------------------
| rollout/           |          |
|    ep_len_mean     | 100      |
|    ep_rew_mean     | -100     |
|    success_rate    | 0        |
| time/              |          |
|    episodes        | 5276     |
|    fps             | 304      |
|    time_elapsed    | 1738     |
|    total_timesteps | 529200   |
---------------------------------
---------------------------------
| rollout/           |          |
|    ep_len_mean     | 100      |
|    ep_rew_mean     | -100     |
|    success_rate    | 0        |
| time/              |          |
|    episodes        | 5280     |
|    fps             | 304      |
|    time_elapsed    | 1738     |
|    total_timesteps | 529200   |
---------------------------------
---------------------------------
| rollout/           |          |
|    ep_len_mean     | 100      |
|    ep_rew_mean     | -100     |
|    success_rate    | 0        |
| time/              |          |
|    episodes        | 5284     |
|    fps             | 304      |
|    time_elapsed    | 1738     |
|    total_timesteps | 529200   |
---------------------------------
---------------------------------
| rollout/           |          |
|    ep_len_mean     | 100      |
|    ep_rew_mean     | -100     |
|    success_rate    | 0        |
| time/              |          |
|    episodes        | 5288     |
|    fps             | 304      |
|    time_elapsed    | 1738     |
|    total_timesteps | 529200   |
---------------------------------
---------------------------------
| rollout/           |          |
|    ep_len_mean     | 100      |
|    ep_rew_mean     | -100     |
|    success_rate    | 0        |
| time/              |          |
|    episodes        | 5292     |
|    fps             | 304      |
|    time_elapsed    | 1738     |
|    total_timesteps | 529200   |
---------------------------------
---------------------------------
| rollout/           |          |
|    ep_len_mean     | 100      |
|    ep_rew_mean     | -100     |
|    success_rate    | 0        |
| time/              |          |
|    episodes        | 5296     |
|    fps             | 305      |
|    time_elapsed    | 1746     |
|    total_timesteps | 532800   |
| train/             |          |
|    actor_loss      | 1.7      |
|    critic_loss     | 0.00312  |
|    ent_coef        | 0.000281 |
|    ent_coef_loss   | 7.67     |
|    learning_rate   | 0.001    |
|    n_updates       | 14522    |
---------------------------------
---------------------------------
| rollout/           |          |
|    ep_len_mean     | 100      |
|    ep_rew_mean     | -100     |
|    success_rate    | 0        |
| time/              |          |
|    episodes        | 5300     |
|    fps             | 305      |
|    time_elapsed    | 1746     |
|    total_timesteps | 532800   |
---------------------------------
---------------------------------
| rollout/           |          |
|    ep_len_mean     | 100      |
|    ep_rew_mean     | -100     |
|    success_rate    | 0        |
| time/              |          |
|    episodes        | 5304     |
|    fps             | 305      |
|    time_elapsed    | 1746     |
|    total_timesteps | 532800   |
---------------------------------
---------------------------------
| rollout/           |          |
|    ep_len_mean     | 100      |
|    ep_rew_mean     | -100     |
|    success_rate    | 0        |
| time/              |          |
|    episodes        | 5308     |
|    fps             | 305      |
|    time_elapsed    | 1746     |
|    total_timesteps | 532800   |
---------------------------------
---------------------------------
| rollout/           |          |
|    ep_len_mean     | 100      |
|    ep_rew_mean     | -100     |
|    success_rate    | 0        |
| time/              |          |
|    episodes        | 5312     |
|    fps             | 305      |
|    time_elapsed    | 1746     |
|    total_timesteps | 532800   |
---------------------------------
---------------------------------
| rollout/           |          |
|    ep_len_mean     | 100      |
|    ep_rew_mean     | -100     |
|    success_rate    | 0        |
| time/              |          |
|    episodes        | 5316     |
|    fps             | 305      |
|    time_elapsed    | 1746     |
|    total_timesteps | 532800   |
---------------------------------
---------------------------------
| rollout/           |          |
|    ep_len_mean     | 100      |
|    ep_rew_mean     | -100     |
|    success_rate    | 0        |
| time/              |          |
|    episodes        | 5320     |
|    fps             | 305      |
|    time_elapsed    | 1746     |
|    total_timesteps | 532800   |
---------------------------------
---------------------------------
| rollout/           |          |
|    ep_len_mean     | 100      |
|    ep_rew_mean     | -100     |
|    success_rate    | 0        |
| time/              |          |
|    episodes        | 5324     |
|    fps             | 305      |
|    time_elapsed    | 1746     |
|    total_timesteps | 532800   |
---------------------------------
---------------------------------
| rollout/           |          |
|    ep_len_mean     | 100      |
|    ep_rew_mean     | -100     |
|    success_rate    | 0        |
| time/              |          |
|    episodes        | 5328     |
|    fps             | 305      |
|    time_elapsed    | 1746     |
|    total_timesteps | 532800   |
---------------------------------
---------------------------------
| rollout/           |          |
|    ep_len_mean     | 100      |
|    ep_rew_mean     | -100     |
|    success_rate    | 0        |
| time/              |          |
|    episodes        | 5332     |
|    fps             | 305      |
|    time_elapsed    | 1753     |
|    total_timesteps | 536400   |
| train/             |          |
|    actor_loss      | 1.59     |
|    critic_loss     | 0.00337  |
|    ent_coef        | 0.000283 |
|    ent_coef_loss   | 0.0717   |
|    learning_rate   | 0.001    |
|    n_updates       | 14622    |
---------------------------------
---------------------------------
| rollout/           |          |
|    ep_len_mean     | 100      |
|    ep_rew_mean     | -100     |
|    success_rate    | 0        |
| time/              |          |
|    episodes        | 5336     |
|    fps             | 305      |
|    time_elapsed    | 1753     |
|    total_timesteps | 536400   |
---------------------------------
---------------------------------
| rollout/           |          |
|    ep_len_mean     | 100      |
|    ep_rew_mean     | -100     |
|    success_rate    | 0        |
| time/              |          |
|    episodes        | 5340     |
|    fps             | 305      |
|    time_elapsed    | 1753     |
|    total_timesteps | 536400   |
---------------------------------
---------------------------------
| rollout/           |          |
|    ep_len_mean     | 100      |
|    ep_rew_mean     | -100     |
|    success_rate    | 0        |
| time/              |          |
|    episodes        | 5344     |
|    fps             | 305      |
|    time_elapsed    | 1753     |
|    total_timesteps | 536400   |
---------------------------------
---------------------------------
| rollout/           |          |
|    ep_len_mean     | 100      |
|    ep_rew_mean     | -100     |
|    success_rate    | 0        |
| time/              |          |
|    episodes        | 5348     |
|    fps             | 305      |
|    time_elapsed    | 1753     |
|    total_timesteps | 536400   |
---------------------------------
---------------------------------
| rollout/           |          |
|    ep_len_mean     | 100      |
|    ep_rew_mean     | -100     |
|    success_rate    | 0        |
| time/              |          |
|    episodes        | 5352     |
|    fps             | 305      |
|    time_elapsed    | 1753     |
|    total_timesteps | 536400   |
---------------------------------
---------------------------------
| rollout/           |          |
|    ep_len_mean     | 100      |
|    ep_rew_mean     | -100     |
|    success_rate    | 0        |
| time/              |          |
|    episodes        | 5356     |
|    fps             | 305      |
|    time_elapsed    | 1753     |
|    total_timesteps | 536400   |
---------------------------------
---------------------------------
| rollout/           |          |
|    ep_len_mean     | 100      |
|    ep_rew_mean     | -100     |
|    success_rate    | 0        |
| time/              |          |
|    episodes        | 5360     |
|    fps             | 305      |
|    time_elapsed    | 1753     |
|    total_timesteps | 536400   |
---------------------------------
---------------------------------
| rollout/           |          |
|    ep_len_mean     | 100      |
|    ep_rew_mean     | -100     |
|    success_rate    | 0        |
| time/              |          |
|    episodes        | 5364     |
|    fps             | 305      |
|    time_elapsed    | 1753     |
|    total_timesteps | 536400   |
---------------------------------
---------------------------------
| rollout/           |          |
|    ep_len_mean     | 100      |
|    ep_rew_mean     | -100     |
|    success_rate    | 0        |
| time/              |          |
|    episodes        | 5368     |
|    fps             | 306      |
|    time_elapsed    | 1761     |
|    total_timesteps | 540000   |
| train/             |          |
|    actor_loss      | 1.58     |
|    critic_loss     | 0.00326  |
|    ent_coef        | 0.000293 |
|    ent_coef_loss   | 15.8     |
|    learning_rate   | 0.001    |
|    n_updates       | 14722    |
---------------------------------
---------------------------------
| rollout/           |          |
|    ep_len_mean     | 100      |
|    ep_rew_mean     | -100     |
|    success_rate    | 0        |
| time/              |          |
|    episodes        | 5372     |
|    fps             | 306      |
|    time_elapsed    | 1761     |
|    total_timesteps | 540000   |
---------------------------------
---------------------------------
| rollout/           |          |
|    ep_len_mean     | 100      |
|    ep_rew_mean     | -100     |
|    success_rate    | 0        |
| time/              |          |
|    episodes        | 5376     |
|    fps             | 306      |
|    time_elapsed    | 1761     |
|    total_timesteps | 540000   |
---------------------------------
---------------------------------
| rollout/           |          |
|    ep_len_mean     | 100      |
|    ep_rew_mean     | -100     |
|    success_rate    | 0        |
| time/              |          |
|    episodes        | 5380     |
|    fps             | 306      |
|    time_elapsed    | 1761     |
|    total_timesteps | 540000   |
---------------------------------
---------------------------------
| rollout/           |          |
|    ep_len_mean     | 100      |
|    ep_rew_mean     | -100     |
|    success_rate    | 0        |
| time/              |          |
|    episodes        | 5384     |
|    fps             | 306      |
|    time_elapsed    | 1761     |
|    total_timesteps | 540000   |
---------------------------------
---------------------------------
| rollout/           |          |
|    ep_len_mean     | 100      |
|    ep_rew_mean     | -100     |
|    success_rate    | 0        |
| time/              |          |
|    episodes        | 5388     |
|    fps             | 306      |
|    time_elapsed    | 1761     |
|    total_timesteps | 540000   |
---------------------------------
---------------------------------
| rollout/           |          |
|    ep_len_mean     | 100      |
|    ep_rew_mean     | -100     |
|    success_rate    | 0        |
| time/              |          |
|    episodes        | 5392     |
|    fps             | 306      |
|    time_elapsed    | 1761     |
|    total_timesteps | 540000   |
---------------------------------
---------------------------------
| rollout/           |          |
|    ep_len_mean     | 100      |
|    ep_rew_mean     | -100     |
|    success_rate    | 0        |
| time/              |          |
|    episodes        | 5396     |
|    fps             | 306      |
|    time_elapsed    | 1761     |
|    total_timesteps | 540000   |
---------------------------------
---------------------------------
| rollout/           |          |
|    ep_len_mean     | 100      |
|    ep_rew_mean     | -100     |
|    success_rate    | 0        |
| time/              |          |
|    episodes        | 5400     |
|    fps             | 306      |
|    time_elapsed    | 1761     |
|    total_timesteps | 540000   |
---------------------------------

Running evaluation at 540432 timesteps...
Successfully copied normalization stats
Evaluation results: {'eval/mean_reward': np.float32(-100.0), 'eval/std_reward': np.float32(0.0), 'eval/success_rate': np.float64(0.0)}
---------------------------------
| rollout/           |          |
|    ep_len_mean     | 100      |
|    ep_rew_mean     | -100     |
|    success_rate    | 0        |
| time/              |          |
|    episodes        | 5404     |
|    fps             | 303      |
|    time_elapsed    | 1792     |
|    total_timesteps | 543600   |
| train/             |          |
|    actor_loss      | 1.59     |
|    critic_loss     | 0.00361  |
|    ent_coef        | 0.000301 |
|    ent_coef_loss   | 5.61     |
|    learning_rate   | 0.001    |
|    n_updates       | 14822    |
---------------------------------
---------------------------------
| rollout/           |          |
|    ep_len_mean     | 100      |
|    ep_rew_mean     | -100     |
|    success_rate    | 0        |
| time/              |          |
|    episodes        | 5408     |
|    fps             | 303      |
|    time_elapsed    | 1792     |
|    total_timesteps | 543600   |
---------------------------------
---------------------------------
| rollout/           |          |
|    ep_len_mean     | 100      |
|    ep_rew_mean     | -100     |
|    success_rate    | 0        |
| time/              |          |
|    episodes        | 5412     |
|    fps             | 303      |
|    time_elapsed    | 1792     |
|    total_timesteps | 543600   |
---------------------------------
---------------------------------
| rollout/           |          |
|    ep_len_mean     | 100      |
|    ep_rew_mean     | -100     |
|    success_rate    | 0        |
| time/              |          |
|    episodes        | 5416     |
|    fps             | 303      |
|    time_elapsed    | 1792     |
|    total_timesteps | 543600   |
---------------------------------
---------------------------------
| rollout/           |          |
|    ep_len_mean     | 100      |
|    ep_rew_mean     | -100     |
|    success_rate    | 0        |
| time/              |          |
|    episodes        | 5420     |
|    fps             | 303      |
|    time_elapsed    | 1792     |
|    total_timesteps | 543600   |
---------------------------------
---------------------------------
| rollout/           |          |
|    ep_len_mean     | 100      |
|    ep_rew_mean     | -100     |
|    success_rate    | 0        |
| time/              |          |
|    episodes        | 5424     |
|    fps             | 303      |
|    time_elapsed    | 1792     |
|    total_timesteps | 543600   |
---------------------------------
---------------------------------
| rollout/           |          |
|    ep_len_mean     | 100      |
|    ep_rew_mean     | -100     |
|    success_rate    | 0        |
| time/              |          |
|    episodes        | 5428     |
|    fps             | 303      |
|    time_elapsed    | 1792     |
|    total_timesteps | 543600   |
---------------------------------
---------------------------------
| rollout/           |          |
|    ep_len_mean     | 100      |
|    ep_rew_mean     | -100     |
|    success_rate    | 0        |
| time/              |          |
|    episodes        | 5432     |
|    fps             | 303      |
|    time_elapsed    | 1792     |
|    total_timesteps | 543600   |
---------------------------------
---------------------------------
| rollout/           |          |
|    ep_len_mean     | 100      |
|    ep_rew_mean     | -100     |
|    success_rate    | 0        |
| time/              |          |
|    episodes        | 5436     |
|    fps             | 303      |
|    time_elapsed    | 1792     |
|    total_timesteps | 543600   |
---------------------------------
---------------------------------
| rollout/           |          |
|    ep_len_mean     | 100      |
|    ep_rew_mean     | -100     |
|    success_rate    | 0        |
| time/              |          |
|    episodes        | 5440     |
|    fps             | 303      |
|    time_elapsed    | 1800     |
|    total_timesteps | 547200   |
| train/             |          |
|    actor_loss      | 1.63     |
|    critic_loss     | 0.00342  |
|    ent_coef        | 0.0003   |
|    ent_coef_loss   | -46.3    |
|    learning_rate   | 0.001    |
|    n_updates       | 14922    |
---------------------------------
---------------------------------
| rollout/           |          |
|    ep_len_mean     | 100      |
|    ep_rew_mean     | -100     |
|    success_rate    | 0        |
| time/              |          |
|    episodes        | 5444     |
|    fps             | 303      |
|    time_elapsed    | 1800     |
|    total_timesteps | 547200   |
---------------------------------
---------------------------------
| rollout/           |          |
|    ep_len_mean     | 100      |
|    ep_rew_mean     | -100     |
|    success_rate    | 0        |
| time/              |          |
|    episodes        | 5448     |
|    fps             | 303      |
|    time_elapsed    | 1800     |
|    total_timesteps | 547200   |
---------------------------------
---------------------------------
| rollout/           |          |
|    ep_len_mean     | 100      |
|    ep_rew_mean     | -100     |
|    success_rate    | 0        |
| time/              |          |
|    episodes        | 5452     |
|    fps             | 303      |
|    time_elapsed    | 1800     |
|    total_timesteps | 547200   |
---------------------------------
---------------------------------
| rollout/           |          |
|    ep_len_mean     | 100      |
|    ep_rew_mean     | -100     |
|    success_rate    | 0        |
| time/              |          |
|    episodes        | 5456     |
|    fps             | 303      |
|    time_elapsed    | 1800     |
|    total_timesteps | 547200   |
---------------------------------
---------------------------------
| rollout/           |          |
|    ep_len_mean     | 100      |
|    ep_rew_mean     | -100     |
|    success_rate    | 0        |
| time/              |          |
|    episodes        | 5460     |
|    fps             | 303      |
|    time_elapsed    | 1800     |
|    total_timesteps | 547200   |
---------------------------------
---------------------------------
| rollout/           |          |
|    ep_len_mean     | 100      |
|    ep_rew_mean     | -100     |
|    success_rate    | 0        |
| time/              |          |
|    episodes        | 5464     |
|    fps             | 303      |
|    time_elapsed    | 1800     |
|    total_timesteps | 547200   |
---------------------------------
---------------------------------
| rollout/           |          |
|    ep_len_mean     | 100      |
|    ep_rew_mean     | -100     |
|    success_rate    | 0        |
| time/              |          |
|    episodes        | 5468     |
|    fps             | 303      |
|    time_elapsed    | 1800     |
|    total_timesteps | 547200   |
---------------------------------
---------------------------------
| rollout/           |          |
|    ep_len_mean     | 100      |
|    ep_rew_mean     | -100     |
|    success_rate    | 0        |
| time/              |          |
|    episodes        | 5472     |
|    fps             | 303      |
|    time_elapsed    | 1800     |
|    total_timesteps | 547200   |
---------------------------------
---------------------------------
| rollout/           |          |
|    ep_len_mean     | 100      |
|    ep_rew_mean     | -100     |
|    success_rate    | 0        |
| time/              |          |
|    episodes        | 5476     |
|    fps             | 304      |
|    time_elapsed    | 1808     |
|    total_timesteps | 550800   |
| train/             |          |
|    actor_loss      | 1.57     |
|    critic_loss     | 0.00473  |
|    ent_coef        | 0.000292 |
|    ent_coef_loss   | -2.18    |
|    learning_rate   | 0.001    |
|    n_updates       | 15022    |
---------------------------------
---------------------------------
| rollout/           |          |
|    ep_len_mean     | 100      |
|    ep_rew_mean     | -100     |
|    success_rate    | 0        |
| time/              |          |
|    episodes        | 5480     |
|    fps             | 304      |
|    time_elapsed    | 1808     |
|    total_timesteps | 550800   |
---------------------------------
---------------------------------
| rollout/           |          |
|    ep_len_mean     | 100      |
|    ep_rew_mean     | -100     |
|    success_rate    | 0        |
| time/              |          |
|    episodes        | 5484     |
|    fps             | 304      |
|    time_elapsed    | 1808     |
|    total_timesteps | 550800   |
---------------------------------
---------------------------------
| rollout/           |          |
|    ep_len_mean     | 100      |
|    ep_rew_mean     | -100     |
|    success_rate    | 0        |
| time/              |          |
|    episodes        | 5488     |
|    fps             | 304      |
|    time_elapsed    | 1808     |
|    total_timesteps | 550800   |
---------------------------------
---------------------------------
| rollout/           |          |
|    ep_len_mean     | 100      |
|    ep_rew_mean     | -100     |
|    success_rate    | 0        |
| time/              |          |
|    episodes        | 5492     |
|    fps             | 304      |
|    time_elapsed    | 1808     |
|    total_timesteps | 550800   |
---------------------------------
---------------------------------
| rollout/           |          |
|    ep_len_mean     | 100      |
|    ep_rew_mean     | -100     |
|    success_rate    | 0        |
| time/              |          |
|    episodes        | 5496     |
|    fps             | 304      |
|    time_elapsed    | 1808     |
|    total_timesteps | 550800   |
---------------------------------
---------------------------------
| rollout/           |          |
|    ep_len_mean     | 100      |
|    ep_rew_mean     | -100     |
|    success_rate    | 0        |
| time/              |          |
|    episodes        | 5500     |
|    fps             | 304      |
|    time_elapsed    | 1808     |
|    total_timesteps | 550800   |
---------------------------------
---------------------------------
| rollout/           |          |
|    ep_len_mean     | 100      |
|    ep_rew_mean     | -100     |
|    success_rate    | 0        |
| time/              |          |
|    episodes        | 5504     |
|    fps             | 304      |
|    time_elapsed    | 1808     |
|    total_timesteps | 550800   |
---------------------------------
---------------------------------
| rollout/           |          |
|    ep_len_mean     | 100      |
|    ep_rew_mean     | -100     |
|    success_rate    | 0        |
| time/              |          |
|    episodes        | 5508     |
|    fps             | 304      |
|    time_elapsed    | 1808     |
|    total_timesteps | 550800   |
---------------------------------
---------------------------------
| rollout/           |          |
|    ep_len_mean     | 100      |
|    ep_rew_mean     | -100     |
|    success_rate    | 0        |
| time/              |          |
|    episodes        | 5512     |
|    fps             | 305      |
|    time_elapsed    | 1816     |
|    total_timesteps | 554400   |
| train/             |          |
|    actor_loss      | 1.56     |
|    critic_loss     | 0.00386  |
|    ent_coef        | 0.000296 |
|    ent_coef_loss   | -17      |
|    learning_rate   | 0.001    |
|    n_updates       | 15122    |
---------------------------------
---------------------------------
| rollout/           |          |
|    ep_len_mean     | 100      |
|    ep_rew_mean     | -100     |
|    success_rate    | 0        |
| time/              |          |
|    episodes        | 5516     |
|    fps             | 305      |
|    time_elapsed    | 1816     |
|    total_timesteps | 554400   |
---------------------------------
---------------------------------
| rollout/           |          |
|    ep_len_mean     | 100      |
|    ep_rew_mean     | -100     |
|    success_rate    | 0        |
| time/              |          |
|    episodes        | 5520     |
|    fps             | 305      |
|    time_elapsed    | 1816     |
|    total_timesteps | 554400   |
---------------------------------
---------------------------------
| rollout/           |          |
|    ep_len_mean     | 100      |
|    ep_rew_mean     | -100     |
|    success_rate    | 0        |
| time/              |          |
|    episodes        | 5524     |
|    fps             | 305      |
|    time_elapsed    | 1816     |
|    total_timesteps | 554400   |
---------------------------------
---------------------------------
| rollout/           |          |
|    ep_len_mean     | 100      |
|    ep_rew_mean     | -100     |
|    success_rate    | 0        |
| time/              |          |
|    episodes        | 5528     |
|    fps             | 305      |
|    time_elapsed    | 1816     |
|    total_timesteps | 554400   |
---------------------------------
---------------------------------
| rollout/           |          |
|    ep_len_mean     | 100      |
|    ep_rew_mean     | -100     |
|    success_rate    | 0        |
| time/              |          |
|    episodes        | 5532     |
|    fps             | 305      |
|    time_elapsed    | 1816     |
|    total_timesteps | 554400   |
---------------------------------
---------------------------------
| rollout/           |          |
|    ep_len_mean     | 100      |
|    ep_rew_mean     | -100     |
|    success_rate    | 0        |
| time/              |          |
|    episodes        | 5536     |
|    fps             | 305      |
|    time_elapsed    | 1816     |
|    total_timesteps | 554400   |
---------------------------------
---------------------------------
| rollout/           |          |
|    ep_len_mean     | 100      |
|    ep_rew_mean     | -100     |
|    success_rate    | 0        |
| time/              |          |
|    episodes        | 5540     |
|    fps             | 305      |
|    time_elapsed    | 1816     |
|    total_timesteps | 554400   |
---------------------------------
---------------------------------
| rollout/           |          |
|    ep_len_mean     | 100      |
|    ep_rew_mean     | -100     |
|    success_rate    | 0        |
| time/              |          |
|    episodes        | 5544     |
|    fps             | 305      |
|    time_elapsed    | 1816     |
|    total_timesteps | 554400   |
---------------------------------
---------------------------------
| rollout/           |          |
|    ep_len_mean     | 100      |
|    ep_rew_mean     | -100     |
|    success_rate    | 0        |
| time/              |          |
|    episodes        | 5548     |
|    fps             | 305      |
|    time_elapsed    | 1824     |
|    total_timesteps | 558000   |
| train/             |          |
|    actor_loss      | 1.57     |
|    critic_loss     | 0.00358  |
|    ent_coef        | 0.000289 |
|    ent_coef_loss   | -22.6    |
|    learning_rate   | 0.001    |
|    n_updates       | 15222    |
---------------------------------
---------------------------------
| rollout/           |          |
|    ep_len_mean     | 100      |
|    ep_rew_mean     | -100     |
|    success_rate    | 0        |
| time/              |          |
|    episodes        | 5552     |
|    fps             | 305      |
|    time_elapsed    | 1824     |
|    total_timesteps | 558000   |
---------------------------------
---------------------------------
| rollout/           |          |
|    ep_len_mean     | 100      |
|    ep_rew_mean     | -100     |
|    success_rate    | 0        |
| time/              |          |
|    episodes        | 5556     |
|    fps             | 305      |
|    time_elapsed    | 1824     |
|    total_timesteps | 558000   |
---------------------------------
---------------------------------
| rollout/           |          |
|    ep_len_mean     | 100      |
|    ep_rew_mean     | -100     |
|    success_rate    | 0        |
| time/              |          |
|    episodes        | 5560     |
|    fps             | 305      |
|    time_elapsed    | 1824     |
|    total_timesteps | 558000   |
---------------------------------
---------------------------------
| rollout/           |          |
|    ep_len_mean     | 100      |
|    ep_rew_mean     | -100     |
|    success_rate    | 0        |
| time/              |          |
|    episodes        | 5564     |
|    fps             | 305      |
|    time_elapsed    | 1824     |
|    total_timesteps | 558000   |
---------------------------------
---------------------------------
| rollout/           |          |
|    ep_len_mean     | 100      |
|    ep_rew_mean     | -100     |
|    success_rate    | 0        |
| time/              |          |
|    episodes        | 5568     |
|    fps             | 305      |
|    time_elapsed    | 1824     |
|    total_timesteps | 558000   |
---------------------------------
---------------------------------
| rollout/           |          |
|    ep_len_mean     | 100      |
|    ep_rew_mean     | -100     |
|    success_rate    | 0        |
| time/              |          |
|    episodes        | 5572     |
|    fps             | 305      |
|    time_elapsed    | 1824     |
|    total_timesteps | 558000   |
---------------------------------
---------------------------------
| rollout/           |          |
|    ep_len_mean     | 100      |
|    ep_rew_mean     | -100     |
|    success_rate    | 0        |
| time/              |          |
|    episodes        | 5576     |
|    fps             | 305      |
|    time_elapsed    | 1824     |
|    total_timesteps | 558000   |
---------------------------------
---------------------------------
| rollout/           |          |
|    ep_len_mean     | 100      |
|    ep_rew_mean     | -100     |
|    success_rate    | 0        |
| time/              |          |
|    episodes        | 5580     |
|    fps             | 305      |
|    time_elapsed    | 1824     |
|    total_timesteps | 558000   |
---------------------------------

Running evaluation at 560448 timesteps...
Successfully copied normalization stats
Evaluation results: {'eval/mean_reward': np.float32(-100.0), 'eval/std_reward': np.float32(0.0), 'eval/success_rate': np.float64(0.0)}
---------------------------------
| rollout/           |          |
|    ep_len_mean     | 100      |
|    ep_rew_mean     | -100     |
|    success_rate    | 0        |
| time/              |          |
|    episodes        | 5584     |
|    fps             | 302      |
|    time_elapsed    | 1853     |
|    total_timesteps | 561600   |
| train/             |          |
|    actor_loss      | 1.58     |
|    critic_loss     | 0.0048   |
|    ent_coef        | 0.00029  |
|    ent_coef_loss   | 12.4     |
|    learning_rate   | 0.001    |
|    n_updates       | 15322    |
---------------------------------
---------------------------------
| rollout/           |          |
|    ep_len_mean     | 100      |
|    ep_rew_mean     | -100     |
|    success_rate    | 0        |
| time/              |          |
|    episodes        | 5588     |
|    fps             | 302      |
|    time_elapsed    | 1853     |
|    total_timesteps | 561600   |
---------------------------------
---------------------------------
| rollout/           |          |
|    ep_len_mean     | 100      |
|    ep_rew_mean     | -100     |
|    success_rate    | 0        |
| time/              |          |
|    episodes        | 5592     |
|    fps             | 302      |
|    time_elapsed    | 1853     |
|    total_timesteps | 561600   |
---------------------------------
---------------------------------
| rollout/           |          |
|    ep_len_mean     | 100      |
|    ep_rew_mean     | -100     |
|    success_rate    | 0        |
| time/              |          |
|    episodes        | 5596     |
|    fps             | 302      |
|    time_elapsed    | 1853     |
|    total_timesteps | 561600   |
---------------------------------
---------------------------------
| rollout/           |          |
|    ep_len_mean     | 100      |
|    ep_rew_mean     | -100     |
|    success_rate    | 0        |
| time/              |          |
|    episodes        | 5600     |
|    fps             | 302      |
|    time_elapsed    | 1853     |
|    total_timesteps | 561600   |
---------------------------------
---------------------------------
| rollout/           |          |
|    ep_len_mean     | 100      |
|    ep_rew_mean     | -100     |
|    success_rate    | 0        |
| time/              |          |
|    episodes        | 5604     |
|    fps             | 302      |
|    time_elapsed    | 1853     |
|    total_timesteps | 561600   |
---------------------------------
---------------------------------
| rollout/           |          |
|    ep_len_mean     | 100      |
|    ep_rew_mean     | -100     |
|    success_rate    | 0        |
| time/              |          |
|    episodes        | 5608     |
|    fps             | 302      |
|    time_elapsed    | 1853     |
|    total_timesteps | 561600   |
---------------------------------
---------------------------------
| rollout/           |          |
|    ep_len_mean     | 100      |
|    ep_rew_mean     | -100     |
|    success_rate    | 0        |
| time/              |          |
|    episodes        | 5612     |
|    fps             | 302      |
|    time_elapsed    | 1853     |
|    total_timesteps | 561600   |
---------------------------------
---------------------------------
| rollout/           |          |
|    ep_len_mean     | 100      |
|    ep_rew_mean     | -100     |
|    success_rate    | 0        |
| time/              |          |
|    episodes        | 5616     |
|    fps             | 302      |
|    time_elapsed    | 1853     |
|    total_timesteps | 561600   |
---------------------------------
---------------------------------
| rollout/           |          |
|    ep_len_mean     | 100      |
|    ep_rew_mean     | -100     |
|    success_rate    | 0        |
| time/              |          |
|    episodes        | 5620     |
|    fps             | 303      |
|    time_elapsed    | 1861     |
|    total_timesteps | 565200   |
| train/             |          |
|    actor_loss      | 1.49     |
|    critic_loss     | 0.00411  |
|    ent_coef        | 0.000299 |
|    ent_coef_loss   | -22.1    |
|    learning_rate   | 0.001    |
|    n_updates       | 15422    |
---------------------------------
---------------------------------
| rollout/           |          |
|    ep_len_mean     | 100      |
|    ep_rew_mean     | -100     |
|    success_rate    | 0        |
| time/              |          |
|    episodes        | 5624     |
|    fps             | 303      |
|    time_elapsed    | 1861     |
|    total_timesteps | 565200   |
---------------------------------
---------------------------------
| rollout/           |          |
|    ep_len_mean     | 100      |
|    ep_rew_mean     | -100     |
|    success_rate    | 0        |
| time/              |          |
|    episodes        | 5628     |
|    fps             | 303      |
|    time_elapsed    | 1861     |
|    total_timesteps | 565200   |
---------------------------------
---------------------------------
| rollout/           |          |
|    ep_len_mean     | 100      |
|    ep_rew_mean     | -100     |
|    success_rate    | 0        |
| time/              |          |
|    episodes        | 5632     |
|    fps             | 303      |
|    time_elapsed    | 1861     |
|    total_timesteps | 565200   |
---------------------------------
---------------------------------
| rollout/           |          |
|    ep_len_mean     | 100      |
|    ep_rew_mean     | -100     |
|    success_rate    | 0        |
| time/              |          |
|    episodes        | 5636     |
|    fps             | 303      |
|    time_elapsed    | 1861     |
|    total_timesteps | 565200   |
---------------------------------
---------------------------------
| rollout/           |          |
|    ep_len_mean     | 100      |
|    ep_rew_mean     | -100     |
|    success_rate    | 0        |
| time/              |          |
|    episodes        | 5640     |
|    fps             | 303      |
|    time_elapsed    | 1861     |
|    total_timesteps | 565200   |
---------------------------------
---------------------------------
| rollout/           |          |
|    ep_len_mean     | 100      |
|    ep_rew_mean     | -100     |
|    success_rate    | 0        |
| time/              |          |
|    episodes        | 5644     |
|    fps             | 303      |
|    time_elapsed    | 1861     |
|    total_timesteps | 565200   |
---------------------------------
---------------------------------
| rollout/           |          |
|    ep_len_mean     | 100      |
|    ep_rew_mean     | -100     |
|    success_rate    | 0        |
| time/              |          |
|    episodes        | 5648     |
|    fps             | 303      |
|    time_elapsed    | 1861     |
|    total_timesteps | 565200   |
---------------------------------
---------------------------------
| rollout/           |          |
|    ep_len_mean     | 100      |
|    ep_rew_mean     | -100     |
|    success_rate    | 0        |
| time/              |          |
|    episodes        | 5652     |
|    fps             | 303      |
|    time_elapsed    | 1861     |
|    total_timesteps | 565200   |
---------------------------------
---------------------------------
| rollout/           |          |
|    ep_len_mean     | 100      |
|    ep_rew_mean     | -100     |
|    success_rate    | 0        |
| time/              |          |
|    episodes        | 5656     |
|    fps             | 304      |
|    time_elapsed    | 1869     |
|    total_timesteps | 568800   |
| train/             |          |
|    actor_loss      | 1.52     |
|    critic_loss     | 0.00407  |
|    ent_coef        | 0.000303 |
|    ent_coef_loss   | -6.89    |
|    learning_rate   | 0.001    |
|    n_updates       | 15522    |
---------------------------------
---------------------------------
| rollout/           |          |
|    ep_len_mean     | 100      |
|    ep_rew_mean     | -100     |
|    success_rate    | 0        |
| time/              |          |
|    episodes        | 5660     |
|    fps             | 304      |
|    time_elapsed    | 1869     |
|    total_timesteps | 568800   |
---------------------------------
---------------------------------
| rollout/           |          |
|    ep_len_mean     | 100      |
|    ep_rew_mean     | -100     |
|    success_rate    | 0        |
| time/              |          |
|    episodes        | 5664     |
|    fps             | 304      |
|    time_elapsed    | 1869     |
|    total_timesteps | 568800   |
---------------------------------
---------------------------------
| rollout/           |          |
|    ep_len_mean     | 100      |
|    ep_rew_mean     | -100     |
|    success_rate    | 0        |
| time/              |          |
|    episodes        | 5668     |
|    fps             | 304      |
|    time_elapsed    | 1869     |
|    total_timesteps | 568800   |
---------------------------------
---------------------------------
| rollout/           |          |
|    ep_len_mean     | 100      |
|    ep_rew_mean     | -100     |
|    success_rate    | 0        |
| time/              |          |
|    episodes        | 5672     |
|    fps             | 304      |
|    time_elapsed    | 1869     |
|    total_timesteps | 568800   |
---------------------------------
---------------------------------
| rollout/           |          |
|    ep_len_mean     | 100      |
|    ep_rew_mean     | -100     |
|    success_rate    | 0        |
| time/              |          |
|    episodes        | 5676     |
|    fps             | 304      |
|    time_elapsed    | 1869     |
|    total_timesteps | 568800   |
---------------------------------
---------------------------------
| rollout/           |          |
|    ep_len_mean     | 100      |
|    ep_rew_mean     | -100     |
|    success_rate    | 0        |
| time/              |          |
|    episodes        | 5680     |
|    fps             | 304      |
|    time_elapsed    | 1869     |
|    total_timesteps | 568800   |
---------------------------------
---------------------------------
| rollout/           |          |
|    ep_len_mean     | 100      |
|    ep_rew_mean     | -100     |
|    success_rate    | 0        |
| time/              |          |
|    episodes        | 5684     |
|    fps             | 304      |
|    time_elapsed    | 1869     |
|    total_timesteps | 568800   |
---------------------------------
---------------------------------
| rollout/           |          |
|    ep_len_mean     | 100      |
|    ep_rew_mean     | -100     |
|    success_rate    | 0        |
| time/              |          |
|    episodes        | 5688     |
|    fps             | 304      |
|    time_elapsed    | 1869     |
|    total_timesteps | 568800   |
---------------------------------
---------------------------------
| rollout/           |          |
|    ep_len_mean     | 100      |
|    ep_rew_mean     | -100     |
|    success_rate    | 0        |
| time/              |          |
|    episodes        | 5692     |
|    fps             | 304      |
|    time_elapsed    | 1877     |
|    total_timesteps | 572400   |
| train/             |          |
|    actor_loss      | 1.51     |
|    critic_loss     | 0.00405  |
|    ent_coef        | 0.000299 |
|    ent_coef_loss   | 5.95     |
|    learning_rate   | 0.001    |
|    n_updates       | 15622    |
---------------------------------
---------------------------------
| rollout/           |          |
|    ep_len_mean     | 100      |
|    ep_rew_mean     | -100     |
|    success_rate    | 0        |
| time/              |          |
|    episodes        | 5696     |
|    fps             | 304      |
|    time_elapsed    | 1877     |
|    total_timesteps | 572400   |
---------------------------------
---------------------------------
| rollout/           |          |
|    ep_len_mean     | 100      |
|    ep_rew_mean     | -100     |
|    success_rate    | 0        |
| time/              |          |
|    episodes        | 5700     |
|    fps             | 304      |
|    time_elapsed    | 1877     |
|    total_timesteps | 572400   |
---------------------------------
---------------------------------
| rollout/           |          |
|    ep_len_mean     | 100      |
|    ep_rew_mean     | -100     |
|    success_rate    | 0        |
| time/              |          |
|    episodes        | 5704     |
|    fps             | 304      |
|    time_elapsed    | 1877     |
|    total_timesteps | 572400   |
---------------------------------
---------------------------------
| rollout/           |          |
|    ep_len_mean     | 100      |
|    ep_rew_mean     | -100     |
|    success_rate    | 0        |
| time/              |          |
|    episodes        | 5708     |
|    fps             | 304      |
|    time_elapsed    | 1877     |
|    total_timesteps | 572400   |
---------------------------------
---------------------------------
| rollout/           |          |
|    ep_len_mean     | 100      |
|    ep_rew_mean     | -100     |
|    success_rate    | 0        |
| time/              |          |
|    episodes        | 5712     |
|    fps             | 304      |
|    time_elapsed    | 1877     |
|    total_timesteps | 572400   |
---------------------------------
---------------------------------
| rollout/           |          |
|    ep_len_mean     | 100      |
|    ep_rew_mean     | -100     |
|    success_rate    | 0        |
| time/              |          |
|    episodes        | 5716     |
|    fps             | 304      |
|    time_elapsed    | 1877     |
|    total_timesteps | 572400   |
---------------------------------
---------------------------------
| rollout/           |          |
|    ep_len_mean     | 100      |
|    ep_rew_mean     | -100     |
|    success_rate    | 0        |
| time/              |          |
|    episodes        | 5720     |
|    fps             | 304      |
|    time_elapsed    | 1877     |
|    total_timesteps | 572400   |
---------------------------------
---------------------------------
| rollout/           |          |
|    ep_len_mean     | 100      |
|    ep_rew_mean     | -100     |
|    success_rate    | 0        |
| time/              |          |
|    episodes        | 5724     |
|    fps             | 304      |
|    time_elapsed    | 1877     |
|    total_timesteps | 572400   |
---------------------------------
---------------------------------
| rollout/           |          |
|    ep_len_mean     | 100      |
|    ep_rew_mean     | -100     |
|    success_rate    | 0        |
| time/              |          |
|    episodes        | 5728     |
|    fps             | 305      |
|    time_elapsed    | 1884     |
|    total_timesteps | 576000   |
| train/             |          |
|    actor_loss      | 1.49     |
|    critic_loss     | 0.00419  |
|    ent_coef        | 0.000302 |
|    ent_coef_loss   | -0.114   |
|    learning_rate   | 0.001    |
|    n_updates       | 15722    |
---------------------------------
---------------------------------
| rollout/           |          |
|    ep_len_mean     | 100      |
|    ep_rew_mean     | -100     |
|    success_rate    | 0        |
| time/              |          |
|    episodes        | 5732     |
|    fps             | 305      |
|    time_elapsed    | 1884     |
|    total_timesteps | 576000   |
---------------------------------
---------------------------------
| rollout/           |          |
|    ep_len_mean     | 100      |
|    ep_rew_mean     | -100     |
|    success_rate    | 0        |
| time/              |          |
|    episodes        | 5736     |
|    fps             | 305      |
|    time_elapsed    | 1884     |
|    total_timesteps | 576000   |
---------------------------------
---------------------------------
| rollout/           |          |
|    ep_len_mean     | 100      |
|    ep_rew_mean     | -100     |
|    success_rate    | 0        |
| time/              |          |
|    episodes        | 5740     |
|    fps             | 305      |
|    time_elapsed    | 1884     |
|    total_timesteps | 576000   |
---------------------------------
---------------------------------
| rollout/           |          |
|    ep_len_mean     | 100      |
|    ep_rew_mean     | -100     |
|    success_rate    | 0        |
| time/              |          |
|    episodes        | 5744     |
|    fps             | 305      |
|    time_elapsed    | 1884     |
|    total_timesteps | 576000   |
---------------------------------
---------------------------------
| rollout/           |          |
|    ep_len_mean     | 100      |
|    ep_rew_mean     | -100     |
|    success_rate    | 0        |
| time/              |          |
|    episodes        | 5748     |
|    fps             | 305      |
|    time_elapsed    | 1884     |
|    total_timesteps | 576000   |
---------------------------------
---------------------------------
| rollout/           |          |
|    ep_len_mean     | 100      |
|    ep_rew_mean     | -100     |
|    success_rate    | 0        |
| time/              |          |
|    episodes        | 5752     |
|    fps             | 305      |
|    time_elapsed    | 1884     |
|    total_timesteps | 576000   |
---------------------------------
---------------------------------
| rollout/           |          |
|    ep_len_mean     | 100      |
|    ep_rew_mean     | -100     |
|    success_rate    | 0        |
| time/              |          |
|    episodes        | 5756     |
|    fps             | 305      |
|    time_elapsed    | 1884     |
|    total_timesteps | 576000   |
---------------------------------
---------------------------------
| rollout/           |          |
|    ep_len_mean     | 100      |
|    ep_rew_mean     | -100     |
|    success_rate    | 0        |
| time/              |          |
|    episodes        | 5760     |
|    fps             | 305      |
|    time_elapsed    | 1884     |
|    total_timesteps | 576000   |
---------------------------------
---------------------------------
| rollout/           |          |
|    ep_len_mean     | 100      |
|    ep_rew_mean     | -100     |
|    success_rate    | 0        |
| time/              |          |
|    episodes        | 5764     |
|    fps             | 306      |
|    time_elapsed    | 1892     |
|    total_timesteps | 579600   |
| train/             |          |
|    actor_loss      | 1.45     |
|    critic_loss     | 0.00432  |
|    ent_coef        | 0.0003   |
|    ent_coef_loss   | 4.46     |
|    learning_rate   | 0.001    |
|    n_updates       | 15822    |
---------------------------------
---------------------------------
| rollout/           |          |
|    ep_len_mean     | 100      |
|    ep_rew_mean     | -100     |
|    success_rate    | 0        |
| time/              |          |
|    episodes        | 5768     |
|    fps             | 306      |
|    time_elapsed    | 1892     |
|    total_timesteps | 579600   |
---------------------------------
---------------------------------
| rollout/           |          |
|    ep_len_mean     | 100      |
|    ep_rew_mean     | -100     |
|    success_rate    | 0        |
| time/              |          |
|    episodes        | 5772     |
|    fps             | 306      |
|    time_elapsed    | 1892     |
|    total_timesteps | 579600   |
---------------------------------
---------------------------------
| rollout/           |          |
|    ep_len_mean     | 100      |
|    ep_rew_mean     | -100     |
|    success_rate    | 0        |
| time/              |          |
|    episodes        | 5776     |
|    fps             | 306      |
|    time_elapsed    | 1892     |
|    total_timesteps | 579600   |
---------------------------------
---------------------------------
| rollout/           |          |
|    ep_len_mean     | 100      |
|    ep_rew_mean     | -100     |
|    success_rate    | 0        |
| time/              |          |
|    episodes        | 5780     |
|    fps             | 306      |
|    time_elapsed    | 1892     |
|    total_timesteps | 579600   |
---------------------------------
---------------------------------
| rollout/           |          |
|    ep_len_mean     | 100      |
|    ep_rew_mean     | -100     |
|    success_rate    | 0        |
| time/              |          |
|    episodes        | 5784     |
|    fps             | 306      |
|    time_elapsed    | 1892     |
|    total_timesteps | 579600   |
---------------------------------
---------------------------------
| rollout/           |          |
|    ep_len_mean     | 100      |
|    ep_rew_mean     | -100     |
|    success_rate    | 0        |
| time/              |          |
|    episodes        | 5788     |
|    fps             | 306      |
|    time_elapsed    | 1892     |
|    total_timesteps | 579600   |
---------------------------------
---------------------------------
| rollout/           |          |
|    ep_len_mean     | 100      |
|    ep_rew_mean     | -100     |
|    success_rate    | 0        |
| time/              |          |
|    episodes        | 5792     |
|    fps             | 306      |
|    time_elapsed    | 1892     |
|    total_timesteps | 579600   |
---------------------------------
---------------------------------
| rollout/           |          |
|    ep_len_mean     | 100      |
|    ep_rew_mean     | -100     |
|    success_rate    | 0        |
| time/              |          |
|    episodes        | 5796     |
|    fps             | 306      |
|    time_elapsed    | 1892     |
|    total_timesteps | 579600   |
---------------------------------

Running evaluation at 580464 timesteps...
Successfully copied normalization stats
Evaluation results: {'eval/mean_reward': np.float32(-100.0), 'eval/std_reward': np.float32(0.0), 'eval/success_rate': np.float64(0.0)}
---------------------------------
| rollout/           |          |
|    ep_len_mean     | 100      |
|    ep_rew_mean     | -100     |
|    success_rate    | 0        |
| time/              |          |
|    episodes        | 5800     |
|    fps             | 303      |
|    time_elapsed    | 1923     |
|    total_timesteps | 583200   |
| train/             |          |
|    actor_loss      | 1.5      |
|    critic_loss     | 0.00394  |
|    ent_coef        | 0.000311 |
|    ent_coef_loss   | 7.93     |
|    learning_rate   | 0.001    |
|    n_updates       | 15922    |
---------------------------------
---------------------------------
| rollout/           |          |
|    ep_len_mean     | 100      |
|    ep_rew_mean     | -100     |
|    success_rate    | 0        |
| time/              |          |
|    episodes        | 5804     |
|    fps             | 303      |
|    time_elapsed    | 1923     |
|    total_timesteps | 583200   |
---------------------------------
---------------------------------
| rollout/           |          |
|    ep_len_mean     | 100      |
|    ep_rew_mean     | -100     |
|    success_rate    | 0        |
| time/              |          |
|    episodes        | 5808     |
|    fps             | 303      |
|    time_elapsed    | 1923     |
|    total_timesteps | 583200   |
---------------------------------
---------------------------------
| rollout/           |          |
|    ep_len_mean     | 100      |
|    ep_rew_mean     | -100     |
|    success_rate    | 0        |
| time/              |          |
|    episodes        | 5812     |
|    fps             | 303      |
|    time_elapsed    | 1923     |
|    total_timesteps | 583200   |
---------------------------------
---------------------------------
| rollout/           |          |
|    ep_len_mean     | 100      |
|    ep_rew_mean     | -100     |
|    success_rate    | 0        |
| time/              |          |
|    episodes        | 5816     |
|    fps             | 303      |
|    time_elapsed    | 1923     |
|    total_timesteps | 583200   |
---------------------------------
---------------------------------
| rollout/           |          |
|    ep_len_mean     | 100      |
|    ep_rew_mean     | -100     |
|    success_rate    | 0        |
| time/              |          |
|    episodes        | 5820     |
|    fps             | 303      |
|    time_elapsed    | 1923     |
|    total_timesteps | 583200   |
---------------------------------
---------------------------------
| rollout/           |          |
|    ep_len_mean     | 100      |
|    ep_rew_mean     | -100     |
|    success_rate    | 0        |
| time/              |          |
|    episodes        | 5824     |
|    fps             | 303      |
|    time_elapsed    | 1923     |
|    total_timesteps | 583200   |
---------------------------------
---------------------------------
| rollout/           |          |
|    ep_len_mean     | 100      |
|    ep_rew_mean     | -100     |
|    success_rate    | 0        |
| time/              |          |
|    episodes        | 5828     |
|    fps             | 303      |
|    time_elapsed    | 1923     |
|    total_timesteps | 583200   |
---------------------------------
---------------------------------
| rollout/           |          |
|    ep_len_mean     | 100      |
|    ep_rew_mean     | -100     |
|    success_rate    | 0        |
| time/              |          |
|    episodes        | 5832     |
|    fps             | 303      |
|    time_elapsed    | 1923     |
|    total_timesteps | 583200   |
---------------------------------
---------------------------------
| rollout/           |          |
|    ep_len_mean     | 100      |
|    ep_rew_mean     | -100     |
|    success_rate    | 0        |
| time/              |          |
|    episodes        | 5836     |
|    fps             | 303      |
|    time_elapsed    | 1931     |
|    total_timesteps | 586800   |
| train/             |          |
|    actor_loss      | 1.49     |
|    critic_loss     | 0.00438  |
|    ent_coef        | 0.000315 |
|    ent_coef_loss   | -2.67    |
|    learning_rate   | 0.001    |
|    n_updates       | 16022    |
---------------------------------
---------------------------------
| rollout/           |          |
|    ep_len_mean     | 100      |
|    ep_rew_mean     | -100     |
|    success_rate    | 0        |
| time/              |          |
|    episodes        | 5840     |
|    fps             | 303      |
|    time_elapsed    | 1931     |
|    total_timesteps | 586800   |
---------------------------------
---------------------------------
| rollout/           |          |
|    ep_len_mean     | 100      |
|    ep_rew_mean     | -100     |
|    success_rate    | 0        |
| time/              |          |
|    episodes        | 5844     |
|    fps             | 303      |
|    time_elapsed    | 1931     |
|    total_timesteps | 586800   |
---------------------------------
---------------------------------
| rollout/           |          |
|    ep_len_mean     | 100      |
|    ep_rew_mean     | -100     |
|    success_rate    | 0        |
| time/              |          |
|    episodes        | 5848     |
|    fps             | 303      |
|    time_elapsed    | 1931     |
|    total_timesteps | 586800   |
---------------------------------
---------------------------------
| rollout/           |          |
|    ep_len_mean     | 100      |
|    ep_rew_mean     | -100     |
|    success_rate    | 0        |
| time/              |          |
|    episodes        | 5852     |
|    fps             | 303      |
|    time_elapsed    | 1931     |
|    total_timesteps | 586800   |
---------------------------------
---------------------------------
| rollout/           |          |
|    ep_len_mean     | 100      |
|    ep_rew_mean     | -100     |
|    success_rate    | 0        |
| time/              |          |
|    episodes        | 5856     |
|    fps             | 303      |
|    time_elapsed    | 1931     |
|    total_timesteps | 586800   |
---------------------------------
---------------------------------
| rollout/           |          |
|    ep_len_mean     | 100      |
|    ep_rew_mean     | -100     |
|    success_rate    | 0        |
| time/              |          |
|    episodes        | 5860     |
|    fps             | 303      |
|    time_elapsed    | 1931     |
|    total_timesteps | 586800   |
---------------------------------
---------------------------------
| rollout/           |          |
|    ep_len_mean     | 100      |
|    ep_rew_mean     | -100     |
|    success_rate    | 0        |
| time/              |          |
|    episodes        | 5864     |
|    fps             | 303      |
|    time_elapsed    | 1931     |
|    total_timesteps | 586800   |
---------------------------------
---------------------------------
| rollout/           |          |
|    ep_len_mean     | 100      |
|    ep_rew_mean     | -100     |
|    success_rate    | 0        |
| time/              |          |
|    episodes        | 5868     |
|    fps             | 303      |
|    time_elapsed    | 1931     |
|    total_timesteps | 586800   |
---------------------------------
---------------------------------
| rollout/           |          |
|    ep_len_mean     | 100      |
|    ep_rew_mean     | -100     |
|    success_rate    | 0        |
| time/              |          |
|    episodes        | 5872     |
|    fps             | 304      |
|    time_elapsed    | 1938     |
|    total_timesteps | 590400   |
| train/             |          |
|    actor_loss      | 1.44     |
|    critic_loss     | 0.00394  |
|    ent_coef        | 0.000318 |
|    ent_coef_loss   | -3.98    |
|    learning_rate   | 0.001    |
|    n_updates       | 16122    |
---------------------------------
---------------------------------
| rollout/           |          |
|    ep_len_mean     | 100      |
|    ep_rew_mean     | -100     |
|    success_rate    | 0        |
| time/              |          |
|    episodes        | 5876     |
|    fps             | 304      |
|    time_elapsed    | 1938     |
|    total_timesteps | 590400   |
---------------------------------
---------------------------------
| rollout/           |          |
|    ep_len_mean     | 100      |
|    ep_rew_mean     | -100     |
|    success_rate    | 0        |
| time/              |          |
|    episodes        | 5880     |
|    fps             | 304      |
|    time_elapsed    | 1938     |
|    total_timesteps | 590400   |
---------------------------------
---------------------------------
| rollout/           |          |
|    ep_len_mean     | 100      |
|    ep_rew_mean     | -100     |
|    success_rate    | 0        |
| time/              |          |
|    episodes        | 5884     |
|    fps             | 304      |
|    time_elapsed    | 1938     |
|    total_timesteps | 590400   |
---------------------------------
---------------------------------
| rollout/           |          |
|    ep_len_mean     | 100      |
|    ep_rew_mean     | -100     |
|    success_rate    | 0        |
| time/              |          |
|    episodes        | 5888     |
|    fps             | 304      |
|    time_elapsed    | 1938     |
|    total_timesteps | 590400   |
---------------------------------
---------------------------------
| rollout/           |          |
|    ep_len_mean     | 100      |
|    ep_rew_mean     | -100     |
|    success_rate    | 0        |
| time/              |          |
|    episodes        | 5892     |
|    fps             | 304      |
|    time_elapsed    | 1938     |
|    total_timesteps | 590400   |
---------------------------------
---------------------------------
| rollout/           |          |
|    ep_len_mean     | 100      |
|    ep_rew_mean     | -100     |
|    success_rate    | 0        |
| time/              |          |
|    episodes        | 5896     |
|    fps             | 304      |
|    time_elapsed    | 1938     |
|    total_timesteps | 590400   |
---------------------------------
---------------------------------
| rollout/           |          |
|    ep_len_mean     | 100      |
|    ep_rew_mean     | -100     |
|    success_rate    | 0        |
| time/              |          |
|    episodes        | 5900     |
|    fps             | 304      |
|    time_elapsed    | 1938     |
|    total_timesteps | 590400   |
---------------------------------
---------------------------------
| rollout/           |          |
|    ep_len_mean     | 100      |
|    ep_rew_mean     | -100     |
|    success_rate    | 0        |
| time/              |          |
|    episodes        | 5904     |
|    fps             | 304      |
|    time_elapsed    | 1938     |
|    total_timesteps | 590400   |
---------------------------------
---------------------------------
| rollout/           |          |
|    ep_len_mean     | 100      |
|    ep_rew_mean     | -100     |
|    success_rate    | 0        |
| time/              |          |
|    episodes        | 5908     |
|    fps             | 305      |
|    time_elapsed    | 1946     |
|    total_timesteps | 594000   |
| train/             |          |
|    actor_loss      | 1.48     |
|    critic_loss     | 0.00363  |
|    ent_coef        | 0.000303 |
|    ent_coef_loss   | -16.4    |
|    learning_rate   | 0.001    |
|    n_updates       | 16222    |
---------------------------------
---------------------------------
| rollout/           |          |
|    ep_len_mean     | 100      |
|    ep_rew_mean     | -100     |
|    success_rate    | 0        |
| time/              |          |
|    episodes        | 5912     |
|    fps             | 305      |
|    time_elapsed    | 1946     |
|    total_timesteps | 594000   |
---------------------------------
---------------------------------
| rollout/           |          |
|    ep_len_mean     | 100      |
|    ep_rew_mean     | -100     |
|    success_rate    | 0        |
| time/              |          |
|    episodes        | 5916     |
|    fps             | 305      |
|    time_elapsed    | 1946     |
|    total_timesteps | 594000   |
---------------------------------
---------------------------------
| rollout/           |          |
|    ep_len_mean     | 100      |
|    ep_rew_mean     | -100     |
|    success_rate    | 0        |
| time/              |          |
|    episodes        | 5920     |
|    fps             | 305      |
|    time_elapsed    | 1946     |
|    total_timesteps | 594000   |
---------------------------------
---------------------------------
| rollout/           |          |
|    ep_len_mean     | 100      |
|    ep_rew_mean     | -100     |
|    success_rate    | 0        |
| time/              |          |
|    episodes        | 5924     |
|    fps             | 305      |
|    time_elapsed    | 1946     |
|    total_timesteps | 594000   |
---------------------------------
---------------------------------
| rollout/           |          |
|    ep_len_mean     | 100      |
|    ep_rew_mean     | -100     |
|    success_rate    | 0        |
| time/              |          |
|    episodes        | 5928     |
|    fps             | 305      |
|    time_elapsed    | 1946     |
|    total_timesteps | 594000   |
---------------------------------
---------------------------------
| rollout/           |          |
|    ep_len_mean     | 100      |
|    ep_rew_mean     | -100     |
|    success_rate    | 0        |
| time/              |          |
|    episodes        | 5932     |
|    fps             | 305      |
|    time_elapsed    | 1946     |
|    total_timesteps | 594000   |
---------------------------------
---------------------------------
| rollout/           |          |
|    ep_len_mean     | 100      |
|    ep_rew_mean     | -100     |
|    success_rate    | 0        |
| time/              |          |
|    episodes        | 5936     |
|    fps             | 305      |
|    time_elapsed    | 1946     |
|    total_timesteps | 594000   |
---------------------------------
---------------------------------
| rollout/           |          |
|    ep_len_mean     | 100      |
|    ep_rew_mean     | -100     |
|    success_rate    | 0        |
| time/              |          |
|    episodes        | 5940     |
|    fps             | 305      |
|    time_elapsed    | 1946     |
|    total_timesteps | 594000   |
---------------------------------
---------------------------------
| rollout/           |          |
|    ep_len_mean     | 100      |
|    ep_rew_mean     | -100     |
|    success_rate    | 0        |
| time/              |          |
|    episodes        | 5944     |
|    fps             | 305      |
|    time_elapsed    | 1954     |
|    total_timesteps | 597600   |
| train/             |          |
|    actor_loss      | 1.46     |
|    critic_loss     | 0.00385  |
|    ent_coef        | 0.000308 |
|    ent_coef_loss   | -0.365   |
|    learning_rate   | 0.001    |
|    n_updates       | 16322    |
---------------------------------
---------------------------------
| rollout/           |          |
|    ep_len_mean     | 100      |
|    ep_rew_mean     | -100     |
|    success_rate    | 0        |
| time/              |          |
|    episodes        | 5948     |
|    fps             | 305      |
|    time_elapsed    | 1954     |
|    total_timesteps | 597600   |
---------------------------------
---------------------------------
| rollout/           |          |
|    ep_len_mean     | 100      |
|    ep_rew_mean     | -100     |
|    success_rate    | 0        |
| time/              |          |
|    episodes        | 5952     |
|    fps             | 305      |
|    time_elapsed    | 1954     |
|    total_timesteps | 597600   |
---------------------------------
---------------------------------
| rollout/           |          |
|    ep_len_mean     | 100      |
|    ep_rew_mean     | -100     |
|    success_rate    | 0        |
| time/              |          |
|    episodes        | 5956     |
|    fps             | 305      |
|    time_elapsed    | 1954     |
|    total_timesteps | 597600   |
---------------------------------
---------------------------------
| rollout/           |          |
|    ep_len_mean     | 100      |
|    ep_rew_mean     | -100     |
|    success_rate    | 0        |
| time/              |          |
|    episodes        | 5960     |
|    fps             | 305      |
|    time_elapsed    | 1954     |
|    total_timesteps | 597600   |
---------------------------------
---------------------------------
| rollout/           |          |
|    ep_len_mean     | 100      |
|    ep_rew_mean     | -100     |
|    success_rate    | 0        |
| time/              |          |
|    episodes        | 5964     |
|    fps             | 305      |
|    time_elapsed    | 1954     |
|    total_timesteps | 597600   |
---------------------------------
---------------------------------
| rollout/           |          |
|    ep_len_mean     | 100      |
|    ep_rew_mean     | -100     |
|    success_rate    | 0        |
| time/              |          |
|    episodes        | 5968     |
|    fps             | 305      |
|    time_elapsed    | 1954     |
|    total_timesteps | 597600   |
---------------------------------
---------------------------------
| rollout/           |          |
|    ep_len_mean     | 100      |
|    ep_rew_mean     | -100     |
|    success_rate    | 0        |
| time/              |          |
|    episodes        | 5972     |
|    fps             | 305      |
|    time_elapsed    | 1954     |
|    total_timesteps | 597600   |
---------------------------------
---------------------------------
| rollout/           |          |
|    ep_len_mean     | 100      |
|    ep_rew_mean     | -100     |
|    success_rate    | 0        |
| time/              |          |
|    episodes        | 5976     |
|    fps             | 305      |
|    time_elapsed    | 1954     |
|    total_timesteps | 597600   |
---------------------------------
Saved VecNormalize stats to /work/hdd/bewv/smahesh1/ShadowHand-TQC/generated/studies/sphere_v1_demo/candidates/n1000_a0p1_b0p9/obj_size_large_ar_high_macro_low_rough_high/rigid/models/n1000_a0p1_b0p9_obj_size_large_ar_high_macro_low_rough_high_rigid/vecnorm_600048.pkl
Saved model to /work/hdd/bewv/smahesh1/ShadowHand-TQC/generated/studies/sphere_v1_demo/candidates/n1000_a0p1_b0p9/obj_size_large_ar_high_macro_low_rough_high/rigid/models/n1000_a0p1_b0p9_obj_size_large_ar_high_macro_low_rough_high_rigid/model_600048_steps.zip

Running evaluation at 600480 timesteps...
Successfully copied normalization stats
Evaluation results: {'eval/mean_reward': np.float32(-100.0), 'eval/std_reward': np.float32(0.0), 'eval/success_rate': np.float64(0.0)}
---------------------------------
| rollout/           |          |
|    ep_len_mean     | 100      |
|    ep_rew_mean     | -100     |
|    success_rate    | 0        |
| time/              |          |
|    episodes        | 5980     |
|    fps             | 302      |
|    time_elapsed    | 1986     |
|    total_timesteps | 601200   |
| train/             |          |
|    actor_loss      | 1.46     |
|    critic_loss     | 0.00405  |
|    ent_coef        | 0.000313 |
|    ent_coef_loss   | -11.8    |
|    learning_rate   | 0.001    |
|    n_updates       | 16422    |
---------------------------------
---------------------------------
| rollout/           |          |
|    ep_len_mean     | 100      |
|    ep_rew_mean     | -100     |
|    success_rate    | 0        |
| time/              |          |
|    episodes        | 5984     |
|    fps             | 302      |
|    time_elapsed    | 1986     |
|    total_timesteps | 601200   |
---------------------------------
---------------------------------
| rollout/           |          |
|    ep_len_mean     | 100      |
|    ep_rew_mean     | -100     |
|    success_rate    | 0        |
| time/              |          |
|    episodes        | 5988     |
|    fps             | 302      |
|    time_elapsed    | 1986     |
|    total_timesteps | 601200   |
---------------------------------
---------------------------------
| rollout/           |          |
|    ep_len_mean     | 100      |
|    ep_rew_mean     | -100     |
|    success_rate    | 0        |
| time/              |          |
|    episodes        | 5992     |
|    fps             | 302      |
|    time_elapsed    | 1986     |
|    total_timesteps | 601200   |
---------------------------------
---------------------------------
| rollout/           |          |
|    ep_len_mean     | 100      |
|    ep_rew_mean     | -100     |
|    success_rate    | 0        |
| time/              |          |
|    episodes        | 5996     |
|    fps             | 302      |
|    time_elapsed    | 1986     |
|    total_timesteps | 601200   |
---------------------------------
---------------------------------
| rollout/           |          |
|    ep_len_mean     | 100      |
|    ep_rew_mean     | -100     |
|    success_rate    | 0        |
| time/              |          |
|    episodes        | 6000     |
|    fps             | 302      |
|    time_elapsed    | 1986     |
|    total_timesteps | 601200   |
---------------------------------
---------------------------------
| rollout/           |          |
|    ep_len_mean     | 100      |
|    ep_rew_mean     | -100     |
|    success_rate    | 0        |
| time/              |          |
|    episodes        | 6004     |
|    fps             | 302      |
|    time_elapsed    | 1986     |
|    total_timesteps | 601200   |
---------------------------------
---------------------------------
| rollout/           |          |
|    ep_len_mean     | 100      |
|    ep_rew_mean     | -100     |
|    success_rate    | 0        |
| time/              |          |
|    episodes        | 6008     |
|    fps             | 302      |
|    time_elapsed    | 1986     |
|    total_timesteps | 601200   |
---------------------------------
---------------------------------
| rollout/           |          |
|    ep_len_mean     | 100      |
|    ep_rew_mean     | -100     |
|    success_rate    | 0        |
| time/              |          |
|    episodes        | 6012     |
|    fps             | 302      |
|    time_elapsed    | 1986     |
|    total_timesteps | 601200   |
---------------------------------
---------------------------------
| rollout/           |          |
|    ep_len_mean     | 100      |
|    ep_rew_mean     | -100     |
|    success_rate    | 0        |
| time/              |          |
|    episodes        | 6016     |
|    fps             | 303      |
|    time_elapsed    | 1993     |
|    total_timesteps | 604800   |
| train/             |          |
|    actor_loss      | 1.47     |
|    critic_loss     | 0.00419  |
|    ent_coef        | 0.000311 |
|    ent_coef_loss   | -7.92    |
|    learning_rate   | 0.001    |
|    n_updates       | 16522    |
---------------------------------
---------------------------------
| rollout/           |          |
|    ep_len_mean     | 100      |
|    ep_rew_mean     | -100     |
|    success_rate    | 0        |
| time/              |          |
|    episodes        | 6020     |
|    fps             | 303      |
|    time_elapsed    | 1993     |
|    total_timesteps | 604800   |
---------------------------------
---------------------------------
| rollout/           |          |
|    ep_len_mean     | 100      |
|    ep_rew_mean     | -100     |
|    success_rate    | 0        |
| time/              |          |
|    episodes        | 6024     |
|    fps             | 303      |
|    time_elapsed    | 1993     |
|    total_timesteps | 604800   |
---------------------------------
---------------------------------
| rollout/           |          |
|    ep_len_mean     | 100      |
|    ep_rew_mean     | -100     |
|    success_rate    | 0        |
| time/              |          |
|    episodes        | 6028     |
|    fps             | 303      |
|    time_elapsed    | 1993     |
|    total_timesteps | 604800   |
---------------------------------
---------------------------------
| rollout/           |          |
|    ep_len_mean     | 100      |
|    ep_rew_mean     | -100     |
|    success_rate    | 0        |
| time/              |          |
|    episodes        | 6032     |
|    fps             | 303      |
|    time_elapsed    | 1993     |
|    total_timesteps | 604800   |
---------------------------------
---------------------------------
| rollout/           |          |
|    ep_len_mean     | 100      |
|    ep_rew_mean     | -100     |
|    success_rate    | 0        |
| time/              |          |
|    episodes        | 6036     |
|    fps             | 303      |
|    time_elapsed    | 1993     |
|    total_timesteps | 604800   |
---------------------------------
---------------------------------
| rollout/           |          |
|    ep_len_mean     | 100      |
|    ep_rew_mean     | -100     |
|    success_rate    | 0        |
| time/              |          |
|    episodes        | 6040     |
|    fps             | 303      |
|    time_elapsed    | 1993     |
|    total_timesteps | 604800   |
---------------------------------
---------------------------------
| rollout/           |          |
|    ep_len_mean     | 100      |
|    ep_rew_mean     | -100     |
|    success_rate    | 0        |
| time/              |          |
|    episodes        | 6044     |
|    fps             | 303      |
|    time_elapsed    | 1993     |
|    total_timesteps | 604800   |
---------------------------------
---------------------------------
| rollout/           |          |
|    ep_len_mean     | 100      |
|    ep_rew_mean     | -100     |
|    success_rate    | 0        |
| time/              |          |
|    episodes        | 6048     |
|    fps             | 303      |
|    time_elapsed    | 1993     |
|    total_timesteps | 604800   |
---------------------------------
---------------------------------
| rollout/           |          |
|    ep_len_mean     | 100      |
|    ep_rew_mean     | -100     |
|    success_rate    | 0        |
| time/              |          |
|    episodes        | 6052     |
|    fps             | 303      |
|    time_elapsed    | 2001     |
|    total_timesteps | 608400   |
| train/             |          |
|    actor_loss      | 1.4      |
|    critic_loss     | 0.00386  |
|    ent_coef        | 0.000303 |
|    ent_coef_loss   | 12.1     |
|    learning_rate   | 0.001    |
|    n_updates       | 16622    |
---------------------------------
---------------------------------
| rollout/           |          |
|    ep_len_mean     | 100      |
|    ep_rew_mean     | -100     |
|    success_rate    | 0        |
| time/              |          |
|    episodes        | 6056     |
|    fps             | 303      |
|    time_elapsed    | 2001     |
|    total_timesteps | 608400   |
---------------------------------
---------------------------------
| rollout/           |          |
|    ep_len_mean     | 100      |
|    ep_rew_mean     | -100     |
|    success_rate    | 0        |
| time/              |          |
|    episodes        | 6060     |
|    fps             | 303      |
|    time_elapsed    | 2001     |
|    total_timesteps | 608400   |
---------------------------------
---------------------------------
| rollout/           |          |
|    ep_len_mean     | 100      |
|    ep_rew_mean     | -100     |
|    success_rate    | 0        |
| time/              |          |
|    episodes        | 6064     |
|    fps             | 303      |
|    time_elapsed    | 2001     |
|    total_timesteps | 608400   |
---------------------------------
---------------------------------
| rollout/           |          |
|    ep_len_mean     | 100      |
|    ep_rew_mean     | -100     |
|    success_rate    | 0        |
| time/              |          |
|    episodes        | 6068     |
|    fps             | 303      |
|    time_elapsed    | 2001     |
|    total_timesteps | 608400   |
---------------------------------
---------------------------------
| rollout/           |          |
|    ep_len_mean     | 100      |
|    ep_rew_mean     | -100     |
|    success_rate    | 0        |
| time/              |          |
|    episodes        | 6072     |
|    fps             | 303      |
|    time_elapsed    | 2001     |
|    total_timesteps | 608400   |
---------------------------------
---------------------------------
| rollout/           |          |
|    ep_len_mean     | 100      |
|    ep_rew_mean     | -100     |
|    success_rate    | 0        |
| time/              |          |
|    episodes        | 6076     |
|    fps             | 303      |
|    time_elapsed    | 2001     |
|    total_timesteps | 608400   |
---------------------------------
---------------------------------
| rollout/           |          |
|    ep_len_mean     | 100      |
|    ep_rew_mean     | -100     |
|    success_rate    | 0        |
| time/              |          |
|    episodes        | 6080     |
|    fps             | 303      |
|    time_elapsed    | 2001     |
|    total_timesteps | 608400   |
---------------------------------
---------------------------------
| rollout/           |          |
|    ep_len_mean     | 100      |
|    ep_rew_mean     | -100     |
|    success_rate    | 0        |
| time/              |          |
|    episodes        | 6084     |
|    fps             | 303      |
|    time_elapsed    | 2001     |
|    total_timesteps | 608400   |
---------------------------------
---------------------------------
| rollout/           |          |
|    ep_len_mean     | 100      |
|    ep_rew_mean     | -100     |
|    success_rate    | 0        |
| time/              |          |
|    episodes        | 6088     |
|    fps             | 304      |
|    time_elapsed    | 2008     |
|    total_timesteps | 612000   |
| train/             |          |
|    actor_loss      | 1.42     |
|    critic_loss     | 0.00424  |
|    ent_coef        | 0.000325 |
|    ent_coef_loss   | -1.15    |
|    learning_rate   | 0.001    |
|    n_updates       | 16722    |
---------------------------------
---------------------------------
| rollout/           |          |
|    ep_len_mean     | 100      |
|    ep_rew_mean     | -100     |
|    success_rate    | 0        |
| time/              |          |
|    episodes        | 6092     |
|    fps             | 304      |
|    time_elapsed    | 2008     |
|    total_timesteps | 612000   |
---------------------------------
---------------------------------
| rollout/           |          |
|    ep_len_mean     | 100      |
|    ep_rew_mean     | -100     |
|    success_rate    | 0        |
| time/              |          |
|    episodes        | 6096     |
|    fps             | 304      |
|    time_elapsed    | 2008     |
|    total_timesteps | 612000   |
---------------------------------
---------------------------------
| rollout/           |          |
|    ep_len_mean     | 100      |
|    ep_rew_mean     | -100     |
|    success_rate    | 0        |
| time/              |          |
|    episodes        | 6100     |
|    fps             | 304      |
|    time_elapsed    | 2008     |
|    total_timesteps | 612000   |
---------------------------------
---------------------------------
| rollout/           |          |
|    ep_len_mean     | 100      |
|    ep_rew_mean     | -100     |
|    success_rate    | 0        |
| time/              |          |
|    episodes        | 6104     |
|    fps             | 304      |
|    time_elapsed    | 2008     |
|    total_timesteps | 612000   |
---------------------------------
---------------------------------
| rollout/           |          |
|    ep_len_mean     | 100      |
|    ep_rew_mean     | -100     |
|    success_rate    | 0        |
| time/              |          |
|    episodes        | 6108     |
|    fps             | 304      |
|    time_elapsed    | 2008     |
|    total_timesteps | 612000   |
---------------------------------
---------------------------------
| rollout/           |          |
|    ep_len_mean     | 100      |
|    ep_rew_mean     | -100     |
|    success_rate    | 0        |
| time/              |          |
|    episodes        | 6112     |
|    fps             | 304      |
|    time_elapsed    | 2008     |
|    total_timesteps | 612000   |
---------------------------------
---------------------------------
| rollout/           |          |
|    ep_len_mean     | 100      |
|    ep_rew_mean     | -100     |
|    success_rate    | 0        |
| time/              |          |
|    episodes        | 6116     |
|    fps             | 304      |
|    time_elapsed    | 2008     |
|    total_timesteps | 612000   |
---------------------------------
---------------------------------
| rollout/           |          |
|    ep_len_mean     | 100      |
|    ep_rew_mean     | -100     |
|    success_rate    | 0        |
| time/              |          |
|    episodes        | 6120     |
|    fps             | 304      |
|    time_elapsed    | 2008     |
|    total_timesteps | 612000   |
---------------------------------
---------------------------------
| rollout/           |          |
|    ep_len_mean     | 100      |
|    ep_rew_mean     | -100     |
|    success_rate    | 0        |
| time/              |          |
|    episodes        | 6124     |
|    fps             | 305      |
|    time_elapsed    | 2016     |
|    total_timesteps | 615600   |
| train/             |          |
|    actor_loss      | 1.42     |
|    critic_loss     | 0.00436  |
|    ent_coef        | 0.000331 |
|    ent_coef_loss   | 4.21     |
|    learning_rate   | 0.001    |
|    n_updates       | 16822    |
---------------------------------
---------------------------------
| rollout/           |          |
|    ep_len_mean     | 100      |
|    ep_rew_mean     | -100     |
|    success_rate    | 0        |
| time/              |          |
|    episodes        | 6128     |
|    fps             | 305      |
|    time_elapsed    | 2016     |
|    total_timesteps | 615600   |
---------------------------------
---------------------------------
| rollout/           |          |
|    ep_len_mean     | 100      |
|    ep_rew_mean     | -100     |
|    success_rate    | 0        |
| time/              |          |
|    episodes        | 6132     |
|    fps             | 305      |
|    time_elapsed    | 2016     |
|    total_timesteps | 615600   |
---------------------------------
---------------------------------
| rollout/           |          |
|    ep_len_mean     | 100      |
|    ep_rew_mean     | -100     |
|    success_rate    | 0        |
| time/              |          |
|    episodes        | 6136     |
|    fps             | 305      |
|    time_elapsed    | 2016     |
|    total_timesteps | 615600   |
---------------------------------
---------------------------------
| rollout/           |          |
|    ep_len_mean     | 100      |
|    ep_rew_mean     | -100     |
|    success_rate    | 0        |
| time/              |          |
|    episodes        | 6140     |
|    fps             | 305      |
|    time_elapsed    | 2016     |
|    total_timesteps | 615600   |
---------------------------------
---------------------------------
| rollout/           |          |
|    ep_len_mean     | 100      |
|    ep_rew_mean     | -100     |
|    success_rate    | 0        |
| time/              |          |
|    episodes        | 6144     |
|    fps             | 305      |
|    time_elapsed    | 2016     |
|    total_timesteps | 615600   |
---------------------------------
---------------------------------
| rollout/           |          |
|    ep_len_mean     | 100      |
|    ep_rew_mean     | -100     |
|    success_rate    | 0        |
| time/              |          |
|    episodes        | 6148     |
|    fps             | 305      |
|    time_elapsed    | 2016     |
|    total_timesteps | 615600   |
---------------------------------
---------------------------------
| rollout/           |          |
|    ep_len_mean     | 100      |
|    ep_rew_mean     | -100     |
|    success_rate    | 0        |
| time/              |          |
|    episodes        | 6152     |
|    fps             | 305      |
|    time_elapsed    | 2016     |
|    total_timesteps | 615600   |
---------------------------------
---------------------------------
| rollout/           |          |
|    ep_len_mean     | 100      |
|    ep_rew_mean     | -100     |
|    success_rate    | 0        |
| time/              |          |
|    episodes        | 6156     |
|    fps             | 305      |
|    time_elapsed    | 2016     |
|    total_timesteps | 615600   |
---------------------------------
---------------------------------
| rollout/           |          |
|    ep_len_mean     | 100      |
|    ep_rew_mean     | -100     |
|    success_rate    | 0        |
| time/              |          |
|    episodes        | 6160     |
|    fps             | 305      |
|    time_elapsed    | 2024     |
|    total_timesteps | 619200   |
| train/             |          |
|    actor_loss      | 1.39     |
|    critic_loss     | 0.00434  |
|    ent_coef        | 0.000321 |
|    ent_coef_loss   | 0.00312  |
|    learning_rate   | 0.001    |
|    n_updates       | 16922    |
---------------------------------
---------------------------------
| rollout/           |          |
|    ep_len_mean     | 100      |
|    ep_rew_mean     | -100     |
|    success_rate    | 0        |
| time/              |          |
|    episodes        | 6164     |
|    fps             | 305      |
|    time_elapsed    | 2024     |
|    total_timesteps | 619200   |
---------------------------------
---------------------------------
| rollout/           |          |
|    ep_len_mean     | 100      |
|    ep_rew_mean     | -100     |
|    success_rate    | 0        |
| time/              |          |
|    episodes        | 6168     |
|    fps             | 305      |
|    time_elapsed    | 2024     |
|    total_timesteps | 619200   |
---------------------------------
---------------------------------
| rollout/           |          |
|    ep_len_mean     | 100      |
|    ep_rew_mean     | -100     |
|    success_rate    | 0        |
| time/              |          |
|    episodes        | 6172     |
|    fps             | 305      |
|    time_elapsed    | 2024     |
|    total_timesteps | 619200   |
---------------------------------
---------------------------------
| rollout/           |          |
|    ep_len_mean     | 100      |
|    ep_rew_mean     | -100     |
|    success_rate    | 0        |
| time/              |          |
|    episodes        | 6176     |
|    fps             | 305      |
|    time_elapsed    | 2024     |
|    total_timesteps | 619200   |
---------------------------------
---------------------------------
| rollout/           |          |
|    ep_len_mean     | 100      |
|    ep_rew_mean     | -100     |
|    success_rate    | 0        |
| time/              |          |
|    episodes        | 6180     |
|    fps             | 305      |
|    time_elapsed    | 2024     |
|    total_timesteps | 619200   |
---------------------------------
---------------------------------
| rollout/           |          |
|    ep_len_mean     | 100      |
|    ep_rew_mean     | -100     |
|    success_rate    | 0        |
| time/              |          |
|    episodes        | 6184     |
|    fps             | 305      |
|    time_elapsed    | 2024     |
|    total_timesteps | 619200   |
---------------------------------
---------------------------------
| rollout/           |          |
|    ep_len_mean     | 100      |
|    ep_rew_mean     | -100     |
|    success_rate    | 0        |
| time/              |          |
|    episodes        | 6188     |
|    fps             | 305      |
|    time_elapsed    | 2024     |
|    total_timesteps | 619200   |
---------------------------------
---------------------------------
| rollout/           |          |
|    ep_len_mean     | 100      |
|    ep_rew_mean     | -100     |
|    success_rate    | 0        |
| time/              |          |
|    episodes        | 6192     |
|    fps             | 305      |
|    time_elapsed    | 2024     |
|    total_timesteps | 619200   |
---------------------------------

Running evaluation at 620496 timesteps...
Successfully copied normalization stats
Evaluation results: {'eval/mean_reward': np.float32(-100.0), 'eval/std_reward': np.float32(0.0), 'eval/success_rate': np.float64(0.0)}
---------------------------------
| rollout/           |          |
|    ep_len_mean     | 100      |
|    ep_rew_mean     | -100     |
|    success_rate    | 0        |
| time/              |          |
|    episodes        | 6196     |
|    fps             | 303      |
|    time_elapsed    | 2055     |
|    total_timesteps | 622800   |
| train/             |          |
|    actor_loss      | 1.37     |
|    critic_loss     | 0.00429  |
|    ent_coef        | 0.000324 |
|    ent_coef_loss   | -1.01    |
|    learning_rate   | 0.001    |
|    n_updates       | 17022    |
---------------------------------
---------------------------------
| rollout/           |          |
|    ep_len_mean     | 100      |
|    ep_rew_mean     | -100     |
|    success_rate    | 0        |
| time/              |          |
|    episodes        | 6200     |
|    fps             | 303      |
|    time_elapsed    | 2055     |
|    total_timesteps | 622800   |
---------------------------------
---------------------------------
| rollout/           |          |
|    ep_len_mean     | 100      |
|    ep_rew_mean     | -100     |
|    success_rate    | 0        |
| time/              |          |
|    episodes        | 6204     |
|    fps             | 303      |
|    time_elapsed    | 2055     |
|    total_timesteps | 622800   |
---------------------------------
---------------------------------
| rollout/           |          |
|    ep_len_mean     | 100      |
|    ep_rew_mean     | -100     |
|    success_rate    | 0        |
| time/              |          |
|    episodes        | 6208     |
|    fps             | 303      |
|    time_elapsed    | 2055     |
|    total_timesteps | 622800   |
---------------------------------
---------------------------------
| rollout/           |          |
|    ep_len_mean     | 100      |
|    ep_rew_mean     | -100     |
|    success_rate    | 0        |
| time/              |          |
|    episodes        | 6212     |
|    fps             | 303      |
|    time_elapsed    | 2055     |
|    total_timesteps | 622800   |
---------------------------------
---------------------------------
| rollout/           |          |
|    ep_len_mean     | 100      |
|    ep_rew_mean     | -100     |
|    success_rate    | 0        |
| time/              |          |
|    episodes        | 6216     |
|    fps             | 303      |
|    time_elapsed    | 2055     |
|    total_timesteps | 622800   |
---------------------------------
---------------------------------
| rollout/           |          |
|    ep_len_mean     | 100      |
|    ep_rew_mean     | -100     |
|    success_rate    | 0        |
| time/              |          |
|    episodes        | 6220     |
|    fps             | 303      |
|    time_elapsed    | 2055     |
|    total_timesteps | 622800   |
---------------------------------
---------------------------------
| rollout/           |          |
|    ep_len_mean     | 100      |
|    ep_rew_mean     | -100     |
|    success_rate    | 0        |
| time/              |          |
|    episodes        | 6224     |
|    fps             | 303      |
|    time_elapsed    | 2055     |
|    total_timesteps | 622800   |
---------------------------------
---------------------------------
| rollout/           |          |
|    ep_len_mean     | 100      |
|    ep_rew_mean     | -100     |
|    success_rate    | 0        |
| time/              |          |
|    episodes        | 6228     |
|    fps             | 303      |
|    time_elapsed    | 2055     |
|    total_timesteps | 622800   |
---------------------------------
---------------------------------
| rollout/           |          |
|    ep_len_mean     | 100      |
|    ep_rew_mean     | -100     |
|    success_rate    | 0        |
| time/              |          |
|    episodes        | 6232     |
|    fps             | 303      |
|    time_elapsed    | 2063     |
|    total_timesteps | 626400   |
| train/             |          |
|    actor_loss      | 1.38     |
|    critic_loss     | 0.00487  |
|    ent_coef        | 0.000332 |
|    ent_coef_loss   | -2.89    |
|    learning_rate   | 0.001    |
|    n_updates       | 17122    |
---------------------------------
---------------------------------
| rollout/           |          |
|    ep_len_mean     | 100      |
|    ep_rew_mean     | -100     |
|    success_rate    | 0        |
| time/              |          |
|    episodes        | 6236     |
|    fps             | 303      |
|    time_elapsed    | 2063     |
|    total_timesteps | 626400   |
---------------------------------
---------------------------------
| rollout/           |          |
|    ep_len_mean     | 100      |
|    ep_rew_mean     | -100     |
|    success_rate    | 0        |
| time/              |          |
|    episodes        | 6240     |
|    fps             | 303      |
|    time_elapsed    | 2063     |
|    total_timesteps | 626400   |
---------------------------------
---------------------------------
| rollout/           |          |
|    ep_len_mean     | 100      |
|    ep_rew_mean     | -100     |
|    success_rate    | 0        |
| time/              |          |
|    episodes        | 6244     |
|    fps             | 303      |
|    time_elapsed    | 2063     |
|    total_timesteps | 626400   |
---------------------------------
---------------------------------
| rollout/           |          |
|    ep_len_mean     | 100      |
|    ep_rew_mean     | -100     |
|    success_rate    | 0        |
| time/              |          |
|    episodes        | 6248     |
|    fps             | 303      |
|    time_elapsed    | 2063     |
|    total_timesteps | 626400   |
---------------------------------
---------------------------------
| rollout/           |          |
|    ep_len_mean     | 100      |
|    ep_rew_mean     | -100     |
|    success_rate    | 0        |
| time/              |          |
|    episodes        | 6252     |
|    fps             | 303      |
|    time_elapsed    | 2063     |
|    total_timesteps | 626400   |
---------------------------------
---------------------------------
| rollout/           |          |
|    ep_len_mean     | 100      |
|    ep_rew_mean     | -100     |
|    success_rate    | 0        |
| time/              |          |
|    episodes        | 6256     |
|    fps             | 303      |
|    time_elapsed    | 2063     |
|    total_timesteps | 626400   |
---------------------------------
---------------------------------
| rollout/           |          |
|    ep_len_mean     | 100      |
|    ep_rew_mean     | -100     |
|    success_rate    | 0        |
| time/              |          |
|    episodes        | 6260     |
|    fps             | 303      |
|    time_elapsed    | 2063     |
|    total_timesteps | 626400   |
---------------------------------
---------------------------------
| rollout/           |          |
|    ep_len_mean     | 100      |
|    ep_rew_mean     | -100     |
|    success_rate    | 0        |
| time/              |          |
|    episodes        | 6264     |
|    fps             | 303      |
|    time_elapsed    | 2063     |
|    total_timesteps | 626400   |
---------------------------------
---------------------------------
| rollout/           |          |
|    ep_len_mean     | 100      |
|    ep_rew_mean     | -100     |
|    success_rate    | 0        |
| time/              |          |
|    episodes        | 6268     |
|    fps             | 304      |
|    time_elapsed    | 2071     |
|    total_timesteps | 630000   |
| train/             |          |
|    actor_loss      | 1.34     |
|    critic_loss     | 0.00445  |
|    ent_coef        | 0.000323 |
|    ent_coef_loss   | 0.327    |
|    learning_rate   | 0.001    |
|    n_updates       | 17222    |
---------------------------------
---------------------------------
| rollout/           |          |
|    ep_len_mean     | 100      |
|    ep_rew_mean     | -100     |
|    success_rate    | 0        |
| time/              |          |
|    episodes        | 6272     |
|    fps             | 304      |
|    time_elapsed    | 2071     |
|    total_timesteps | 630000   |
---------------------------------
---------------------------------
| rollout/           |          |
|    ep_len_mean     | 100      |
|    ep_rew_mean     | -100     |
|    success_rate    | 0        |
| time/              |          |
|    episodes        | 6276     |
|    fps             | 304      |
|    time_elapsed    | 2071     |
|    total_timesteps | 630000   |
---------------------------------
---------------------------------
| rollout/           |          |
|    ep_len_mean     | 100      |
|    ep_rew_mean     | -100     |
|    success_rate    | 0        |
| time/              |          |
|    episodes        | 6280     |
|    fps             | 304      |
|    time_elapsed    | 2071     |
|    total_timesteps | 630000   |
---------------------------------
---------------------------------
| rollout/           |          |
|    ep_len_mean     | 100      |
|    ep_rew_mean     | -100     |
|    success_rate    | 0        |
| time/              |          |
|    episodes        | 6284     |
|    fps             | 304      |
|    time_elapsed    | 2071     |
|    total_timesteps | 630000   |
---------------------------------
---------------------------------
| rollout/           |          |
|    ep_len_mean     | 100      |
|    ep_rew_mean     | -100     |
|    success_rate    | 0        |
| time/              |          |
|    episodes        | 6288     |
|    fps             | 304      |
|    time_elapsed    | 2071     |
|    total_timesteps | 630000   |
---------------------------------
---------------------------------
| rollout/           |          |
|    ep_len_mean     | 100      |
|    ep_rew_mean     | -100     |
|    success_rate    | 0        |
| time/              |          |
|    episodes        | 6292     |
|    fps             | 304      |
|    time_elapsed    | 2071     |
|    total_timesteps | 630000   |
---------------------------------
---------------------------------
| rollout/           |          |
|    ep_len_mean     | 100      |
|    ep_rew_mean     | -100     |
|    success_rate    | 0        |
| time/              |          |
|    episodes        | 6296     |
|    fps             | 304      |
|    time_elapsed    | 2071     |
|    total_timesteps | 630000   |
---------------------------------
---------------------------------
| rollout/           |          |
|    ep_len_mean     | 100      |
|    ep_rew_mean     | -100     |
|    success_rate    | 0        |
| time/              |          |
|    episodes        | 6300     |
|    fps             | 304      |
|    time_elapsed    | 2071     |
|    total_timesteps | 630000   |
---------------------------------
---------------------------------
| rollout/           |          |
|    ep_len_mean     | 100      |
|    ep_rew_mean     | -100     |
|    success_rate    | 0        |
| time/              |          |
|    episodes        | 6304     |
|    fps             | 304      |
|    time_elapsed    | 2078     |
|    total_timesteps | 633600   |
| train/             |          |
|    actor_loss      | 1.29     |
|    critic_loss     | 0.00471  |
|    ent_coef        | 0.000317 |
|    ent_coef_loss   | 9.23     |
|    learning_rate   | 0.001    |
|    n_updates       | 17322    |
---------------------------------
---------------------------------
| rollout/           |          |
|    ep_len_mean     | 100      |
|    ep_rew_mean     | -100     |
|    success_rate    | 0        |
| time/              |          |
|    episodes        | 6308     |
|    fps             | 304      |
|    time_elapsed    | 2078     |
|    total_timesteps | 633600   |
---------------------------------
---------------------------------
| rollout/           |          |
|    ep_len_mean     | 100      |
|    ep_rew_mean     | -100     |
|    success_rate    | 0        |
| time/              |          |
|    episodes        | 6312     |
|    fps             | 304      |
|    time_elapsed    | 2078     |
|    total_timesteps | 633600   |
---------------------------------
---------------------------------
| rollout/           |          |
|    ep_len_mean     | 100      |
|    ep_rew_mean     | -100     |
|    success_rate    | 0        |
| time/              |          |
|    episodes        | 6316     |
|    fps             | 304      |
|    time_elapsed    | 2078     |
|    total_timesteps | 633600   |
---------------------------------
---------------------------------
| rollout/           |          |
|    ep_len_mean     | 100      |
|    ep_rew_mean     | -100     |
|    success_rate    | 0        |
| time/              |          |
|    episodes        | 6320     |
|    fps             | 304      |
|    time_elapsed    | 2078     |
|    total_timesteps | 633600   |
---------------------------------
---------------------------------
| rollout/           |          |
|    ep_len_mean     | 100      |
|    ep_rew_mean     | -100     |
|    success_rate    | 0        |
| time/              |          |
|    episodes        | 6324     |
|    fps             | 304      |
|    time_elapsed    | 2078     |
|    total_timesteps | 633600   |
---------------------------------
---------------------------------
| rollout/           |          |
|    ep_len_mean     | 100      |
|    ep_rew_mean     | -100     |
|    success_rate    | 0        |
| time/              |          |
|    episodes        | 6328     |
|    fps             | 304      |
|    time_elapsed    | 2078     |
|    total_timesteps | 633600   |
---------------------------------
---------------------------------
| rollout/           |          |
|    ep_len_mean     | 100      |
|    ep_rew_mean     | -100     |
|    success_rate    | 0        |
| time/              |          |
|    episodes        | 6332     |
|    fps             | 304      |
|    time_elapsed    | 2078     |
|    total_timesteps | 633600   |
---------------------------------
---------------------------------
| rollout/           |          |
|    ep_len_mean     | 100      |
|    ep_rew_mean     | -100     |
|    success_rate    | 0        |
| time/              |          |
|    episodes        | 6336     |
|    fps             | 304      |
|    time_elapsed    | 2078     |
|    total_timesteps | 633600   |
---------------------------------
---------------------------------
| rollout/           |          |
|    ep_len_mean     | 100      |
|    ep_rew_mean     | -100     |
|    success_rate    | 0        |
| time/              |          |
|    episodes        | 6340     |
|    fps             | 305      |
|    time_elapsed    | 2086     |
|    total_timesteps | 637200   |
| train/             |          |
|    actor_loss      | 1.39     |
|    critic_loss     | 0.0049   |
|    ent_coef        | 0.000315 |
|    ent_coef_loss   | 5.47     |
|    learning_rate   | 0.001    |
|    n_updates       | 17422    |
---------------------------------
---------------------------------
| rollout/           |          |
|    ep_len_mean     | 100      |
|    ep_rew_mean     | -100     |
|    success_rate    | 0        |
| time/              |          |
|    episodes        | 6344     |
|    fps             | 305      |
|    time_elapsed    | 2086     |
|    total_timesteps | 637200   |
---------------------------------
---------------------------------
| rollout/           |          |
|    ep_len_mean     | 100      |
|    ep_rew_mean     | -100     |
|    success_rate    | 0        |
| time/              |          |
|    episodes        | 6348     |
|    fps             | 305      |
|    time_elapsed    | 2086     |
|    total_timesteps | 637200   |
---------------------------------
---------------------------------
| rollout/           |          |
|    ep_len_mean     | 100      |
|    ep_rew_mean     | -100     |
|    success_rate    | 0        |
| time/              |          |
|    episodes        | 6352     |
|    fps             | 305      |
|    time_elapsed    | 2086     |
|    total_timesteps | 637200   |
---------------------------------
---------------------------------
| rollout/           |          |
|    ep_len_mean     | 100      |
|    ep_rew_mean     | -100     |
|    success_rate    | 0        |
| time/              |          |
|    episodes        | 6356     |
|    fps             | 305      |
|    time_elapsed    | 2086     |
|    total_timesteps | 637200   |
---------------------------------
---------------------------------
| rollout/           |          |
|    ep_len_mean     | 100      |
|    ep_rew_mean     | -100     |
|    success_rate    | 0        |
| time/              |          |
|    episodes        | 6360     |
|    fps             | 305      |
|    time_elapsed    | 2086     |
|    total_timesteps | 637200   |
---------------------------------
---------------------------------
| rollout/           |          |
|    ep_len_mean     | 100      |
|    ep_rew_mean     | -100     |
|    success_rate    | 0        |
| time/              |          |
|    episodes        | 6364     |
|    fps             | 305      |
|    time_elapsed    | 2086     |
|    total_timesteps | 637200   |
---------------------------------
---------------------------------
| rollout/           |          |
|    ep_len_mean     | 100      |
|    ep_rew_mean     | -100     |
|    success_rate    | 0        |
| time/              |          |
|    episodes        | 6368     |
|    fps             | 305      |
|    time_elapsed    | 2086     |
|    total_timesteps | 637200   |
---------------------------------
---------------------------------
| rollout/           |          |
|    ep_len_mean     | 100      |
|    ep_rew_mean     | -100     |
|    success_rate    | 0        |
| time/              |          |
|    episodes        | 6372     |
|    fps             | 305      |
|    time_elapsed    | 2086     |
|    total_timesteps | 637200   |
---------------------------------

Running evaluation at 640512 timesteps...
Successfully copied normalization stats
Evaluation results: {'eval/mean_reward': np.float32(-100.0), 'eval/std_reward': np.float32(0.0), 'eval/success_rate': np.float64(0.0)}
---------------------------------
| rollout/           |          |
|    ep_len_mean     | 100      |
|    ep_rew_mean     | -100     |
|    success_rate    | 0        |
| time/              |          |
|    episodes        | 6376     |
|    fps             | 302      |
|    time_elapsed    | 2116     |
|    total_timesteps | 640800   |
| train/             |          |
|    actor_loss      | 1.38     |
|    critic_loss     | 0.00453  |
|    ent_coef        | 0.000327 |
|    ent_coef_loss   | -21.7    |
|    learning_rate   | 0.001    |
|    n_updates       | 17522    |
---------------------------------
---------------------------------
| rollout/           |          |
|    ep_len_mean     | 100      |
|    ep_rew_mean     | -100     |
|    success_rate    | 0        |
| time/              |          |
|    episodes        | 6380     |
|    fps             | 302      |
|    time_elapsed    | 2116     |
|    total_timesteps | 640800   |
---------------------------------
---------------------------------
| rollout/           |          |
|    ep_len_mean     | 100      |
|    ep_rew_mean     | -100     |
|    success_rate    | 0        |
| time/              |          |
|    episodes        | 6384     |
|    fps             | 302      |
|    time_elapsed    | 2116     |
|    total_timesteps | 640800   |
---------------------------------
---------------------------------
| rollout/           |          |
|    ep_len_mean     | 100      |
|    ep_rew_mean     | -100     |
|    success_rate    | 0        |
| time/              |          |
|    episodes        | 6388     |
|    fps             | 302      |
|    time_elapsed    | 2116     |
|    total_timesteps | 640800   |
---------------------------------
---------------------------------
| rollout/           |          |
|    ep_len_mean     | 100      |
|    ep_rew_mean     | -100     |
|    success_rate    | 0        |
| time/              |          |
|    episodes        | 6392     |
|    fps             | 302      |
|    time_elapsed    | 2116     |
|    total_timesteps | 640800   |
---------------------------------
---------------------------------
| rollout/           |          |
|    ep_len_mean     | 100      |
|    ep_rew_mean     | -100     |
|    success_rate    | 0        |
| time/              |          |
|    episodes        | 6396     |
|    fps             | 302      |
|    time_elapsed    | 2116     |
|    total_timesteps | 640800   |
---------------------------------
---------------------------------
| rollout/           |          |
|    ep_len_mean     | 100      |
|    ep_rew_mean     | -100     |
|    success_rate    | 0        |
| time/              |          |
|    episodes        | 6400     |
|    fps             | 302      |
|    time_elapsed    | 2116     |
|    total_timesteps | 640800   |
---------------------------------
---------------------------------
| rollout/           |          |
|    ep_len_mean     | 100      |
|    ep_rew_mean     | -100     |
|    success_rate    | 0        |
| time/              |          |
|    episodes        | 6404     |
|    fps             | 302      |
|    time_elapsed    | 2116     |
|    total_timesteps | 640800   |
---------------------------------
---------------------------------
| rollout/           |          |
|    ep_len_mean     | 100      |
|    ep_rew_mean     | -100     |
|    success_rate    | 0        |
| time/              |          |
|    episodes        | 6408     |
|    fps             | 302      |
|    time_elapsed    | 2116     |
|    total_timesteps | 640800   |
---------------------------------
---------------------------------
| rollout/           |          |
|    ep_len_mean     | 100      |
|    ep_rew_mean     | -100     |
|    success_rate    | 0        |
| time/              |          |
|    episodes        | 6412     |
|    fps             | 303      |
|    time_elapsed    | 2124     |
|    total_timesteps | 644400   |
| train/             |          |
|    actor_loss      | 1.39     |
|    critic_loss     | 0.00524  |
|    ent_coef        | 0.000335 |
|    ent_coef_loss   | 5.47     |
|    learning_rate   | 0.001    |
|    n_updates       | 17622    |
---------------------------------
---------------------------------
| rollout/           |          |
|    ep_len_mean     | 100      |
|    ep_rew_mean     | -100     |
|    success_rate    | 0        |
| time/              |          |
|    episodes        | 6416     |
|    fps             | 303      |
|    time_elapsed    | 2124     |
|    total_timesteps | 644400   |
---------------------------------
---------------------------------
| rollout/           |          |
|    ep_len_mean     | 100      |
|    ep_rew_mean     | -100     |
|    success_rate    | 0        |
| time/              |          |
|    episodes        | 6420     |
|    fps             | 303      |
|    time_elapsed    | 2124     |
|    total_timesteps | 644400   |
---------------------------------
---------------------------------
| rollout/           |          |
|    ep_len_mean     | 100      |
|    ep_rew_mean     | -100     |
|    success_rate    | 0        |
| time/              |          |
|    episodes        | 6424     |
|    fps             | 303      |
|    time_elapsed    | 2124     |
|    total_timesteps | 644400   |
---------------------------------
---------------------------------
| rollout/           |          |
|    ep_len_mean     | 100      |
|    ep_rew_mean     | -100     |
|    success_rate    | 0        |
| time/              |          |
|    episodes        | 6428     |
|    fps             | 303      |
|    time_elapsed    | 2124     |
|    total_timesteps | 644400   |
---------------------------------
---------------------------------
| rollout/           |          |
|    ep_len_mean     | 100      |
|    ep_rew_mean     | -100     |
|    success_rate    | 0        |
| time/              |          |
|    episodes        | 6432     |
|    fps             | 303      |
|    time_elapsed    | 2124     |
|    total_timesteps | 644400   |
---------------------------------
---------------------------------
| rollout/           |          |
|    ep_len_mean     | 100      |
|    ep_rew_mean     | -100     |
|    success_rate    | 0        |
| time/              |          |
|    episodes        | 6436     |
|    fps             | 303      |
|    time_elapsed    | 2124     |
|    total_timesteps | 644400   |
---------------------------------
---------------------------------
| rollout/           |          |
|    ep_len_mean     | 100      |
|    ep_rew_mean     | -100     |
|    success_rate    | 0        |
| time/              |          |
|    episodes        | 6440     |
|    fps             | 303      |
|    time_elapsed    | 2124     |
|    total_timesteps | 644400   |
---------------------------------
---------------------------------
| rollout/           |          |
|    ep_len_mean     | 100      |
|    ep_rew_mean     | -100     |
|    success_rate    | 0        |
| time/              |          |
|    episodes        | 6444     |
|    fps             | 303      |
|    time_elapsed    | 2124     |
|    total_timesteps | 644400   |
---------------------------------
---------------------------------
| rollout/           |          |
|    ep_len_mean     | 100      |
|    ep_rew_mean     | -100     |
|    success_rate    | 0        |
| time/              |          |
|    episodes        | 6448     |
|    fps             | 303      |
|    time_elapsed    | 2132     |
|    total_timesteps | 648000   |
| train/             |          |
|    actor_loss      | 1.32     |
|    critic_loss     | 0.00468  |
|    ent_coef        | 0.000332 |
|    ent_coef_loss   | 10.7     |
|    learning_rate   | 0.001    |
|    n_updates       | 17722    |
---------------------------------
---------------------------------
| rollout/           |          |
|    ep_len_mean     | 100      |
|    ep_rew_mean     | -100     |
|    success_rate    | 0        |
| time/              |          |
|    episodes        | 6452     |
|    fps             | 303      |
|    time_elapsed    | 2132     |
|    total_timesteps | 648000   |
---------------------------------
---------------------------------
| rollout/           |          |
|    ep_len_mean     | 100      |
|    ep_rew_mean     | -100     |
|    success_rate    | 0        |
| time/              |          |
|    episodes        | 6456     |
|    fps             | 303      |
|    time_elapsed    | 2132     |
|    total_timesteps | 648000   |
---------------------------------
---------------------------------
| rollout/           |          |
|    ep_len_mean     | 100      |
|    ep_rew_mean     | -100     |
|    success_rate    | 0        |
| time/              |          |
|    episodes        | 6460     |
|    fps             | 303      |
|    time_elapsed    | 2132     |
|    total_timesteps | 648000   |
---------------------------------
---------------------------------
| rollout/           |          |
|    ep_len_mean     | 100      |
|    ep_rew_mean     | -100     |
|    success_rate    | 0        |
| time/              |          |
|    episodes        | 6464     |
|    fps             | 303      |
|    time_elapsed    | 2132     |
|    total_timesteps | 648000   |
---------------------------------
---------------------------------
| rollout/           |          |
|    ep_len_mean     | 100      |
|    ep_rew_mean     | -100     |
|    success_rate    | 0        |
| time/              |          |
|    episodes        | 6468     |
|    fps             | 303      |
|    time_elapsed    | 2132     |
|    total_timesteps | 648000   |
---------------------------------
---------------------------------
| rollout/           |          |
|    ep_len_mean     | 100      |
|    ep_rew_mean     | -100     |
|    success_rate    | 0        |
| time/              |          |
|    episodes        | 6472     |
|    fps             | 303      |
|    time_elapsed    | 2132     |
|    total_timesteps | 648000   |
---------------------------------
---------------------------------
| rollout/           |          |
|    ep_len_mean     | 100      |
|    ep_rew_mean     | -100     |
|    success_rate    | 0        |
| time/              |          |
|    episodes        | 6476     |
|    fps             | 303      |
|    time_elapsed    | 2132     |
|    total_timesteps | 648000   |
---------------------------------
---------------------------------
| rollout/           |          |
|    ep_len_mean     | 100      |
|    ep_rew_mean     | -100     |
|    success_rate    | 0        |
| time/              |          |
|    episodes        | 6480     |
|    fps             | 303      |
|    time_elapsed    | 2132     |
|    total_timesteps | 648000   |
---------------------------------
---------------------------------
| rollout/           |          |
|    ep_len_mean     | 100      |
|    ep_rew_mean     | -100     |
|    success_rate    | 0        |
| time/              |          |
|    episodes        | 6484     |
|    fps             | 304      |
|    time_elapsed    | 2140     |
|    total_timesteps | 651600   |
| train/             |          |
|    actor_loss      | 1.37     |
|    critic_loss     | 0.00487  |
|    ent_coef        | 0.000332 |
|    ent_coef_loss   | 3.85     |
|    learning_rate   | 0.001    |
|    n_updates       | 17822    |
---------------------------------
---------------------------------
| rollout/           |          |
|    ep_len_mean     | 100      |
|    ep_rew_mean     | -100     |
|    success_rate    | 0        |
| time/              |          |
|    episodes        | 6488     |
|    fps             | 304      |
|    time_elapsed    | 2140     |
|    total_timesteps | 651600   |
---------------------------------
---------------------------------
| rollout/           |          |
|    ep_len_mean     | 100      |
|    ep_rew_mean     | -100     |
|    success_rate    | 0        |
| time/              |          |
|    episodes        | 6492     |
|    fps             | 304      |
|    time_elapsed    | 2140     |
|    total_timesteps | 651600   |
---------------------------------
---------------------------------
| rollout/           |          |
|    ep_len_mean     | 100      |
|    ep_rew_mean     | -100     |
|    success_rate    | 0        |
| time/              |          |
|    episodes        | 6496     |
|    fps             | 304      |
|    time_elapsed    | 2140     |
|    total_timesteps | 651600   |
---------------------------------
---------------------------------
| rollout/           |          |
|    ep_len_mean     | 100      |
|    ep_rew_mean     | -100     |
|    success_rate    | 0        |
| time/              |          |
|    episodes        | 6500     |
|    fps             | 304      |
|    time_elapsed    | 2140     |
|    total_timesteps | 651600   |
---------------------------------
---------------------------------
| rollout/           |          |
|    ep_len_mean     | 100      |
|    ep_rew_mean     | -100     |
|    success_rate    | 0        |
| time/              |          |
|    episodes        | 6504     |
|    fps             | 304      |
|    time_elapsed    | 2140     |
|    total_timesteps | 651600   |
---------------------------------
---------------------------------
| rollout/           |          |
|    ep_len_mean     | 100      |
|    ep_rew_mean     | -100     |
|    success_rate    | 0        |
| time/              |          |
|    episodes        | 6508     |
|    fps             | 304      |
|    time_elapsed    | 2140     |
|    total_timesteps | 651600   |
---------------------------------
---------------------------------
| rollout/           |          |
|    ep_len_mean     | 100      |
|    ep_rew_mean     | -100     |
|    success_rate    | 0        |
| time/              |          |
|    episodes        | 6512     |
|    fps             | 304      |
|    time_elapsed    | 2140     |
|    total_timesteps | 651600   |
---------------------------------
---------------------------------
| rollout/           |          |
|    ep_len_mean     | 100      |
|    ep_rew_mean     | -100     |
|    success_rate    | 0        |
| time/              |          |
|    episodes        | 6516     |
|    fps             | 304      |
|    time_elapsed    | 2140     |
|    total_timesteps | 651600   |
---------------------------------
---------------------------------
| rollout/           |          |
|    ep_len_mean     | 100      |
|    ep_rew_mean     | -100     |
|    success_rate    | 0        |
| time/              |          |
|    episodes        | 6520     |
|    fps             | 305      |
|    time_elapsed    | 2147     |
|    total_timesteps | 655200   |
| train/             |          |
|    actor_loss      | 1.29     |
|    critic_loss     | 0.0045   |
|    ent_coef        | 0.000335 |
|    ent_coef_loss   | -3.81    |
|    learning_rate   | 0.001    |
|    n_updates       | 17922    |
---------------------------------
---------------------------------
| rollout/           |          |
|    ep_len_mean     | 100      |
|    ep_rew_mean     | -100     |
|    success_rate    | 0        |
| time/              |          |
|    episodes        | 6524     |
|    fps             | 305      |
|    time_elapsed    | 2147     |
|    total_timesteps | 655200   |
---------------------------------
---------------------------------
| rollout/           |          |
|    ep_len_mean     | 100      |
|    ep_rew_mean     | -100     |
|    success_rate    | 0        |
| time/              |          |
|    episodes        | 6528     |
|    fps             | 305      |
|    time_elapsed    | 2147     |
|    total_timesteps | 655200   |
---------------------------------
---------------------------------
| rollout/           |          |
|    ep_len_mean     | 100      |
|    ep_rew_mean     | -100     |
|    success_rate    | 0        |
| time/              |          |
|    episodes        | 6532     |
|    fps             | 305      |
|    time_elapsed    | 2147     |
|    total_timesteps | 655200   |
---------------------------------
---------------------------------
| rollout/           |          |
|    ep_len_mean     | 100      |
|    ep_rew_mean     | -100     |
|    success_rate    | 0        |
| time/              |          |
|    episodes        | 6536     |
|    fps             | 305      |
|    time_elapsed    | 2147     |
|    total_timesteps | 655200   |
---------------------------------
---------------------------------
| rollout/           |          |
|    ep_len_mean     | 100      |
|    ep_rew_mean     | -100     |
|    success_rate    | 0        |
| time/              |          |
|    episodes        | 6540     |
|    fps             | 305      |
|    time_elapsed    | 2147     |
|    total_timesteps | 655200   |
---------------------------------
---------------------------------
| rollout/           |          |
|    ep_len_mean     | 100      |
|    ep_rew_mean     | -100     |
|    success_rate    | 0        |
| time/              |          |
|    episodes        | 6544     |
|    fps             | 305      |
|    time_elapsed    | 2147     |
|    total_timesteps | 655200   |
---------------------------------
---------------------------------
| rollout/           |          |
|    ep_len_mean     | 100      |
|    ep_rew_mean     | -100     |
|    success_rate    | 0        |
| time/              |          |
|    episodes        | 6548     |
|    fps             | 305      |
|    time_elapsed    | 2147     |
|    total_timesteps | 655200   |
---------------------------------
---------------------------------
| rollout/           |          |
|    ep_len_mean     | 100      |
|    ep_rew_mean     | -100     |
|    success_rate    | 0        |
| time/              |          |
|    episodes        | 6552     |
|    fps             | 305      |
|    time_elapsed    | 2147     |
|    total_timesteps | 655200   |
---------------------------------
---------------------------------
| rollout/           |          |
|    ep_len_mean     | 100      |
|    ep_rew_mean     | -100     |
|    success_rate    | 0        |
| time/              |          |
|    episodes        | 6556     |
|    fps             | 305      |
|    time_elapsed    | 2155     |
|    total_timesteps | 658800   |
| train/             |          |
|    actor_loss      | 1.29     |
|    critic_loss     | 0.00479  |
|    ent_coef        | 0.000329 |
|    ent_coef_loss   | -6.84    |
|    learning_rate   | 0.001    |
|    n_updates       | 18022    |
---------------------------------
---------------------------------
| rollout/           |          |
|    ep_len_mean     | 100      |
|    ep_rew_mean     | -100     |
|    success_rate    | 0        |
| time/              |          |
|    episodes        | 6560     |
|    fps             | 305      |
|    time_elapsed    | 2155     |
|    total_timesteps | 658800   |
---------------------------------
---------------------------------
| rollout/           |          |
|    ep_len_mean     | 100      |
|    ep_rew_mean     | -100     |
|    success_rate    | 0        |
| time/              |          |
|    episodes        | 6564     |
|    fps             | 305      |
|    time_elapsed    | 2155     |
|    total_timesteps | 658800   |
---------------------------------
---------------------------------
| rollout/           |          |
|    ep_len_mean     | 100      |
|    ep_rew_mean     | -100     |
|    success_rate    | 0        |
| time/              |          |
|    episodes        | 6568     |
|    fps             | 305      |
|    time_elapsed    | 2155     |
|    total_timesteps | 658800   |
---------------------------------
---------------------------------
| rollout/           |          |
|    ep_len_mean     | 100      |
|    ep_rew_mean     | -100     |
|    success_rate    | 0        |
| time/              |          |
|    episodes        | 6572     |
|    fps             | 305      |
|    time_elapsed    | 2155     |
|    total_timesteps | 658800   |
---------------------------------
---------------------------------
| rollout/           |          |
|    ep_len_mean     | 100      |
|    ep_rew_mean     | -100     |
|    success_rate    | 0        |
| time/              |          |
|    episodes        | 6576     |
|    fps             | 305      |
|    time_elapsed    | 2155     |
|    total_timesteps | 658800   |
---------------------------------
---------------------------------
| rollout/           |          |
|    ep_len_mean     | 100      |
|    ep_rew_mean     | -100     |
|    success_rate    | 0        |
| time/              |          |
|    episodes        | 6580     |
|    fps             | 305      |
|    time_elapsed    | 2155     |
|    total_timesteps | 658800   |
---------------------------------
---------------------------------
| rollout/           |          |
|    ep_len_mean     | 100      |
|    ep_rew_mean     | -100     |
|    success_rate    | 0        |
| time/              |          |
|    episodes        | 6584     |
|    fps             | 305      |
|    time_elapsed    | 2155     |
|    total_timesteps | 658800   |
---------------------------------
---------------------------------
| rollout/           |          |
|    ep_len_mean     | 100      |
|    ep_rew_mean     | -100     |
|    success_rate    | 0        |
| time/              |          |
|    episodes        | 6588     |
|    fps             | 305      |
|    time_elapsed    | 2155     |
|    total_timesteps | 658800   |
---------------------------------

Running evaluation at 660528 timesteps...
Successfully copied normalization stats
Evaluation results: {'eval/mean_reward': np.float32(-100.0), 'eval/std_reward': np.float32(0.0), 'eval/success_rate': np.float64(0.0)}
---------------------------------
| rollout/           |          |
|    ep_len_mean     | 100      |
|    ep_rew_mean     | -100     |
|    success_rate    | 0        |
| time/              |          |
|    episodes        | 6592     |
|    fps             | 302      |
|    time_elapsed    | 2186     |
|    total_timesteps | 662400   |
| train/             |          |
|    actor_loss      | 1.25     |
|    critic_loss     | 0.00511  |
|    ent_coef        | 0.000337 |
|    ent_coef_loss   | -7.78    |
|    learning_rate   | 0.001    |
|    n_updates       | 18122    |
---------------------------------
---------------------------------
| rollout/           |          |
|    ep_len_mean     | 100      |
|    ep_rew_mean     | -100     |
|    success_rate    | 0        |
| time/              |          |
|    episodes        | 6596     |
|    fps             | 302      |
|    time_elapsed    | 2186     |
|    total_timesteps | 662400   |
---------------------------------
---------------------------------
| rollout/           |          |
|    ep_len_mean     | 100      |
|    ep_rew_mean     | -100     |
|    success_rate    | 0        |
| time/              |          |
|    episodes        | 6600     |
|    fps             | 302      |
|    time_elapsed    | 2186     |
|    total_timesteps | 662400   |
---------------------------------
---------------------------------
| rollout/           |          |
|    ep_len_mean     | 100      |
|    ep_rew_mean     | -100     |
|    success_rate    | 0        |
| time/              |          |
|    episodes        | 6604     |
|    fps             | 302      |
|    time_elapsed    | 2186     |
|    total_timesteps | 662400   |
---------------------------------
---------------------------------
| rollout/           |          |
|    ep_len_mean     | 100      |
|    ep_rew_mean     | -100     |
|    success_rate    | 0        |
| time/              |          |
|    episodes        | 6608     |
|    fps             | 302      |
|    time_elapsed    | 2186     |
|    total_timesteps | 662400   |
---------------------------------
---------------------------------
| rollout/           |          |
|    ep_len_mean     | 100      |
|    ep_rew_mean     | -100     |
|    success_rate    | 0        |
| time/              |          |
|    episodes        | 6612     |
|    fps             | 302      |
|    time_elapsed    | 2186     |
|    total_timesteps | 662400   |
---------------------------------
---------------------------------
| rollout/           |          |
|    ep_len_mean     | 100      |
|    ep_rew_mean     | -100     |
|    success_rate    | 0        |
| time/              |          |
|    episodes        | 6616     |
|    fps             | 302      |
|    time_elapsed    | 2186     |
|    total_timesteps | 662400   |
---------------------------------
---------------------------------
| rollout/           |          |
|    ep_len_mean     | 100      |
|    ep_rew_mean     | -100     |
|    success_rate    | 0        |
| time/              |          |
|    episodes        | 6620     |
|    fps             | 302      |
|    time_elapsed    | 2186     |
|    total_timesteps | 662400   |
---------------------------------
---------------------------------
| rollout/           |          |
|    ep_len_mean     | 100      |
|    ep_rew_mean     | -100     |
|    success_rate    | 0        |
| time/              |          |
|    episodes        | 6624     |
|    fps             | 302      |
|    time_elapsed    | 2186     |
|    total_timesteps | 662400   |
---------------------------------
---------------------------------
| rollout/           |          |
|    ep_len_mean     | 100      |
|    ep_rew_mean     | -100     |
|    success_rate    | 0        |
| time/              |          |
|    episodes        | 6628     |
|    fps             | 303      |
|    time_elapsed    | 2194     |
|    total_timesteps | 666000   |
| train/             |          |
|    actor_loss      | 1.2      |
|    critic_loss     | 0.00464  |
|    ent_coef        | 0.000334 |
|    ent_coef_loss   | 2.98     |
|    learning_rate   | 0.001    |
|    n_updates       | 18222    |
---------------------------------
---------------------------------
| rollout/           |          |
|    ep_len_mean     | 100      |
|    ep_rew_mean     | -100     |
|    success_rate    | 0        |
| time/              |          |
|    episodes        | 6632     |
|    fps             | 303      |
|    time_elapsed    | 2194     |
|    total_timesteps | 666000   |
---------------------------------
---------------------------------
| rollout/           |          |
|    ep_len_mean     | 100      |
|    ep_rew_mean     | -100     |
|    success_rate    | 0        |
| time/              |          |
|    episodes        | 6636     |
|    fps             | 303      |
|    time_elapsed    | 2194     |
|    total_timesteps | 666000   |
---------------------------------
---------------------------------
| rollout/           |          |
|    ep_len_mean     | 100      |
|    ep_rew_mean     | -100     |
|    success_rate    | 0        |
| time/              |          |
|    episodes        | 6640     |
|    fps             | 303      |
|    time_elapsed    | 2194     |
|    total_timesteps | 666000   |
---------------------------------
---------------------------------
| rollout/           |          |
|    ep_len_mean     | 100      |
|    ep_rew_mean     | -100     |
|    success_rate    | 0        |
| time/              |          |
|    episodes        | 6644     |
|    fps             | 303      |
|    time_elapsed    | 2194     |
|    total_timesteps | 666000   |
---------------------------------
---------------------------------
| rollout/           |          |
|    ep_len_mean     | 100      |
|    ep_rew_mean     | -100     |
|    success_rate    | 0        |
| time/              |          |
|    episodes        | 6648     |
|    fps             | 303      |
|    time_elapsed    | 2194     |
|    total_timesteps | 666000   |
---------------------------------
---------------------------------
| rollout/           |          |
|    ep_len_mean     | 100      |
|    ep_rew_mean     | -100     |
|    success_rate    | 0        |
| time/              |          |
|    episodes        | 6652     |
|    fps             | 303      |
|    time_elapsed    | 2194     |
|    total_timesteps | 666000   |
---------------------------------
---------------------------------
| rollout/           |          |
|    ep_len_mean     | 100      |
|    ep_rew_mean     | -100     |
|    success_rate    | 0        |
| time/              |          |
|    episodes        | 6656     |
|    fps             | 303      |
|    time_elapsed    | 2194     |
|    total_timesteps | 666000   |
---------------------------------
---------------------------------
| rollout/           |          |
|    ep_len_mean     | 100      |
|    ep_rew_mean     | -100     |
|    success_rate    | 0        |
| time/              |          |
|    episodes        | 6660     |
|    fps             | 303      |
|    time_elapsed    | 2194     |
|    total_timesteps | 666000   |
---------------------------------
---------------------------------
| rollout/           |          |
|    ep_len_mean     | 100      |
|    ep_rew_mean     | -100     |
|    success_rate    | 0        |
| time/              |          |
|    episodes        | 6664     |
|    fps             | 304      |
|    time_elapsed    | 2201     |
|    total_timesteps | 669600   |
| train/             |          |
|    actor_loss      | 1.31     |
|    critic_loss     | 0.00477  |
|    ent_coef        | 0.000349 |
|    ent_coef_loss   | 5.95     |
|    learning_rate   | 0.001    |
|    n_updates       | 18322    |
---------------------------------
---------------------------------
| rollout/           |          |
|    ep_len_mean     | 100      |
|    ep_rew_mean     | -100     |
|    success_rate    | 0        |
| time/              |          |
|    episodes        | 6668     |
|    fps             | 304      |
|    time_elapsed    | 2201     |
|    total_timesteps | 669600   |
---------------------------------
---------------------------------
| rollout/           |          |
|    ep_len_mean     | 100      |
|    ep_rew_mean     | -100     |
|    success_rate    | 0        |
| time/              |          |
|    episodes        | 6672     |
|    fps             | 304      |
|    time_elapsed    | 2201     |
|    total_timesteps | 669600   |
---------------------------------
---------------------------------
| rollout/           |          |
|    ep_len_mean     | 100      |
|    ep_rew_mean     | -100     |
|    success_rate    | 0        |
| time/              |          |
|    episodes        | 6676     |
|    fps             | 304      |
|    time_elapsed    | 2201     |
|    total_timesteps | 669600   |
---------------------------------
---------------------------------
| rollout/           |          |
|    ep_len_mean     | 100      |
|    ep_rew_mean     | -100     |
|    success_rate    | 0        |
| time/              |          |
|    episodes        | 6680     |
|    fps             | 304      |
|    time_elapsed    | 2201     |
|    total_timesteps | 669600   |
---------------------------------
---------------------------------
| rollout/           |          |
|    ep_len_mean     | 100      |
|    ep_rew_mean     | -100     |
|    success_rate    | 0        |
| time/              |          |
|    episodes        | 6684     |
|    fps             | 304      |
|    time_elapsed    | 2201     |
|    total_timesteps | 669600   |
---------------------------------
---------------------------------
| rollout/           |          |
|    ep_len_mean     | 100      |
|    ep_rew_mean     | -100     |
|    success_rate    | 0        |
| time/              |          |
|    episodes        | 6688     |
|    fps             | 304      |
|    time_elapsed    | 2201     |
|    total_timesteps | 669600   |
---------------------------------
---------------------------------
| rollout/           |          |
|    ep_len_mean     | 100      |
|    ep_rew_mean     | -100     |
|    success_rate    | 0        |
| time/              |          |
|    episodes        | 6692     |
|    fps             | 304      |
|    time_elapsed    | 2202     |
|    total_timesteps | 669600   |
---------------------------------
---------------------------------
| rollout/           |          |
|    ep_len_mean     | 100      |
|    ep_rew_mean     | -100     |
|    success_rate    | 0        |
| time/              |          |
|    episodes        | 6696     |
|    fps             | 304      |
|    time_elapsed    | 2202     |
|    total_timesteps | 669600   |
---------------------------------
---------------------------------
| rollout/           |          |
|    ep_len_mean     | 100      |
|    ep_rew_mean     | -100     |
|    success_rate    | 0        |
| time/              |          |
|    episodes        | 6700     |
|    fps             | 304      |
|    time_elapsed    | 2209     |
|    total_timesteps | 673200   |
| train/             |          |
|    actor_loss      | 1.15     |
|    critic_loss     | 0.00501  |
|    ent_coef        | 0.00036  |
|    ent_coef_loss   | 12.1     |
|    learning_rate   | 0.001    |
|    n_updates       | 18422    |
---------------------------------
---------------------------------
| rollout/           |          |
|    ep_len_mean     | 100      |
|    ep_rew_mean     | -100     |
|    success_rate    | 0        |
| time/              |          |
|    episodes        | 6704     |
|    fps             | 304      |
|    time_elapsed    | 2209     |
|    total_timesteps | 673200   |
---------------------------------
---------------------------------
| rollout/           |          |
|    ep_len_mean     | 100      |
|    ep_rew_mean     | -100     |
|    success_rate    | 0        |
| time/              |          |
|    episodes        | 6708     |
|    fps             | 304      |
|    time_elapsed    | 2209     |
|    total_timesteps | 673200   |
---------------------------------
---------------------------------
| rollout/           |          |
|    ep_len_mean     | 100      |
|    ep_rew_mean     | -100     |
|    success_rate    | 0        |
| time/              |          |
|    episodes        | 6712     |
|    fps             | 304      |
|    time_elapsed    | 2209     |
|    total_timesteps | 673200   |
---------------------------------
---------------------------------
| rollout/           |          |
|    ep_len_mean     | 100      |
|    ep_rew_mean     | -100     |
|    success_rate    | 0        |
| time/              |          |
|    episodes        | 6716     |
|    fps             | 304      |
|    time_elapsed    | 2209     |
|    total_timesteps | 673200   |
---------------------------------
---------------------------------
| rollout/           |          |
|    ep_len_mean     | 100      |
|    ep_rew_mean     | -100     |
|    success_rate    | 0        |
| time/              |          |
|    episodes        | 6720     |
|    fps             | 304      |
|    time_elapsed    | 2209     |
|    total_timesteps | 673200   |
---------------------------------
---------------------------------
| rollout/           |          |
|    ep_len_mean     | 100      |
|    ep_rew_mean     | -100     |
|    success_rate    | 0        |
| time/              |          |
|    episodes        | 6724     |
|    fps             | 304      |
|    time_elapsed    | 2209     |
|    total_timesteps | 673200   |
---------------------------------
---------------------------------
| rollout/           |          |
|    ep_len_mean     | 100      |
|    ep_rew_mean     | -100     |
|    success_rate    | 0        |
| time/              |          |
|    episodes        | 6728     |
|    fps             | 304      |
|    time_elapsed    | 2209     |
|    total_timesteps | 673200   |
---------------------------------
---------------------------------
| rollout/           |          |
|    ep_len_mean     | 100      |
|    ep_rew_mean     | -100     |
|    success_rate    | 0        |
| time/              |          |
|    episodes        | 6732     |
|    fps             | 304      |
|    time_elapsed    | 2209     |
|    total_timesteps | 673200   |
---------------------------------
---------------------------------
| rollout/           |          |
|    ep_len_mean     | 100      |
|    ep_rew_mean     | -100     |
|    success_rate    | 0        |
| time/              |          |
|    episodes        | 6736     |
|    fps             | 305      |
|    time_elapsed    | 2217     |
|    total_timesteps | 676800   |
| train/             |          |
|    actor_loss      | 1.15     |
|    critic_loss     | 0.00503  |
|    ent_coef        | 0.000359 |
|    ent_coef_loss   | -3.33    |
|    learning_rate   | 0.001    |
|    n_updates       | 18522    |
---------------------------------
---------------------------------
| rollout/           |          |
|    ep_len_mean     | 100      |
|    ep_rew_mean     | -100     |
|    success_rate    | 0        |
| time/              |          |
|    episodes        | 6740     |
|    fps             | 305      |
|    time_elapsed    | 2217     |
|    total_timesteps | 676800   |
---------------------------------
---------------------------------
| rollout/           |          |
|    ep_len_mean     | 100      |
|    ep_rew_mean     | -100     |
|    success_rate    | 0        |
| time/              |          |
|    episodes        | 6744     |
|    fps             | 305      |
|    time_elapsed    | 2217     |
|    total_timesteps | 676800   |
---------------------------------
---------------------------------
| rollout/           |          |
|    ep_len_mean     | 100      |
|    ep_rew_mean     | -100     |
|    success_rate    | 0        |
| time/              |          |
|    episodes        | 6748     |
|    fps             | 305      |
|    time_elapsed    | 2217     |
|    total_timesteps | 676800   |
---------------------------------
---------------------------------
| rollout/           |          |
|    ep_len_mean     | 100      |
|    ep_rew_mean     | -100     |
|    success_rate    | 0        |
| time/              |          |
|    episodes        | 6752     |
|    fps             | 305      |
|    time_elapsed    | 2217     |
|    total_timesteps | 676800   |
---------------------------------
---------------------------------
| rollout/           |          |
|    ep_len_mean     | 100      |
|    ep_rew_mean     | -100     |
|    success_rate    | 0        |
| time/              |          |
|    episodes        | 6756     |
|    fps             | 305      |
|    time_elapsed    | 2217     |
|    total_timesteps | 676800   |
---------------------------------
---------------------------------
| rollout/           |          |
|    ep_len_mean     | 100      |
|    ep_rew_mean     | -100     |
|    success_rate    | 0        |
| time/              |          |
|    episodes        | 6760     |
|    fps             | 305      |
|    time_elapsed    | 2217     |
|    total_timesteps | 676800   |
---------------------------------
---------------------------------
| rollout/           |          |
|    ep_len_mean     | 100      |
|    ep_rew_mean     | -100     |
|    success_rate    | 0        |
| time/              |          |
|    episodes        | 6764     |
|    fps             | 305      |
|    time_elapsed    | 2217     |
|    total_timesteps | 676800   |
---------------------------------
---------------------------------
| rollout/           |          |
|    ep_len_mean     | 100      |
|    ep_rew_mean     | -100     |
|    success_rate    | 0        |
| time/              |          |
|    episodes        | 6768     |
|    fps             | 305      |
|    time_elapsed    | 2217     |
|    total_timesteps | 676800   |
---------------------------------
---------------------------------
| rollout/           |          |
|    ep_len_mean     | 100      |
|    ep_rew_mean     | -100     |
|    success_rate    | 0        |
| time/              |          |
|    episodes        | 6772     |
|    fps             | 305      |
|    time_elapsed    | 2225     |
|    total_timesteps | 680400   |
| train/             |          |
|    actor_loss      | 1.27     |
|    critic_loss     | 0.00537  |
|    ent_coef        | 0.000359 |
|    ent_coef_loss   | 7.6      |
|    learning_rate   | 0.001    |
|    n_updates       | 18622    |
---------------------------------
---------------------------------
| rollout/           |          |
|    ep_len_mean     | 100      |
|    ep_rew_mean     | -100     |
|    success_rate    | 0        |
| time/              |          |
|    episodes        | 6776     |
|    fps             | 305      |
|    time_elapsed    | 2225     |
|    total_timesteps | 680400   |
---------------------------------
---------------------------------
| rollout/           |          |
|    ep_len_mean     | 100      |
|    ep_rew_mean     | -100     |
|    success_rate    | 0        |
| time/              |          |
|    episodes        | 6780     |
|    fps             | 305      |
|    time_elapsed    | 2225     |
|    total_timesteps | 680400   |
---------------------------------
---------------------------------
| rollout/           |          |
|    ep_len_mean     | 100      |
|    ep_rew_mean     | -100     |
|    success_rate    | 0        |
| time/              |          |
|    episodes        | 6784     |
|    fps             | 305      |
|    time_elapsed    | 2225     |
|    total_timesteps | 680400   |
---------------------------------
---------------------------------
| rollout/           |          |
|    ep_len_mean     | 100      |
|    ep_rew_mean     | -100     |
|    success_rate    | 0        |
| time/              |          |
|    episodes        | 6788     |
|    fps             | 305      |
|    time_elapsed    | 2225     |
|    total_timesteps | 680400   |
---------------------------------
---------------------------------
| rollout/           |          |
|    ep_len_mean     | 100      |
|    ep_rew_mean     | -100     |
|    success_rate    | 0        |
| time/              |          |
|    episodes        | 6792     |
|    fps             | 305      |
|    time_elapsed    | 2225     |
|    total_timesteps | 680400   |
---------------------------------
---------------------------------
| rollout/           |          |
|    ep_len_mean     | 100      |
|    ep_rew_mean     | -100     |
|    success_rate    | 0        |
| time/              |          |
|    episodes        | 6796     |
|    fps             | 305      |
|    time_elapsed    | 2225     |
|    total_timesteps | 680400   |
---------------------------------
---------------------------------
| rollout/           |          |
|    ep_len_mean     | 100      |
|    ep_rew_mean     | -100     |
|    success_rate    | 0        |
| time/              |          |
|    episodes        | 6800     |
|    fps             | 305      |
|    time_elapsed    | 2225     |
|    total_timesteps | 680400   |
---------------------------------
---------------------------------
| rollout/           |          |
|    ep_len_mean     | 100      |
|    ep_rew_mean     | -100     |
|    success_rate    | 0        |
| time/              |          |
|    episodes        | 6804     |
|    fps             | 305      |
|    time_elapsed    | 2225     |
|    total_timesteps | 680400   |
---------------------------------

Running evaluation at 680544 timesteps...
Successfully copied normalization stats
Evaluation results: {'eval/mean_reward': np.float32(-100.0), 'eval/std_reward': np.float32(0.0), 'eval/success_rate': np.float64(0.0)}
---------------------------------
| rollout/           |          |
|    ep_len_mean     | 100      |
|    ep_rew_mean     | -100     |
|    success_rate    | 0        |
| time/              |          |
|    episodes        | 6808     |
|    fps             | 303      |
|    time_elapsed    | 2255     |
|    total_timesteps | 684000   |
| train/             |          |
|    actor_loss      | 1.27     |
|    critic_loss     | 0.00461  |
|    ent_coef        | 0.00036  |
|    ent_coef_loss   | 16       |
|    learning_rate   | 0.001    |
|    n_updates       | 18722    |
---------------------------------
---------------------------------
| rollout/           |          |
|    ep_len_mean     | 100      |
|    ep_rew_mean     | -100     |
|    success_rate    | 0        |
| time/              |          |
|    episodes        | 6812     |
|    fps             | 303      |
|    time_elapsed    | 2255     |
|    total_timesteps | 684000   |
---------------------------------
---------------------------------
| rollout/           |          |
|    ep_len_mean     | 100      |
|    ep_rew_mean     | -100     |
|    success_rate    | 0        |
| time/              |          |
|    episodes        | 6816     |
|    fps             | 303      |
|    time_elapsed    | 2255     |
|    total_timesteps | 684000   |
---------------------------------
---------------------------------
| rollout/           |          |
|    ep_len_mean     | 100      |
|    ep_rew_mean     | -100     |
|    success_rate    | 0        |
| time/              |          |
|    episodes        | 6820     |
|    fps             | 303      |
|    time_elapsed    | 2255     |
|    total_timesteps | 684000   |
---------------------------------
---------------------------------
| rollout/           |          |
|    ep_len_mean     | 100      |
|    ep_rew_mean     | -100     |
|    success_rate    | 0        |
| time/              |          |
|    episodes        | 6824     |
|    fps             | 303      |
|    time_elapsed    | 2255     |
|    total_timesteps | 684000   |
---------------------------------
---------------------------------
| rollout/           |          |
|    ep_len_mean     | 100      |
|    ep_rew_mean     | -100     |
|    success_rate    | 0        |
| time/              |          |
|    episodes        | 6828     |
|    fps             | 303      |
|    time_elapsed    | 2255     |
|    total_timesteps | 684000   |
---------------------------------
---------------------------------
| rollout/           |          |
|    ep_len_mean     | 100      |
|    ep_rew_mean     | -100     |
|    success_rate    | 0        |
| time/              |          |
|    episodes        | 6832     |
|    fps             | 303      |
|    time_elapsed    | 2255     |
|    total_timesteps | 684000   |
---------------------------------
---------------------------------
| rollout/           |          |
|    ep_len_mean     | 100      |
|    ep_rew_mean     | -100     |
|    success_rate    | 0        |
| time/              |          |
|    episodes        | 6836     |
|    fps             | 303      |
|    time_elapsed    | 2255     |
|    total_timesteps | 684000   |
---------------------------------
---------------------------------
| rollout/           |          |
|    ep_len_mean     | 100      |
|    ep_rew_mean     | -100     |
|    success_rate    | 0        |
| time/              |          |
|    episodes        | 6840     |
|    fps             | 303      |
|    time_elapsed    | 2255     |
|    total_timesteps | 684000   |
---------------------------------
---------------------------------
| rollout/           |          |
|    ep_len_mean     | 100      |
|    ep_rew_mean     | -100     |
|    success_rate    | 0        |
| time/              |          |
|    episodes        | 6844     |
|    fps             | 303      |
|    time_elapsed    | 2263     |
|    total_timesteps | 687600   |
| train/             |          |
|    actor_loss      | 1.27     |
|    critic_loss     | 0.00495  |
|    ent_coef        | 0.000362 |
|    ent_coef_loss   | -3.17    |
|    learning_rate   | 0.001    |
|    n_updates       | 18822    |
---------------------------------
---------------------------------
| rollout/           |          |
|    ep_len_mean     | 100      |
|    ep_rew_mean     | -100     |
|    success_rate    | 0        |
| time/              |          |
|    episodes        | 6848     |
|    fps             | 303      |
|    time_elapsed    | 2263     |
|    total_timesteps | 687600   |
---------------------------------
---------------------------------
| rollout/           |          |
|    ep_len_mean     | 100      |
|    ep_rew_mean     | -100     |
|    success_rate    | 0        |
| time/              |          |
|    episodes        | 6852     |
|    fps             | 303      |
|    time_elapsed    | 2263     |
|    total_timesteps | 687600   |
---------------------------------
---------------------------------
| rollout/           |          |
|    ep_len_mean     | 100      |
|    ep_rew_mean     | -100     |
|    success_rate    | 0        |
| time/              |          |
|    episodes        | 6856     |
|    fps             | 303      |
|    time_elapsed    | 2263     |
|    total_timesteps | 687600   |
---------------------------------
---------------------------------
| rollout/           |          |
|    ep_len_mean     | 100      |
|    ep_rew_mean     | -100     |
|    success_rate    | 0        |
| time/              |          |
|    episodes        | 6860     |
|    fps             | 303      |
|    time_elapsed    | 2263     |
|    total_timesteps | 687600   |
---------------------------------
---------------------------------
| rollout/           |          |
|    ep_len_mean     | 100      |
|    ep_rew_mean     | -100     |
|    success_rate    | 0        |
| time/              |          |
|    episodes        | 6864     |
|    fps             | 303      |
|    time_elapsed    | 2263     |
|    total_timesteps | 687600   |
---------------------------------
---------------------------------
| rollout/           |          |
|    ep_len_mean     | 100      |
|    ep_rew_mean     | -100     |
|    success_rate    | 0        |
| time/              |          |
|    episodes        | 6868     |
|    fps             | 303      |
|    time_elapsed    | 2263     |
|    total_timesteps | 687600   |
---------------------------------
---------------------------------
| rollout/           |          |
|    ep_len_mean     | 100      |
|    ep_rew_mean     | -100     |
|    success_rate    | 0        |
| time/              |          |
|    episodes        | 6872     |
|    fps             | 303      |
|    time_elapsed    | 2263     |
|    total_timesteps | 687600   |
---------------------------------
---------------------------------
| rollout/           |          |
|    ep_len_mean     | 100      |
|    ep_rew_mean     | -100     |
|    success_rate    | 0        |
| time/              |          |
|    episodes        | 6876     |
|    fps             | 303      |
|    time_elapsed    | 2263     |
|    total_timesteps | 687600   |
---------------------------------
---------------------------------
| rollout/           |          |
|    ep_len_mean     | 100      |
|    ep_rew_mean     | -100     |
|    success_rate    | 0        |
| time/              |          |
|    episodes        | 6880     |
|    fps             | 304      |
|    time_elapsed    | 2271     |
|    total_timesteps | 691200   |
| train/             |          |
|    actor_loss      | 1.26     |
|    critic_loss     | 0.00477  |
|    ent_coef        | 0.00036  |
|    ent_coef_loss   | -16.6    |
|    learning_rate   | 0.001    |
|    n_updates       | 18922    |
---------------------------------
---------------------------------
| rollout/           |          |
|    ep_len_mean     | 100      |
|    ep_rew_mean     | -100     |
|    success_rate    | 0        |
| time/              |          |
|    episodes        | 6884     |
|    fps             | 304      |
|    time_elapsed    | 2271     |
|    total_timesteps | 691200   |
---------------------------------
---------------------------------
| rollout/           |          |
|    ep_len_mean     | 100      |
|    ep_rew_mean     | -100     |
|    success_rate    | 0        |
| time/              |          |
|    episodes        | 6888     |
|    fps             | 304      |
|    time_elapsed    | 2271     |
|    total_timesteps | 691200   |
---------------------------------
---------------------------------
| rollout/           |          |
|    ep_len_mean     | 100      |
|    ep_rew_mean     | -100     |
|    success_rate    | 0        |
| time/              |          |
|    episodes        | 6892     |
|    fps             | 304      |
|    time_elapsed    | 2271     |
|    total_timesteps | 691200   |
---------------------------------
---------------------------------
| rollout/           |          |
|    ep_len_mean     | 100      |
|    ep_rew_mean     | -100     |
|    success_rate    | 0        |
| time/              |          |
|    episodes        | 6896     |
|    fps             | 304      |
|    time_elapsed    | 2271     |
|    total_timesteps | 691200   |
---------------------------------
---------------------------------
| rollout/           |          |
|    ep_len_mean     | 100      |
|    ep_rew_mean     | -100     |
|    success_rate    | 0        |
| time/              |          |
|    episodes        | 6900     |
|    fps             | 304      |
|    time_elapsed    | 2271     |
|    total_timesteps | 691200   |
---------------------------------
---------------------------------
| rollout/           |          |
|    ep_len_mean     | 100      |
|    ep_rew_mean     | -100     |
|    success_rate    | 0        |
| time/              |          |
|    episodes        | 6904     |
|    fps             | 304      |
|    time_elapsed    | 2271     |
|    total_timesteps | 691200   |
---------------------------------
---------------------------------
| rollout/           |          |
|    ep_len_mean     | 100      |
|    ep_rew_mean     | -100     |
|    success_rate    | 0        |
| time/              |          |
|    episodes        | 6908     |
|    fps             | 304      |
|    time_elapsed    | 2271     |
|    total_timesteps | 691200   |
---------------------------------
---------------------------------
| rollout/           |          |
|    ep_len_mean     | 100      |
|    ep_rew_mean     | -100     |
|    success_rate    | 0        |
| time/              |          |
|    episodes        | 6912     |
|    fps             | 304      |
|    time_elapsed    | 2271     |
|    total_timesteps | 691200   |
---------------------------------
---------------------------------
| rollout/           |          |
|    ep_len_mean     | 100      |
|    ep_rew_mean     | -100     |
|    success_rate    | 0        |
| time/              |          |
|    episodes        | 6916     |
|    fps             | 304      |
|    time_elapsed    | 2279     |
|    total_timesteps | 694800   |
| train/             |          |
|    actor_loss      | 1.26     |
|    critic_loss     | 0.00429  |
|    ent_coef        | 0.000361 |
|    ent_coef_loss   | -9.68    |
|    learning_rate   | 0.001    |
|    n_updates       | 19022    |
---------------------------------
---------------------------------
| rollout/           |          |
|    ep_len_mean     | 100      |
|    ep_rew_mean     | -100     |
|    success_rate    | 0        |
| time/              |          |
|    episodes        | 6920     |
|    fps             | 304      |
|    time_elapsed    | 2279     |
|    total_timesteps | 694800   |
---------------------------------
---------------------------------
| rollout/           |          |
|    ep_len_mean     | 100      |
|    ep_rew_mean     | -100     |
|    success_rate    | 0        |
| time/              |          |
|    episodes        | 6924     |
|    fps             | 304      |
|    time_elapsed    | 2279     |
|    total_timesteps | 694800   |
---------------------------------
---------------------------------
| rollout/           |          |
|    ep_len_mean     | 100      |
|    ep_rew_mean     | -100     |
|    success_rate    | 0        |
| time/              |          |
|    episodes        | 6928     |
|    fps             | 304      |
|    time_elapsed    | 2279     |
|    total_timesteps | 694800   |
---------------------------------
---------------------------------
| rollout/           |          |
|    ep_len_mean     | 100      |
|    ep_rew_mean     | -100     |
|    success_rate    | 0        |
| time/              |          |
|    episodes        | 6932     |
|    fps             | 304      |
|    time_elapsed    | 2279     |
|    total_timesteps | 694800   |
---------------------------------
---------------------------------
| rollout/           |          |
|    ep_len_mean     | 100      |
|    ep_rew_mean     | -100     |
|    success_rate    | 0        |
| time/              |          |
|    episodes        | 6936     |
|    fps             | 304      |
|    time_elapsed    | 2279     |
|    total_timesteps | 694800   |
---------------------------------
---------------------------------
| rollout/           |          |
|    ep_len_mean     | 100      |
|    ep_rew_mean     | -100     |
|    success_rate    | 0        |
| time/              |          |
|    episodes        | 6940     |
|    fps             | 304      |
|    time_elapsed    | 2279     |
|    total_timesteps | 694800   |
---------------------------------
---------------------------------
| rollout/           |          |
|    ep_len_mean     | 100      |
|    ep_rew_mean     | -100     |
|    success_rate    | 0        |
| time/              |          |
|    episodes        | 6944     |
|    fps             | 304      |
|    time_elapsed    | 2279     |
|    total_timesteps | 694800   |
---------------------------------
---------------------------------
| rollout/           |          |
|    ep_len_mean     | 100      |
|    ep_rew_mean     | -100     |
|    success_rate    | 0        |
| time/              |          |
|    episodes        | 6948     |
|    fps             | 304      |
|    time_elapsed    | 2279     |
|    total_timesteps | 694800   |
---------------------------------
---------------------------------
| rollout/           |          |
|    ep_len_mean     | 100      |
|    ep_rew_mean     | -100     |
|    success_rate    | 0        |
| time/              |          |
|    episodes        | 6952     |
|    fps             | 305      |
|    time_elapsed    | 2287     |
|    total_timesteps | 698400   |
| train/             |          |
|    actor_loss      | 1.16     |
|    critic_loss     | 0.00489  |
|    ent_coef        | 0.000354 |
|    ent_coef_loss   | -5.1     |
|    learning_rate   | 0.001    |
|    n_updates       | 19122    |
---------------------------------
---------------------------------
| rollout/           |          |
|    ep_len_mean     | 100      |
|    ep_rew_mean     | -100     |
|    success_rate    | 0        |
| time/              |          |
|    episodes        | 6956     |
|    fps             | 305      |
|    time_elapsed    | 2287     |
|    total_timesteps | 698400   |
---------------------------------
---------------------------------
| rollout/           |          |
|    ep_len_mean     | 100      |
|    ep_rew_mean     | -100     |
|    success_rate    | 0        |
| time/              |          |
|    episodes        | 6960     |
|    fps             | 305      |
|    time_elapsed    | 2287     |
|    total_timesteps | 698400   |
---------------------------------
---------------------------------
| rollout/           |          |
|    ep_len_mean     | 100      |
|    ep_rew_mean     | -100     |
|    success_rate    | 0        |
| time/              |          |
|    episodes        | 6964     |
|    fps             | 305      |
|    time_elapsed    | 2287     |
|    total_timesteps | 698400   |
---------------------------------
---------------------------------
| rollout/           |          |
|    ep_len_mean     | 100      |
|    ep_rew_mean     | -100     |
|    success_rate    | 0        |
| time/              |          |
|    episodes        | 6968     |
|    fps             | 305      |
|    time_elapsed    | 2287     |
|    total_timesteps | 698400   |
---------------------------------
---------------------------------
| rollout/           |          |
|    ep_len_mean     | 100      |
|    ep_rew_mean     | -100     |
|    success_rate    | 0        |
| time/              |          |
|    episodes        | 6972     |
|    fps             | 305      |
|    time_elapsed    | 2287     |
|    total_timesteps | 698400   |
---------------------------------
---------------------------------
| rollout/           |          |
|    ep_len_mean     | 100      |
|    ep_rew_mean     | -100     |
|    success_rate    | 0        |
| time/              |          |
|    episodes        | 6976     |
|    fps             | 305      |
|    time_elapsed    | 2287     |
|    total_timesteps | 698400   |
---------------------------------
---------------------------------
| rollout/           |          |
|    ep_len_mean     | 100      |
|    ep_rew_mean     | -100     |
|    success_rate    | 0        |
| time/              |          |
|    episodes        | 6980     |
|    fps             | 305      |
|    time_elapsed    | 2287     |
|    total_timesteps | 698400   |
---------------------------------
---------------------------------
| rollout/           |          |
|    ep_len_mean     | 100      |
|    ep_rew_mean     | -100     |
|    success_rate    | 0        |
| time/              |          |
|    episodes        | 6984     |
|    fps             | 305      |
|    time_elapsed    | 2287     |
|    total_timesteps | 698400   |
---------------------------------

Running evaluation at 700560 timesteps...
Successfully copied normalization stats
Evaluation results: {'eval/mean_reward': np.float32(-99.8), 'eval/std_reward': np.float32(0.59999996), 'eval/success_rate': np.float64(0.0)}
---------------------------------
| rollout/           |          |
|    ep_len_mean     | 100      |
|    ep_rew_mean     | -100     |
|    success_rate    | 0        |
| time/              |          |
|    episodes        | 6988     |
|    fps             | 303      |
|    time_elapsed    | 2315     |
|    total_timesteps | 702000   |
| train/             |          |
|    actor_loss      | 1.25     |
|    critic_loss     | 0.00433  |
|    ent_coef        | 0.000352 |
|    ent_coef_loss   | 18.1     |
|    learning_rate   | 0.001    |
|    n_updates       | 19222    |
---------------------------------
---------------------------------
| rollout/           |          |
|    ep_len_mean     | 100      |
|    ep_rew_mean     | -100     |
|    success_rate    | 0        |
| time/              |          |
|    episodes        | 6992     |
|    fps             | 303      |
|    time_elapsed    | 2315     |
|    total_timesteps | 702000   |
---------------------------------
---------------------------------
| rollout/           |          |
|    ep_len_mean     | 100      |
|    ep_rew_mean     | -100     |
|    success_rate    | 0        |
| time/              |          |
|    episodes        | 6996     |
|    fps             | 303      |
|    time_elapsed    | 2315     |
|    total_timesteps | 702000   |
---------------------------------
---------------------------------
| rollout/           |          |
|    ep_len_mean     | 100      |
|    ep_rew_mean     | -100     |
|    success_rate    | 0        |
| time/              |          |
|    episodes        | 7000     |
|    fps             | 303      |
|    time_elapsed    | 2315     |
|    total_timesteps | 702000   |
---------------------------------
---------------------------------
| rollout/           |          |
|    ep_len_mean     | 100      |
|    ep_rew_mean     | -100     |
|    success_rate    | 0        |
| time/              |          |
|    episodes        | 7004     |
|    fps             | 303      |
|    time_elapsed    | 2315     |
|    total_timesteps | 702000   |
---------------------------------
---------------------------------
| rollout/           |          |
|    ep_len_mean     | 100      |
|    ep_rew_mean     | -100     |
|    success_rate    | 0        |
| time/              |          |
|    episodes        | 7008     |
|    fps             | 303      |
|    time_elapsed    | 2315     |
|    total_timesteps | 702000   |
---------------------------------
---------------------------------
| rollout/           |          |
|    ep_len_mean     | 100      |
|    ep_rew_mean     | -100     |
|    success_rate    | 0        |
| time/              |          |
|    episodes        | 7012     |
|    fps             | 303      |
|    time_elapsed    | 2315     |
|    total_timesteps | 702000   |
---------------------------------
---------------------------------
| rollout/           |          |
|    ep_len_mean     | 100      |
|    ep_rew_mean     | -100     |
|    success_rate    | 0        |
| time/              |          |
|    episodes        | 7016     |
|    fps             | 303      |
|    time_elapsed    | 2315     |
|    total_timesteps | 702000   |
---------------------------------
---------------------------------
| rollout/           |          |
|    ep_len_mean     | 100      |
|    ep_rew_mean     | -100     |
|    success_rate    | 0        |
| time/              |          |
|    episodes        | 7020     |
|    fps             | 303      |
|    time_elapsed    | 2315     |
|    total_timesteps | 702000   |
---------------------------------
---------------------------------
| rollout/           |          |
|    ep_len_mean     | 100      |
|    ep_rew_mean     | -100     |
|    success_rate    | 0        |
| time/              |          |
|    episodes        | 7024     |
|    fps             | 303      |
|    time_elapsed    | 2323     |
|    total_timesteps | 705600   |
| train/             |          |
|    actor_loss      | 1.2      |
|    critic_loss     | 0.00473  |
|    ent_coef        | 0.000361 |
|    ent_coef_loss   | 11.5     |
|    learning_rate   | 0.001    |
|    n_updates       | 19322    |
---------------------------------
---------------------------------
| rollout/           |          |
|    ep_len_mean     | 100      |
|    ep_rew_mean     | -100     |
|    success_rate    | 0        |
| time/              |          |
|    episodes        | 7028     |
|    fps             | 303      |
|    time_elapsed    | 2323     |
|    total_timesteps | 705600   |
---------------------------------
---------------------------------
| rollout/           |          |
|    ep_len_mean     | 100      |
|    ep_rew_mean     | -100     |
|    success_rate    | 0        |
| time/              |          |
|    episodes        | 7032     |
|    fps             | 303      |
|    time_elapsed    | 2323     |
|    total_timesteps | 705600   |
---------------------------------
---------------------------------
| rollout/           |          |
|    ep_len_mean     | 100      |
|    ep_rew_mean     | -100     |
|    success_rate    | 0        |
| time/              |          |
|    episodes        | 7036     |
|    fps             | 303      |
|    time_elapsed    | 2323     |
|    total_timesteps | 705600   |
---------------------------------
---------------------------------
| rollout/           |          |
|    ep_len_mean     | 100      |
|    ep_rew_mean     | -100     |
|    success_rate    | 0        |
| time/              |          |
|    episodes        | 7040     |
|    fps             | 303      |
|    time_elapsed    | 2323     |
|    total_timesteps | 705600   |
---------------------------------
---------------------------------
| rollout/           |          |
|    ep_len_mean     | 100      |
|    ep_rew_mean     | -100     |
|    success_rate    | 0        |
| time/              |          |
|    episodes        | 7044     |
|    fps             | 303      |
|    time_elapsed    | 2323     |
|    total_timesteps | 705600   |
---------------------------------
---------------------------------
| rollout/           |          |
|    ep_len_mean     | 100      |
|    ep_rew_mean     | -100     |
|    success_rate    | 0        |
| time/              |          |
|    episodes        | 7048     |
|    fps             | 303      |
|    time_elapsed    | 2323     |
|    total_timesteps | 705600   |
---------------------------------
---------------------------------
| rollout/           |          |
|    ep_len_mean     | 100      |
|    ep_rew_mean     | -100     |
|    success_rate    | 0        |
| time/              |          |
|    episodes        | 7052     |
|    fps             | 303      |
|    time_elapsed    | 2323     |
|    total_timesteps | 705600   |
---------------------------------
---------------------------------
| rollout/           |          |
|    ep_len_mean     | 100      |
|    ep_rew_mean     | -100     |
|    success_rate    | 0        |
| time/              |          |
|    episodes        | 7056     |
|    fps             | 303      |
|    time_elapsed    | 2323     |
|    total_timesteps | 705600   |
---------------------------------
---------------------------------
| rollout/           |          |
|    ep_len_mean     | 100      |
|    ep_rew_mean     | -100     |
|    success_rate    | 0        |
| time/              |          |
|    episodes        | 7060     |
|    fps             | 304      |
|    time_elapsed    | 2330     |
|    total_timesteps | 709200   |
| train/             |          |
|    actor_loss      | 1.22     |
|    critic_loss     | 0.00418  |
|    ent_coef        | 0.000353 |
|    ent_coef_loss   | -17.7    |
|    learning_rate   | 0.001    |
|    n_updates       | 19422    |
---------------------------------
---------------------------------
| rollout/           |          |
|    ep_len_mean     | 100      |
|    ep_rew_mean     | -100     |
|    success_rate    | 0        |
| time/              |          |
|    episodes        | 7064     |
|    fps             | 304      |
|    time_elapsed    | 2330     |
|    total_timesteps | 709200   |
---------------------------------
---------------------------------
| rollout/           |          |
|    ep_len_mean     | 100      |
|    ep_rew_mean     | -100     |
|    success_rate    | 0        |
| time/              |          |
|    episodes        | 7068     |
|    fps             | 304      |
|    time_elapsed    | 2330     |
|    total_timesteps | 709200   |
---------------------------------
---------------------------------
| rollout/           |          |
|    ep_len_mean     | 100      |
|    ep_rew_mean     | -100     |
|    success_rate    | 0        |
| time/              |          |
|    episodes        | 7072     |
|    fps             | 304      |
|    time_elapsed    | 2330     |
|    total_timesteps | 709200   |
---------------------------------
---------------------------------
| rollout/           |          |
|    ep_len_mean     | 100      |
|    ep_rew_mean     | -100     |
|    success_rate    | 0        |
| time/              |          |
|    episodes        | 7076     |
|    fps             | 304      |
|    time_elapsed    | 2330     |
|    total_timesteps | 709200   |
---------------------------------
---------------------------------
| rollout/           |          |
|    ep_len_mean     | 100      |
|    ep_rew_mean     | -100     |
|    success_rate    | 0        |
| time/              |          |
|    episodes        | 7080     |
|    fps             | 304      |
|    time_elapsed    | 2330     |
|    total_timesteps | 709200   |
---------------------------------
---------------------------------
| rollout/           |          |
|    ep_len_mean     | 100      |
|    ep_rew_mean     | -100     |
|    success_rate    | 0        |
| time/              |          |
|    episodes        | 7084     |
|    fps             | 304      |
|    time_elapsed    | 2330     |
|    total_timesteps | 709200   |
---------------------------------
---------------------------------
| rollout/           |          |
|    ep_len_mean     | 100      |
|    ep_rew_mean     | -100     |
|    success_rate    | 0        |
| time/              |          |
|    episodes        | 7088     |
|    fps             | 304      |
|    time_elapsed    | 2330     |
|    total_timesteps | 709200   |
---------------------------------
---------------------------------
| rollout/           |          |
|    ep_len_mean     | 100      |
|    ep_rew_mean     | -100     |
|    success_rate    | 0        |
| time/              |          |
|    episodes        | 7092     |
|    fps             | 304      |
|    time_elapsed    | 2330     |
|    total_timesteps | 709200   |
---------------------------------
---------------------------------
| rollout/           |          |
|    ep_len_mean     | 100      |
|    ep_rew_mean     | -100     |
|    success_rate    | 0        |
| time/              |          |
|    episodes        | 7096     |
|    fps             | 304      |
|    time_elapsed    | 2338     |
|    total_timesteps | 712800   |
| train/             |          |
|    actor_loss      | 1.26     |
|    critic_loss     | 0.00442  |
|    ent_coef        | 0.000356 |
|    ent_coef_loss   | 1.62     |
|    learning_rate   | 0.001    |
|    n_updates       | 19522    |
---------------------------------
---------------------------------
| rollout/           |          |
|    ep_len_mean     | 100      |
|    ep_rew_mean     | -100     |
|    success_rate    | 0        |
| time/              |          |
|    episodes        | 7100     |
|    fps             | 304      |
|    time_elapsed    | 2338     |
|    total_timesteps | 712800   |
---------------------------------
---------------------------------
| rollout/           |          |
|    ep_len_mean     | 100      |
|    ep_rew_mean     | -100     |
|    success_rate    | 0        |
| time/              |          |
|    episodes        | 7104     |
|    fps             | 304      |
|    time_elapsed    | 2338     |
|    total_timesteps | 712800   |
---------------------------------
---------------------------------
| rollout/           |          |
|    ep_len_mean     | 100      |
|    ep_rew_mean     | -100     |
|    success_rate    | 0        |
| time/              |          |
|    episodes        | 7108     |
|    fps             | 304      |
|    time_elapsed    | 2338     |
|    total_timesteps | 712800   |
---------------------------------
---------------------------------
| rollout/           |          |
|    ep_len_mean     | 100      |
|    ep_rew_mean     | -100     |
|    success_rate    | 0        |
| time/              |          |
|    episodes        | 7112     |
|    fps             | 304      |
|    time_elapsed    | 2338     |
|    total_timesteps | 712800   |
---------------------------------
---------------------------------
| rollout/           |          |
|    ep_len_mean     | 100      |
|    ep_rew_mean     | -100     |
|    success_rate    | 0        |
| time/              |          |
|    episodes        | 7116     |
|    fps             | 304      |
|    time_elapsed    | 2338     |
|    total_timesteps | 712800   |
---------------------------------
---------------------------------
| rollout/           |          |
|    ep_len_mean     | 100      |
|    ep_rew_mean     | -100     |
|    success_rate    | 0        |
| time/              |          |
|    episodes        | 7120     |
|    fps             | 304      |
|    time_elapsed    | 2338     |
|    total_timesteps | 712800   |
---------------------------------
---------------------------------
| rollout/           |          |
|    ep_len_mean     | 100      |
|    ep_rew_mean     | -100     |
|    success_rate    | 0        |
| time/              |          |
|    episodes        | 7124     |
|    fps             | 304      |
|    time_elapsed    | 2338     |
|    total_timesteps | 712800   |
---------------------------------
---------------------------------
| rollout/           |          |
|    ep_len_mean     | 100      |
|    ep_rew_mean     | -100     |
|    success_rate    | 0        |
| time/              |          |
|    episodes        | 7128     |
|    fps             | 304      |
|    time_elapsed    | 2338     |
|    total_timesteps | 712800   |
---------------------------------
---------------------------------
| rollout/           |          |
|    ep_len_mean     | 100      |
|    ep_rew_mean     | -100     |
|    success_rate    | 0        |
| time/              |          |
|    episodes        | 7132     |
|    fps             | 305      |
|    time_elapsed    | 2346     |
|    total_timesteps | 716400   |
| train/             |          |
|    actor_loss      | 1.28     |
|    critic_loss     | 0.00426  |
|    ent_coef        | 0.00036  |
|    ent_coef_loss   | 8.01     |
|    learning_rate   | 0.001    |
|    n_updates       | 19622    |
---------------------------------
---------------------------------
| rollout/           |          |
|    ep_len_mean     | 100      |
|    ep_rew_mean     | -100     |
|    success_rate    | 0        |
| time/              |          |
|    episodes        | 7136     |
|    fps             | 305      |
|    time_elapsed    | 2346     |
|    total_timesteps | 716400   |
---------------------------------
---------------------------------
| rollout/           |          |
|    ep_len_mean     | 100      |
|    ep_rew_mean     | -100     |
|    success_rate    | 0        |
| time/              |          |
|    episodes        | 7140     |
|    fps             | 305      |
|    time_elapsed    | 2346     |
|    total_timesteps | 716400   |
---------------------------------
---------------------------------
| rollout/           |          |
|    ep_len_mean     | 100      |
|    ep_rew_mean     | -100     |
|    success_rate    | 0        |
| time/              |          |
|    episodes        | 7144     |
|    fps             | 305      |
|    time_elapsed    | 2346     |
|    total_timesteps | 716400   |
---------------------------------
---------------------------------
| rollout/           |          |
|    ep_len_mean     | 100      |
|    ep_rew_mean     | -100     |
|    success_rate    | 0        |
| time/              |          |
|    episodes        | 7148     |
|    fps             | 305      |
|    time_elapsed    | 2346     |
|    total_timesteps | 716400   |
---------------------------------
---------------------------------
| rollout/           |          |
|    ep_len_mean     | 100      |
|    ep_rew_mean     | -100     |
|    success_rate    | 0        |
| time/              |          |
|    episodes        | 7152     |
|    fps             | 305      |
|    time_elapsed    | 2346     |
|    total_timesteps | 716400   |
---------------------------------
---------------------------------
| rollout/           |          |
|    ep_len_mean     | 100      |
|    ep_rew_mean     | -100     |
|    success_rate    | 0        |
| time/              |          |
|    episodes        | 7156     |
|    fps             | 305      |
|    time_elapsed    | 2346     |
|    total_timesteps | 716400   |
---------------------------------
---------------------------------
| rollout/           |          |
|    ep_len_mean     | 100      |
|    ep_rew_mean     | -100     |
|    success_rate    | 0        |
| time/              |          |
|    episodes        | 7160     |
|    fps             | 305      |
|    time_elapsed    | 2346     |
|    total_timesteps | 716400   |
---------------------------------
---------------------------------
| rollout/           |          |
|    ep_len_mean     | 100      |
|    ep_rew_mean     | -100     |
|    success_rate    | 0        |
| time/              |          |
|    episodes        | 7164     |
|    fps             | 305      |
|    time_elapsed    | 2346     |
|    total_timesteps | 716400   |
---------------------------------
---------------------------------
| rollout/           |          |
|    ep_len_mean     | 100      |
|    ep_rew_mean     | -100     |
|    success_rate    | 0        |
| time/              |          |
|    episodes        | 7168     |
|    fps             | 305      |
|    time_elapsed    | 2354     |
|    total_timesteps | 720000   |
| train/             |          |
|    actor_loss      | 1.26     |
|    critic_loss     | 0.00421  |
|    ent_coef        | 0.00036  |
|    ent_coef_loss   | 3.06     |
|    learning_rate   | 0.001    |
|    n_updates       | 19722    |
---------------------------------
---------------------------------
| rollout/           |          |
|    ep_len_mean     | 100      |
|    ep_rew_mean     | -100     |
|    success_rate    | 0        |
| time/              |          |
|    episodes        | 7172     |
|    fps             | 305      |
|    time_elapsed    | 2354     |
|    total_timesteps | 720000   |
---------------------------------
---------------------------------
| rollout/           |          |
|    ep_len_mean     | 100      |
|    ep_rew_mean     | -100     |
|    success_rate    | 0        |
| time/              |          |
|    episodes        | 7176     |
|    fps             | 305      |
|    time_elapsed    | 2354     |
|    total_timesteps | 720000   |
---------------------------------
---------------------------------
| rollout/           |          |
|    ep_len_mean     | 100      |
|    ep_rew_mean     | -100     |
|    success_rate    | 0        |
| time/              |          |
|    episodes        | 7180     |
|    fps             | 305      |
|    time_elapsed    | 2354     |
|    total_timesteps | 720000   |
---------------------------------
---------------------------------
| rollout/           |          |
|    ep_len_mean     | 100      |
|    ep_rew_mean     | -100     |
|    success_rate    | 0        |
| time/              |          |
|    episodes        | 7184     |
|    fps             | 305      |
|    time_elapsed    | 2354     |
|    total_timesteps | 720000   |
---------------------------------
---------------------------------
| rollout/           |          |
|    ep_len_mean     | 100      |
|    ep_rew_mean     | -100     |
|    success_rate    | 0        |
| time/              |          |
|    episodes        | 7188     |
|    fps             | 305      |
|    time_elapsed    | 2354     |
|    total_timesteps | 720000   |
---------------------------------
---------------------------------
| rollout/           |          |
|    ep_len_mean     | 100      |
|    ep_rew_mean     | -100     |
|    success_rate    | 0        |
| time/              |          |
|    episodes        | 7192     |
|    fps             | 305      |
|    time_elapsed    | 2354     |
|    total_timesteps | 720000   |
---------------------------------
---------------------------------
| rollout/           |          |
|    ep_len_mean     | 100      |
|    ep_rew_mean     | -100     |
|    success_rate    | 0        |
| time/              |          |
|    episodes        | 7196     |
|    fps             | 305      |
|    time_elapsed    | 2354     |
|    total_timesteps | 720000   |
---------------------------------
---------------------------------
| rollout/           |          |
|    ep_len_mean     | 100      |
|    ep_rew_mean     | -100     |
|    success_rate    | 0        |
| time/              |          |
|    episodes        | 7200     |
|    fps             | 305      |
|    time_elapsed    | 2354     |
|    total_timesteps | 720000   |
---------------------------------

Running evaluation at 720576 timesteps...
Successfully copied normalization stats
Evaluation results: {'eval/mean_reward': np.float32(-100.0), 'eval/std_reward': np.float32(0.0), 'eval/success_rate': np.float64(0.0)}
---------------------------------
| rollout/           |          |
|    ep_len_mean     | 100      |
|    ep_rew_mean     | -100     |
|    success_rate    | 0        |
| time/              |          |
|    episodes        | 7204     |
|    fps             | 303      |
|    time_elapsed    | 2387     |
|    total_timesteps | 723600   |
| train/             |          |
|    actor_loss      | 1.27     |
|    critic_loss     | 0.00395  |
|    ent_coef        | 0.000338 |
|    ent_coef_loss   | -6       |
|    learning_rate   | 0.001    |
|    n_updates       | 19822    |
---------------------------------
---------------------------------
| rollout/           |          |
|    ep_len_mean     | 100      |
|    ep_rew_mean     | -100     |
|    success_rate    | 0        |
| time/              |          |
|    episodes        | 7208     |
|    fps             | 303      |
|    time_elapsed    | 2387     |
|    total_timesteps | 723600   |
---------------------------------
---------------------------------
| rollout/           |          |
|    ep_len_mean     | 100      |
|    ep_rew_mean     | -100     |
|    success_rate    | 0        |
| time/              |          |
|    episodes        | 7212     |
|    fps             | 303      |
|    time_elapsed    | 2387     |
|    total_timesteps | 723600   |
---------------------------------
---------------------------------
| rollout/           |          |
|    ep_len_mean     | 100      |
|    ep_rew_mean     | -100     |
|    success_rate    | 0        |
| time/              |          |
|    episodes        | 7216     |
|    fps             | 303      |
|    time_elapsed    | 2387     |
|    total_timesteps | 723600   |
---------------------------------
---------------------------------
| rollout/           |          |
|    ep_len_mean     | 100      |
|    ep_rew_mean     | -100     |
|    success_rate    | 0        |
| time/              |          |
|    episodes        | 7220     |
|    fps             | 303      |
|    time_elapsed    | 2387     |
|    total_timesteps | 723600   |
---------------------------------
---------------------------------
| rollout/           |          |
|    ep_len_mean     | 100      |
|    ep_rew_mean     | -100     |
|    success_rate    | 0        |
| time/              |          |
|    episodes        | 7224     |
|    fps             | 303      |
|    time_elapsed    | 2387     |
|    total_timesteps | 723600   |
---------------------------------
---------------------------------
| rollout/           |          |
|    ep_len_mean     | 100      |
|    ep_rew_mean     | -100     |
|    success_rate    | 0        |
| time/              |          |
|    episodes        | 7228     |
|    fps             | 303      |
|    time_elapsed    | 2387     |
|    total_timesteps | 723600   |
---------------------------------
---------------------------------
| rollout/           |          |
|    ep_len_mean     | 100      |
|    ep_rew_mean     | -100     |
|    success_rate    | 0        |
| time/              |          |
|    episodes        | 7232     |
|    fps             | 303      |
|    time_elapsed    | 2387     |
|    total_timesteps | 723600   |
---------------------------------
---------------------------------
| rollout/           |          |
|    ep_len_mean     | 100      |
|    ep_rew_mean     | -100     |
|    success_rate    | 0        |
| time/              |          |
|    episodes        | 7236     |
|    fps             | 303      |
|    time_elapsed    | 2387     |
|    total_timesteps | 723600   |
---------------------------------
---------------------------------
| rollout/           |          |
|    ep_len_mean     | 100      |
|    ep_rew_mean     | -100     |
|    success_rate    | 0        |
| time/              |          |
|    episodes        | 7240     |
|    fps             | 303      |
|    time_elapsed    | 2394     |
|    total_timesteps | 727200   |
| train/             |          |
|    actor_loss      | 1.29     |
|    critic_loss     | 0.0044   |
|    ent_coef        | 0.000345 |
|    ent_coef_loss   | -17.7    |
|    learning_rate   | 0.001    |
|    n_updates       | 19922    |
---------------------------------
---------------------------------
| rollout/           |          |
|    ep_len_mean     | 100      |
|    ep_rew_mean     | -100     |
|    success_rate    | 0        |
| time/              |          |
|    episodes        | 7244     |
|    fps             | 303      |
|    time_elapsed    | 2394     |
|    total_timesteps | 727200   |
---------------------------------
---------------------------------
| rollout/           |          |
|    ep_len_mean     | 100      |
|    ep_rew_mean     | -100     |
|    success_rate    | 0        |
| time/              |          |
|    episodes        | 7248     |
|    fps             | 303      |
|    time_elapsed    | 2394     |
|    total_timesteps | 727200   |
---------------------------------
---------------------------------
| rollout/           |          |
|    ep_len_mean     | 100      |
|    ep_rew_mean     | -100     |
|    success_rate    | 0        |
| time/              |          |
|    episodes        | 7252     |
|    fps             | 303      |
|    time_elapsed    | 2394     |
|    total_timesteps | 727200   |
---------------------------------
---------------------------------
| rollout/           |          |
|    ep_len_mean     | 100      |
|    ep_rew_mean     | -100     |
|    success_rate    | 0        |
| time/              |          |
|    episodes        | 7256     |
|    fps             | 303      |
|    time_elapsed    | 2394     |
|    total_timesteps | 727200   |
---------------------------------
---------------------------------
| rollout/           |          |
|    ep_len_mean     | 100      |
|    ep_rew_mean     | -100     |
|    success_rate    | 0        |
| time/              |          |
|    episodes        | 7260     |
|    fps             | 303      |
|    time_elapsed    | 2394     |
|    total_timesteps | 727200   |
---------------------------------
---------------------------------
| rollout/           |          |
|    ep_len_mean     | 100      |
|    ep_rew_mean     | -100     |
|    success_rate    | 0        |
| time/              |          |
|    episodes        | 7264     |
|    fps             | 303      |
|    time_elapsed    | 2394     |
|    total_timesteps | 727200   |
---------------------------------
---------------------------------
| rollout/           |          |
|    ep_len_mean     | 100      |
|    ep_rew_mean     | -100     |
|    success_rate    | 0        |
| time/              |          |
|    episodes        | 7268     |
|    fps             | 303      |
|    time_elapsed    | 2394     |
|    total_timesteps | 727200   |
---------------------------------
---------------------------------
| rollout/           |          |
|    ep_len_mean     | 100      |
|    ep_rew_mean     | -100     |
|    success_rate    | 0        |
| time/              |          |
|    episodes        | 7272     |
|    fps             | 303      |
|    time_elapsed    | 2394     |
|    total_timesteps | 727200   |
---------------------------------
---------------------------------
| rollout/           |          |
|    ep_len_mean     | 100      |
|    ep_rew_mean     | -100     |
|    success_rate    | 0        |
| time/              |          |
|    episodes        | 7276     |
|    fps             | 304      |
|    time_elapsed    | 2403     |
|    total_timesteps | 730800   |
| train/             |          |
|    actor_loss      | 1.27     |
|    critic_loss     | 0.00455  |
|    ent_coef        | 0.000345 |
|    ent_coef_loss   | -7.61    |
|    learning_rate   | 0.001    |
|    n_updates       | 20022    |
---------------------------------
---------------------------------
| rollout/           |          |
|    ep_len_mean     | 100      |
|    ep_rew_mean     | -100     |
|    success_rate    | 0        |
| time/              |          |
|    episodes        | 7280     |
|    fps             | 304      |
|    time_elapsed    | 2403     |
|    total_timesteps | 730800   |
---------------------------------
---------------------------------
| rollout/           |          |
|    ep_len_mean     | 100      |
|    ep_rew_mean     | -100     |
|    success_rate    | 0        |
| time/              |          |
|    episodes        | 7284     |
|    fps             | 304      |
|    time_elapsed    | 2403     |
|    total_timesteps | 730800   |
---------------------------------
---------------------------------
| rollout/           |          |
|    ep_len_mean     | 100      |
|    ep_rew_mean     | -100     |
|    success_rate    | 0        |
| time/              |          |
|    episodes        | 7288     |
|    fps             | 304      |
|    time_elapsed    | 2403     |
|    total_timesteps | 730800   |
---------------------------------
---------------------------------
| rollout/           |          |
|    ep_len_mean     | 100      |
|    ep_rew_mean     | -100     |
|    success_rate    | 0        |
| time/              |          |
|    episodes        | 7292     |
|    fps             | 304      |
|    time_elapsed    | 2403     |
|    total_timesteps | 730800   |
---------------------------------
---------------------------------
| rollout/           |          |
|    ep_len_mean     | 100      |
|    ep_rew_mean     | -100     |
|    success_rate    | 0        |
| time/              |          |
|    episodes        | 7296     |
|    fps             | 304      |
|    time_elapsed    | 2403     |
|    total_timesteps | 730800   |
---------------------------------
---------------------------------
| rollout/           |          |
|    ep_len_mean     | 100      |
|    ep_rew_mean     | -100     |
|    success_rate    | 0        |
| time/              |          |
|    episodes        | 7300     |
|    fps             | 304      |
|    time_elapsed    | 2403     |
|    total_timesteps | 730800   |
---------------------------------
---------------------------------
| rollout/           |          |
|    ep_len_mean     | 100      |
|    ep_rew_mean     | -100     |
|    success_rate    | 0        |
| time/              |          |
|    episodes        | 7304     |
|    fps             | 304      |
|    time_elapsed    | 2403     |
|    total_timesteps | 730800   |
---------------------------------
---------------------------------
| rollout/           |          |
|    ep_len_mean     | 100      |
|    ep_rew_mean     | -100     |
|    success_rate    | 0        |
| time/              |          |
|    episodes        | 7308     |
|    fps             | 304      |
|    time_elapsed    | 2403     |
|    total_timesteps | 730800   |
---------------------------------
---------------------------------
| rollout/           |          |
|    ep_len_mean     | 100      |
|    ep_rew_mean     | -100     |
|    success_rate    | 0        |
| time/              |          |
|    episodes        | 7312     |
|    fps             | 304      |
|    time_elapsed    | 2411     |
|    total_timesteps | 734400   |
| train/             |          |
|    actor_loss      | 1.27     |
|    critic_loss     | 0.00444  |
|    ent_coef        | 0.000359 |
|    ent_coef_loss   | -4.89    |
|    learning_rate   | 0.001    |
|    n_updates       | 20122    |
---------------------------------
---------------------------------
| rollout/           |          |
|    ep_len_mean     | 100      |
|    ep_rew_mean     | -100     |
|    success_rate    | 0        |
| time/              |          |
|    episodes        | 7316     |
|    fps             | 304      |
|    time_elapsed    | 2411     |
|    total_timesteps | 734400   |
---------------------------------
---------------------------------
| rollout/           |          |
|    ep_len_mean     | 100      |
|    ep_rew_mean     | -100     |
|    success_rate    | 0        |
| time/              |          |
|    episodes        | 7320     |
|    fps             | 304      |
|    time_elapsed    | 2411     |
|    total_timesteps | 734400   |
---------------------------------
---------------------------------
| rollout/           |          |
|    ep_len_mean     | 100      |
|    ep_rew_mean     | -100     |
|    success_rate    | 0        |
| time/              |          |
|    episodes        | 7324     |
|    fps             | 304      |
|    time_elapsed    | 2411     |
|    total_timesteps | 734400   |
---------------------------------
---------------------------------
| rollout/           |          |
|    ep_len_mean     | 100      |
|    ep_rew_mean     | -100     |
|    success_rate    | 0        |
| time/              |          |
|    episodes        | 7328     |
|    fps             | 304      |
|    time_elapsed    | 2411     |
|    total_timesteps | 734400   |
---------------------------------
---------------------------------
| rollout/           |          |
|    ep_len_mean     | 100      |
|    ep_rew_mean     | -100     |
|    success_rate    | 0        |
| time/              |          |
|    episodes        | 7332     |
|    fps             | 304      |
|    time_elapsed    | 2411     |
|    total_timesteps | 734400   |
---------------------------------
---------------------------------
| rollout/           |          |
|    ep_len_mean     | 100      |
|    ep_rew_mean     | -100     |
|    success_rate    | 0        |
| time/              |          |
|    episodes        | 7336     |
|    fps             | 304      |
|    time_elapsed    | 2411     |
|    total_timesteps | 734400   |
---------------------------------
---------------------------------
| rollout/           |          |
|    ep_len_mean     | 100      |
|    ep_rew_mean     | -100     |
|    success_rate    | 0        |
| time/              |          |
|    episodes        | 7340     |
|    fps             | 304      |
|    time_elapsed    | 2411     |
|    total_timesteps | 734400   |
---------------------------------
---------------------------------
| rollout/           |          |
|    ep_len_mean     | 100      |
|    ep_rew_mean     | -100     |
|    success_rate    | 0        |
| time/              |          |
|    episodes        | 7344     |
|    fps             | 304      |
|    time_elapsed    | 2411     |
|    total_timesteps | 734400   |
---------------------------------
---------------------------------
| rollout/           |          |
|    ep_len_mean     | 100      |
|    ep_rew_mean     | -100     |
|    success_rate    | 0        |
| time/              |          |
|    episodes        | 7348     |
|    fps             | 305      |
|    time_elapsed    | 2418     |
|    total_timesteps | 738000   |
| train/             |          |
|    actor_loss      | 1.31     |
|    critic_loss     | 0.00462  |
|    ent_coef        | 0.000359 |
|    ent_coef_loss   | 7.73     |
|    learning_rate   | 0.001    |
|    n_updates       | 20222    |
---------------------------------
---------------------------------
| rollout/           |          |
|    ep_len_mean     | 100      |
|    ep_rew_mean     | -100     |
|    success_rate    | 0        |
| time/              |          |
|    episodes        | 7352     |
|    fps             | 305      |
|    time_elapsed    | 2418     |
|    total_timesteps | 738000   |
---------------------------------
---------------------------------
| rollout/           |          |
|    ep_len_mean     | 100      |
|    ep_rew_mean     | -100     |
|    success_rate    | 0        |
| time/              |          |
|    episodes        | 7356     |
|    fps             | 305      |
|    time_elapsed    | 2418     |
|    total_timesteps | 738000   |
---------------------------------
---------------------------------
| rollout/           |          |
|    ep_len_mean     | 100      |
|    ep_rew_mean     | -100     |
|    success_rate    | 0        |
| time/              |          |
|    episodes        | 7360     |
|    fps             | 305      |
|    time_elapsed    | 2418     |
|    total_timesteps | 738000   |
---------------------------------
---------------------------------
| rollout/           |          |
|    ep_len_mean     | 100      |
|    ep_rew_mean     | -100     |
|    success_rate    | 0        |
| time/              |          |
|    episodes        | 7364     |
|    fps             | 305      |
|    time_elapsed    | 2418     |
|    total_timesteps | 738000   |
---------------------------------
---------------------------------
| rollout/           |          |
|    ep_len_mean     | 100      |
|    ep_rew_mean     | -100     |
|    success_rate    | 0        |
| time/              |          |
|    episodes        | 7368     |
|    fps             | 305      |
|    time_elapsed    | 2418     |
|    total_timesteps | 738000   |
---------------------------------
---------------------------------
| rollout/           |          |
|    ep_len_mean     | 100      |
|    ep_rew_mean     | -100     |
|    success_rate    | 0        |
| time/              |          |
|    episodes        | 7372     |
|    fps             | 305      |
|    time_elapsed    | 2418     |
|    total_timesteps | 738000   |
---------------------------------
---------------------------------
| rollout/           |          |
|    ep_len_mean     | 100      |
|    ep_rew_mean     | -100     |
|    success_rate    | 0        |
| time/              |          |
|    episodes        | 7376     |
|    fps             | 305      |
|    time_elapsed    | 2418     |
|    total_timesteps | 738000   |
---------------------------------
---------------------------------
| rollout/           |          |
|    ep_len_mean     | 100      |
|    ep_rew_mean     | -100     |
|    success_rate    | 0        |
| time/              |          |
|    episodes        | 7380     |
|    fps             | 305      |
|    time_elapsed    | 2418     |
|    total_timesteps | 738000   |
---------------------------------

Running evaluation at 740592 timesteps...
Successfully copied normalization stats
Evaluation results: {'eval/mean_reward': np.float32(-100.0), 'eval/std_reward': np.float32(0.0), 'eval/success_rate': np.float64(0.0)}
---------------------------------
| rollout/           |          |
|    ep_len_mean     | 100      |
|    ep_rew_mean     | -100     |
|    success_rate    | 0        |
| time/              |          |
|    episodes        | 7384     |
|    fps             | 303      |
|    time_elapsed    | 2447     |
|    total_timesteps | 741600   |
| train/             |          |
|    actor_loss      | 1.28     |
|    critic_loss     | 0.00483  |
|    ent_coef        | 0.000342 |
|    ent_coef_loss   | 4.47     |
|    learning_rate   | 0.001    |
|    n_updates       | 20322    |
---------------------------------
---------------------------------
| rollout/           |          |
|    ep_len_mean     | 100      |
|    ep_rew_mean     | -100     |
|    success_rate    | 0        |
| time/              |          |
|    episodes        | 7388     |
|    fps             | 303      |
|    time_elapsed    | 2447     |
|    total_timesteps | 741600   |
---------------------------------
---------------------------------
| rollout/           |          |
|    ep_len_mean     | 100      |
|    ep_rew_mean     | -100     |
|    success_rate    | 0        |
| time/              |          |
|    episodes        | 7392     |
|    fps             | 303      |
|    time_elapsed    | 2447     |
|    total_timesteps | 741600   |
---------------------------------
---------------------------------
| rollout/           |          |
|    ep_len_mean     | 100      |
|    ep_rew_mean     | -100     |
|    success_rate    | 0        |
| time/              |          |
|    episodes        | 7396     |
|    fps             | 303      |
|    time_elapsed    | 2447     |
|    total_timesteps | 741600   |
---------------------------------
---------------------------------
| rollout/           |          |
|    ep_len_mean     | 100      |
|    ep_rew_mean     | -100     |
|    success_rate    | 0        |
| time/              |          |
|    episodes        | 7400     |
|    fps             | 303      |
|    time_elapsed    | 2447     |
|    total_timesteps | 741600   |
---------------------------------
---------------------------------
| rollout/           |          |
|    ep_len_mean     | 100      |
|    ep_rew_mean     | -100     |
|    success_rate    | 0        |
| time/              |          |
|    episodes        | 7404     |
|    fps             | 303      |
|    time_elapsed    | 2447     |
|    total_timesteps | 741600   |
---------------------------------
---------------------------------
| rollout/           |          |
|    ep_len_mean     | 100      |
|    ep_rew_mean     | -100     |
|    success_rate    | 0        |
| time/              |          |
|    episodes        | 7408     |
|    fps             | 303      |
|    time_elapsed    | 2447     |
|    total_timesteps | 741600   |
---------------------------------
---------------------------------
| rollout/           |          |
|    ep_len_mean     | 100      |
|    ep_rew_mean     | -100     |
|    success_rate    | 0        |
| time/              |          |
|    episodes        | 7412     |
|    fps             | 303      |
|    time_elapsed    | 2447     |
|    total_timesteps | 741600   |
---------------------------------
---------------------------------
| rollout/           |          |
|    ep_len_mean     | 100      |
|    ep_rew_mean     | -100     |
|    success_rate    | 0        |
| time/              |          |
|    episodes        | 7416     |
|    fps             | 303      |
|    time_elapsed    | 2447     |
|    total_timesteps | 741600   |
---------------------------------
---------------------------------
| rollout/           |          |
|    ep_len_mean     | 100      |
|    ep_rew_mean     | -100     |
|    success_rate    | 0        |
| time/              |          |
|    episodes        | 7420     |
|    fps             | 303      |
|    time_elapsed    | 2455     |
|    total_timesteps | 745200   |
| train/             |          |
|    actor_loss      | 1.24     |
|    critic_loss     | 0.00458  |
|    ent_coef        | 0.000347 |
|    ent_coef_loss   | -5.4     |
|    learning_rate   | 0.001    |
|    n_updates       | 20422    |
---------------------------------
---------------------------------
| rollout/           |          |
|    ep_len_mean     | 100      |
|    ep_rew_mean     | -100     |
|    success_rate    | 0        |
| time/              |          |
|    episodes        | 7424     |
|    fps             | 303      |
|    time_elapsed    | 2455     |
|    total_timesteps | 745200   |
---------------------------------
---------------------------------
| rollout/           |          |
|    ep_len_mean     | 100      |
|    ep_rew_mean     | -100     |
|    success_rate    | 0        |
| time/              |          |
|    episodes        | 7428     |
|    fps             | 303      |
|    time_elapsed    | 2455     |
|    total_timesteps | 745200   |
---------------------------------
---------------------------------
| rollout/           |          |
|    ep_len_mean     | 100      |
|    ep_rew_mean     | -100     |
|    success_rate    | 0        |
| time/              |          |
|    episodes        | 7432     |
|    fps             | 303      |
|    time_elapsed    | 2455     |
|    total_timesteps | 745200   |
---------------------------------
---------------------------------
| rollout/           |          |
|    ep_len_mean     | 100      |
|    ep_rew_mean     | -100     |
|    success_rate    | 0        |
| time/              |          |
|    episodes        | 7436     |
|    fps             | 303      |
|    time_elapsed    | 2455     |
|    total_timesteps | 745200   |
---------------------------------
---------------------------------
| rollout/           |          |
|    ep_len_mean     | 100      |
|    ep_rew_mean     | -100     |
|    success_rate    | 0        |
| time/              |          |
|    episodes        | 7440     |
|    fps             | 303      |
|    time_elapsed    | 2455     |
|    total_timesteps | 745200   |
---------------------------------
---------------------------------
| rollout/           |          |
|    ep_len_mean     | 100      |
|    ep_rew_mean     | -100     |
|    success_rate    | 0        |
| time/              |          |
|    episodes        | 7444     |
|    fps             | 303      |
|    time_elapsed    | 2455     |
|    total_timesteps | 745200   |
---------------------------------
---------------------------------
| rollout/           |          |
|    ep_len_mean     | 100      |
|    ep_rew_mean     | -100     |
|    success_rate    | 0        |
| time/              |          |
|    episodes        | 7448     |
|    fps             | 303      |
|    time_elapsed    | 2455     |
|    total_timesteps | 745200   |
---------------------------------
---------------------------------
| rollout/           |          |
|    ep_len_mean     | 100      |
|    ep_rew_mean     | -100     |
|    success_rate    | 0        |
| time/              |          |
|    episodes        | 7452     |
|    fps             | 303      |
|    time_elapsed    | 2455     |
|    total_timesteps | 745200   |
---------------------------------
---------------------------------
| rollout/           |          |
|    ep_len_mean     | 100      |
|    ep_rew_mean     | -100     |
|    success_rate    | 0        |
| time/              |          |
|    episodes        | 7456     |
|    fps             | 304      |
|    time_elapsed    | 2462     |
|    total_timesteps | 748800   |
| train/             |          |
|    actor_loss      | 1.32     |
|    critic_loss     | 0.00447  |
|    ent_coef        | 0.000347 |
|    ent_coef_loss   | 10.5     |
|    learning_rate   | 0.001    |
|    n_updates       | 20522    |
---------------------------------
---------------------------------
| rollout/           |          |
|    ep_len_mean     | 100      |
|    ep_rew_mean     | -100     |
|    success_rate    | 0        |
| time/              |          |
|    episodes        | 7460     |
|    fps             | 304      |
|    time_elapsed    | 2462     |
|    total_timesteps | 748800   |
---------------------------------
---------------------------------
| rollout/           |          |
|    ep_len_mean     | 100      |
|    ep_rew_mean     | -100     |
|    success_rate    | 0        |
| time/              |          |
|    episodes        | 7464     |
|    fps             | 304      |
|    time_elapsed    | 2462     |
|    total_timesteps | 748800   |
---------------------------------
---------------------------------
| rollout/           |          |
|    ep_len_mean     | 100      |
|    ep_rew_mean     | -100     |
|    success_rate    | 0        |
| time/              |          |
|    episodes        | 7468     |
|    fps             | 304      |
|    time_elapsed    | 2462     |
|    total_timesteps | 748800   |
---------------------------------
---------------------------------
| rollout/           |          |
|    ep_len_mean     | 100      |
|    ep_rew_mean     | -100     |
|    success_rate    | 0        |
| time/              |          |
|    episodes        | 7472     |
|    fps             | 304      |
|    time_elapsed    | 2462     |
|    total_timesteps | 748800   |
---------------------------------
---------------------------------
| rollout/           |          |
|    ep_len_mean     | 100      |
|    ep_rew_mean     | -100     |
|    success_rate    | 0        |
| time/              |          |
|    episodes        | 7476     |
|    fps             | 304      |
|    time_elapsed    | 2462     |
|    total_timesteps | 748800   |
---------------------------------
---------------------------------
| rollout/           |          |
|    ep_len_mean     | 100      |
|    ep_rew_mean     | -100     |
|    success_rate    | 0        |
| time/              |          |
|    episodes        | 7480     |
|    fps             | 304      |
|    time_elapsed    | 2462     |
|    total_timesteps | 748800   |
---------------------------------
---------------------------------
| rollout/           |          |
|    ep_len_mean     | 100      |
|    ep_rew_mean     | -100     |
|    success_rate    | 0        |
| time/              |          |
|    episodes        | 7484     |
|    fps             | 304      |
|    time_elapsed    | 2462     |
|    total_timesteps | 748800   |
---------------------------------
---------------------------------
| rollout/           |          |
|    ep_len_mean     | 100      |
|    ep_rew_mean     | -100     |
|    success_rate    | 0        |
| time/              |          |
|    episodes        | 7488     |
|    fps             | 304      |
|    time_elapsed    | 2462     |
|    total_timesteps | 748800   |
---------------------------------
---------------------------------
| rollout/           |          |
|    ep_len_mean     | 100      |
|    ep_rew_mean     | -100     |
|    success_rate    | 0        |
| time/              |          |
|    episodes        | 7492     |
|    fps             | 304      |
|    time_elapsed    | 2470     |
|    total_timesteps | 752400   |
| train/             |          |
|    actor_loss      | 1.3      |
|    critic_loss     | 0.00425  |
|    ent_coef        | 0.000365 |
|    ent_coef_loss   | -5.2     |
|    learning_rate   | 0.001    |
|    n_updates       | 20622    |
---------------------------------
---------------------------------
| rollout/           |          |
|    ep_len_mean     | 100      |
|    ep_rew_mean     | -100     |
|    success_rate    | 0        |
| time/              |          |
|    episodes        | 7496     |
|    fps             | 304      |
|    time_elapsed    | 2470     |
|    total_timesteps | 752400   |
---------------------------------
---------------------------------
| rollout/           |          |
|    ep_len_mean     | 100      |
|    ep_rew_mean     | -100     |
|    success_rate    | 0        |
| time/              |          |
|    episodes        | 7500     |
|    fps             | 304      |
|    time_elapsed    | 2470     |
|    total_timesteps | 752400   |
---------------------------------
---------------------------------
| rollout/           |          |
|    ep_len_mean     | 100      |
|    ep_rew_mean     | -100     |
|    success_rate    | 0        |
| time/              |          |
|    episodes        | 7504     |
|    fps             | 304      |
|    time_elapsed    | 2470     |
|    total_timesteps | 752400   |
---------------------------------
---------------------------------
| rollout/           |          |
|    ep_len_mean     | 100      |
|    ep_rew_mean     | -100     |
|    success_rate    | 0        |
| time/              |          |
|    episodes        | 7508     |
|    fps             | 304      |
|    time_elapsed    | 2470     |
|    total_timesteps | 752400   |
---------------------------------
---------------------------------
| rollout/           |          |
|    ep_len_mean     | 100      |
|    ep_rew_mean     | -100     |
|    success_rate    | 0        |
| time/              |          |
|    episodes        | 7512     |
|    fps             | 304      |
|    time_elapsed    | 2470     |
|    total_timesteps | 752400   |
---------------------------------
---------------------------------
| rollout/           |          |
|    ep_len_mean     | 100      |
|    ep_rew_mean     | -100     |
|    success_rate    | 0        |
| time/              |          |
|    episodes        | 7516     |
|    fps             | 304      |
|    time_elapsed    | 2470     |
|    total_timesteps | 752400   |
---------------------------------
---------------------------------
| rollout/           |          |
|    ep_len_mean     | 100      |
|    ep_rew_mean     | -100     |
|    success_rate    | 0        |
| time/              |          |
|    episodes        | 7520     |
|    fps             | 304      |
|    time_elapsed    | 2470     |
|    total_timesteps | 752400   |
---------------------------------
---------------------------------
| rollout/           |          |
|    ep_len_mean     | 100      |
|    ep_rew_mean     | -100     |
|    success_rate    | 0        |
| time/              |          |
|    episodes        | 7524     |
|    fps             | 304      |
|    time_elapsed    | 2470     |
|    total_timesteps | 752400   |
---------------------------------
---------------------------------
| rollout/           |          |
|    ep_len_mean     | 100      |
|    ep_rew_mean     | -100     |
|    success_rate    | 0        |
| time/              |          |
|    episodes        | 7528     |
|    fps             | 304      |
|    time_elapsed    | 2478     |
|    total_timesteps | 756000   |
| train/             |          |
|    actor_loss      | 1.27     |
|    critic_loss     | 0.0046   |
|    ent_coef        | 0.000356 |
|    ent_coef_loss   | 3.3      |
|    learning_rate   | 0.001    |
|    n_updates       | 20722    |
---------------------------------
---------------------------------
| rollout/           |          |
|    ep_len_mean     | 100      |
|    ep_rew_mean     | -100     |
|    success_rate    | 0        |
| time/              |          |
|    episodes        | 7532     |
|    fps             | 304      |
|    time_elapsed    | 2478     |
|    total_timesteps | 756000   |
---------------------------------
---------------------------------
| rollout/           |          |
|    ep_len_mean     | 100      |
|    ep_rew_mean     | -100     |
|    success_rate    | 0        |
| time/              |          |
|    episodes        | 7536     |
|    fps             | 304      |
|    time_elapsed    | 2478     |
|    total_timesteps | 756000   |
---------------------------------
---------------------------------
| rollout/           |          |
|    ep_len_mean     | 100      |
|    ep_rew_mean     | -100     |
|    success_rate    | 0        |
| time/              |          |
|    episodes        | 7540     |
|    fps             | 304      |
|    time_elapsed    | 2478     |
|    total_timesteps | 756000   |
---------------------------------
---------------------------------
| rollout/           |          |
|    ep_len_mean     | 100      |
|    ep_rew_mean     | -100     |
|    success_rate    | 0        |
| time/              |          |
|    episodes        | 7544     |
|    fps             | 304      |
|    time_elapsed    | 2478     |
|    total_timesteps | 756000   |
---------------------------------
---------------------------------
| rollout/           |          |
|    ep_len_mean     | 100      |
|    ep_rew_mean     | -100     |
|    success_rate    | 0        |
| time/              |          |
|    episodes        | 7548     |
|    fps             | 304      |
|    time_elapsed    | 2478     |
|    total_timesteps | 756000   |
---------------------------------
---------------------------------
| rollout/           |          |
|    ep_len_mean     | 100      |
|    ep_rew_mean     | -100     |
|    success_rate    | 0        |
| time/              |          |
|    episodes        | 7552     |
|    fps             | 304      |
|    time_elapsed    | 2478     |
|    total_timesteps | 756000   |
---------------------------------
---------------------------------
| rollout/           |          |
|    ep_len_mean     | 100      |
|    ep_rew_mean     | -100     |
|    success_rate    | 0        |
| time/              |          |
|    episodes        | 7556     |
|    fps             | 304      |
|    time_elapsed    | 2478     |
|    total_timesteps | 756000   |
---------------------------------
---------------------------------
| rollout/           |          |
|    ep_len_mean     | 100      |
|    ep_rew_mean     | -100     |
|    success_rate    | 0        |
| time/              |          |
|    episodes        | 7560     |
|    fps             | 304      |
|    time_elapsed    | 2478     |
|    total_timesteps | 756000   |
---------------------------------
---------------------------------
| rollout/           |          |
|    ep_len_mean     | 100      |
|    ep_rew_mean     | -100     |
|    success_rate    | 0        |
| time/              |          |
|    episodes        | 7564     |
|    fps             | 305      |
|    time_elapsed    | 2486     |
|    total_timesteps | 759600   |
| train/             |          |
|    actor_loss      | 1.32     |
|    critic_loss     | 0.00444  |
|    ent_coef        | 0.000347 |
|    ent_coef_loss   | -16.9    |
|    learning_rate   | 0.001    |
|    n_updates       | 20822    |
---------------------------------
---------------------------------
| rollout/           |          |
|    ep_len_mean     | 100      |
|    ep_rew_mean     | -100     |
|    success_rate    | 0        |
| time/              |          |
|    episodes        | 7568     |
|    fps             | 305      |
|    time_elapsed    | 2486     |
|    total_timesteps | 759600   |
---------------------------------
---------------------------------
| rollout/           |          |
|    ep_len_mean     | 100      |
|    ep_rew_mean     | -100     |
|    success_rate    | 0        |
| time/              |          |
|    episodes        | 7572     |
|    fps             | 305      |
|    time_elapsed    | 2486     |
|    total_timesteps | 759600   |
---------------------------------
---------------------------------
| rollout/           |          |
|    ep_len_mean     | 100      |
|    ep_rew_mean     | -100     |
|    success_rate    | 0        |
| time/              |          |
|    episodes        | 7576     |
|    fps             | 305      |
|    time_elapsed    | 2486     |
|    total_timesteps | 759600   |
---------------------------------
---------------------------------
| rollout/           |          |
|    ep_len_mean     | 100      |
|    ep_rew_mean     | -100     |
|    success_rate    | 0        |
| time/              |          |
|    episodes        | 7580     |
|    fps             | 305      |
|    time_elapsed    | 2486     |
|    total_timesteps | 759600   |
---------------------------------
---------------------------------
| rollout/           |          |
|    ep_len_mean     | 100      |
|    ep_rew_mean     | -100     |
|    success_rate    | 0        |
| time/              |          |
|    episodes        | 7584     |
|    fps             | 305      |
|    time_elapsed    | 2486     |
|    total_timesteps | 759600   |
---------------------------------
---------------------------------
| rollout/           |          |
|    ep_len_mean     | 100      |
|    ep_rew_mean     | -100     |
|    success_rate    | 0        |
| time/              |          |
|    episodes        | 7588     |
|    fps             | 305      |
|    time_elapsed    | 2486     |
|    total_timesteps | 759600   |
---------------------------------
---------------------------------
| rollout/           |          |
|    ep_len_mean     | 100      |
|    ep_rew_mean     | -100     |
|    success_rate    | 0        |
| time/              |          |
|    episodes        | 7592     |
|    fps             | 305      |
|    time_elapsed    | 2486     |
|    total_timesteps | 759600   |
---------------------------------
---------------------------------
| rollout/           |          |
|    ep_len_mean     | 100      |
|    ep_rew_mean     | -100     |
|    success_rate    | 0        |
| time/              |          |
|    episodes        | 7596     |
|    fps             | 305      |
|    time_elapsed    | 2486     |
|    total_timesteps | 759600   |
---------------------------------

Running evaluation at 760608 timesteps...
Successfully copied normalization stats
Evaluation results: {'eval/mean_reward': np.float32(-100.0), 'eval/std_reward': np.float32(0.0), 'eval/success_rate': np.float64(0.0)}
---------------------------------
| rollout/           |          |
|    ep_len_mean     | 100      |
|    ep_rew_mean     | -100     |
|    success_rate    | 0        |
| time/              |          |
|    episodes        | 7600     |
|    fps             | 303      |
|    time_elapsed    | 2517     |
|    total_timesteps | 763200   |
| train/             |          |
|    actor_loss      | 1.22     |
|    critic_loss     | 0.00442  |
|    ent_coef        | 0.000357 |
|    ent_coef_loss   | -2.31    |
|    learning_rate   | 0.001    |
|    n_updates       | 20922    |
---------------------------------
---------------------------------
| rollout/           |          |
|    ep_len_mean     | 100      |
|    ep_rew_mean     | -100     |
|    success_rate    | 0        |
| time/              |          |
|    episodes        | 7604     |
|    fps             | 303      |
|    time_elapsed    | 2517     |
|    total_timesteps | 763200   |
---------------------------------
---------------------------------
| rollout/           |          |
|    ep_len_mean     | 100      |
|    ep_rew_mean     | -100     |
|    success_rate    | 0        |
| time/              |          |
|    episodes        | 7608     |
|    fps             | 303      |
|    time_elapsed    | 2517     |
|    total_timesteps | 763200   |
---------------------------------
---------------------------------
| rollout/           |          |
|    ep_len_mean     | 100      |
|    ep_rew_mean     | -100     |
|    success_rate    | 0        |
| time/              |          |
|    episodes        | 7612     |
|    fps             | 303      |
|    time_elapsed    | 2517     |
|    total_timesteps | 763200   |
---------------------------------
---------------------------------
| rollout/           |          |
|    ep_len_mean     | 100      |
|    ep_rew_mean     | -100     |
|    success_rate    | 0        |
| time/              |          |
|    episodes        | 7616     |
|    fps             | 303      |
|    time_elapsed    | 2517     |
|    total_timesteps | 763200   |
---------------------------------
---------------------------------
| rollout/           |          |
|    ep_len_mean     | 100      |
|    ep_rew_mean     | -100     |
|    success_rate    | 0        |
| time/              |          |
|    episodes        | 7620     |
|    fps             | 303      |
|    time_elapsed    | 2517     |
|    total_timesteps | 763200   |
---------------------------------
---------------------------------
| rollout/           |          |
|    ep_len_mean     | 100      |
|    ep_rew_mean     | -100     |
|    success_rate    | 0        |
| time/              |          |
|    episodes        | 7624     |
|    fps             | 303      |
|    time_elapsed    | 2517     |
|    total_timesteps | 763200   |
---------------------------------
---------------------------------
| rollout/           |          |
|    ep_len_mean     | 100      |
|    ep_rew_mean     | -100     |
|    success_rate    | 0        |
| time/              |          |
|    episodes        | 7628     |
|    fps             | 303      |
|    time_elapsed    | 2517     |
|    total_timesteps | 763200   |
---------------------------------
---------------------------------
| rollout/           |          |
|    ep_len_mean     | 100      |
|    ep_rew_mean     | -100     |
|    success_rate    | 0        |
| time/              |          |
|    episodes        | 7632     |
|    fps             | 303      |
|    time_elapsed    | 2517     |
|    total_timesteps | 763200   |
---------------------------------
---------------------------------
| rollout/           |          |
|    ep_len_mean     | 100      |
|    ep_rew_mean     | -100     |
|    success_rate    | 0        |
| time/              |          |
|    episodes        | 7636     |
|    fps             | 303      |
|    time_elapsed    | 2525     |
|    total_timesteps | 766800   |
| train/             |          |
|    actor_loss      | 1.29     |
|    critic_loss     | 0.00444  |
|    ent_coef        | 0.000356 |
|    ent_coef_loss   | 21.9     |
|    learning_rate   | 0.001    |
|    n_updates       | 21022    |
---------------------------------
---------------------------------
| rollout/           |          |
|    ep_len_mean     | 100      |
|    ep_rew_mean     | -100     |
|    success_rate    | 0        |
| time/              |          |
|    episodes        | 7640     |
|    fps             | 303      |
|    time_elapsed    | 2525     |
|    total_timesteps | 766800   |
---------------------------------
---------------------------------
| rollout/           |          |
|    ep_len_mean     | 100      |
|    ep_rew_mean     | -100     |
|    success_rate    | 0        |
| time/              |          |
|    episodes        | 7644     |
|    fps             | 303      |
|    time_elapsed    | 2525     |
|    total_timesteps | 766800   |
---------------------------------
---------------------------------
| rollout/           |          |
|    ep_len_mean     | 100      |
|    ep_rew_mean     | -100     |
|    success_rate    | 0        |
| time/              |          |
|    episodes        | 7648     |
|    fps             | 303      |
|    time_elapsed    | 2525     |
|    total_timesteps | 766800   |
---------------------------------
---------------------------------
| rollout/           |          |
|    ep_len_mean     | 100      |
|    ep_rew_mean     | -100     |
|    success_rate    | 0        |
| time/              |          |
|    episodes        | 7652     |
|    fps             | 303      |
|    time_elapsed    | 2525     |
|    total_timesteps | 766800   |
---------------------------------
---------------------------------
| rollout/           |          |
|    ep_len_mean     | 100      |
|    ep_rew_mean     | -100     |
|    success_rate    | 0        |
| time/              |          |
|    episodes        | 7656     |
|    fps             | 303      |
|    time_elapsed    | 2525     |
|    total_timesteps | 766800   |
---------------------------------
---------------------------------
| rollout/           |          |
|    ep_len_mean     | 100      |
|    ep_rew_mean     | -100     |
|    success_rate    | 0        |
| time/              |          |
|    episodes        | 7660     |
|    fps             | 303      |
|    time_elapsed    | 2525     |
|    total_timesteps | 766800   |
---------------------------------
---------------------------------
| rollout/           |          |
|    ep_len_mean     | 100      |
|    ep_rew_mean     | -100     |
|    success_rate    | 0        |
| time/              |          |
|    episodes        | 7664     |
|    fps             | 303      |
|    time_elapsed    | 2525     |
|    total_timesteps | 766800   |
---------------------------------
---------------------------------
| rollout/           |          |
|    ep_len_mean     | 100      |
|    ep_rew_mean     | -100     |
|    success_rate    | 0        |
| time/              |          |
|    episodes        | 7668     |
|    fps             | 303      |
|    time_elapsed    | 2525     |
|    total_timesteps | 766800   |
---------------------------------
---------------------------------
| rollout/           |          |
|    ep_len_mean     | 100      |
|    ep_rew_mean     | -100     |
|    success_rate    | 0        |
| time/              |          |
|    episodes        | 7672     |
|    fps             | 304      |
|    time_elapsed    | 2532     |
|    total_timesteps | 770400   |
| train/             |          |
|    actor_loss      | 1.28     |
|    critic_loss     | 0.00442  |
|    ent_coef        | 0.000359 |
|    ent_coef_loss   | -15.3    |
|    learning_rate   | 0.001    |
|    n_updates       | 21122    |
---------------------------------
---------------------------------
| rollout/           |          |
|    ep_len_mean     | 100      |
|    ep_rew_mean     | -100     |
|    success_rate    | 0        |
| time/              |          |
|    episodes        | 7676     |
|    fps             | 304      |
|    time_elapsed    | 2532     |
|    total_timesteps | 770400   |
---------------------------------
---------------------------------
| rollout/           |          |
|    ep_len_mean     | 100      |
|    ep_rew_mean     | -100     |
|    success_rate    | 0        |
| time/              |          |
|    episodes        | 7680     |
|    fps             | 304      |
|    time_elapsed    | 2533     |
|    total_timesteps | 770400   |
---------------------------------
---------------------------------
| rollout/           |          |
|    ep_len_mean     | 100      |
|    ep_rew_mean     | -100     |
|    success_rate    | 0        |
| time/              |          |
|    episodes        | 7684     |
|    fps             | 304      |
|    time_elapsed    | 2533     |
|    total_timesteps | 770400   |
---------------------------------
---------------------------------
| rollout/           |          |
|    ep_len_mean     | 100      |
|    ep_rew_mean     | -100     |
|    success_rate    | 0        |
| time/              |          |
|    episodes        | 7688     |
|    fps             | 304      |
|    time_elapsed    | 2533     |
|    total_timesteps | 770400   |
---------------------------------
---------------------------------
| rollout/           |          |
|    ep_len_mean     | 100      |
|    ep_rew_mean     | -100     |
|    success_rate    | 0        |
| time/              |          |
|    episodes        | 7692     |
|    fps             | 304      |
|    time_elapsed    | 2533     |
|    total_timesteps | 770400   |
---------------------------------
---------------------------------
| rollout/           |          |
|    ep_len_mean     | 100      |
|    ep_rew_mean     | -100     |
|    success_rate    | 0        |
| time/              |          |
|    episodes        | 7696     |
|    fps             | 304      |
|    time_elapsed    | 2533     |
|    total_timesteps | 770400   |
---------------------------------
---------------------------------
| rollout/           |          |
|    ep_len_mean     | 100      |
|    ep_rew_mean     | -100     |
|    success_rate    | 0        |
| time/              |          |
|    episodes        | 7700     |
|    fps             | 304      |
|    time_elapsed    | 2533     |
|    total_timesteps | 770400   |
---------------------------------
---------------------------------
| rollout/           |          |
|    ep_len_mean     | 100      |
|    ep_rew_mean     | -100     |
|    success_rate    | 0        |
| time/              |          |
|    episodes        | 7704     |
|    fps             | 304      |
|    time_elapsed    | 2533     |
|    total_timesteps | 770400   |
---------------------------------
---------------------------------
| rollout/           |          |
|    ep_len_mean     | 100      |
|    ep_rew_mean     | -100     |
|    success_rate    | 0        |
| time/              |          |
|    episodes        | 7708     |
|    fps             | 304      |
|    time_elapsed    | 2540     |
|    total_timesteps | 774000   |
| train/             |          |
|    actor_loss      | 1.29     |
|    critic_loss     | 0.00434  |
|    ent_coef        | 0.000356 |
|    ent_coef_loss   | 16       |
|    learning_rate   | 0.001    |
|    n_updates       | 21222    |
---------------------------------
---------------------------------
| rollout/           |          |
|    ep_len_mean     | 100      |
|    ep_rew_mean     | -100     |
|    success_rate    | 0        |
| time/              |          |
|    episodes        | 7712     |
|    fps             | 304      |
|    time_elapsed    | 2540     |
|    total_timesteps | 774000   |
---------------------------------
---------------------------------
| rollout/           |          |
|    ep_len_mean     | 100      |
|    ep_rew_mean     | -100     |
|    success_rate    | 0        |
| time/              |          |
|    episodes        | 7716     |
|    fps             | 304      |
|    time_elapsed    | 2540     |
|    total_timesteps | 774000   |
---------------------------------
---------------------------------
| rollout/           |          |
|    ep_len_mean     | 100      |
|    ep_rew_mean     | -100     |
|    success_rate    | 0        |
| time/              |          |
|    episodes        | 7720     |
|    fps             | 304      |
|    time_elapsed    | 2540     |
|    total_timesteps | 774000   |
---------------------------------
---------------------------------
| rollout/           |          |
|    ep_len_mean     | 100      |
|    ep_rew_mean     | -100     |
|    success_rate    | 0        |
| time/              |          |
|    episodes        | 7724     |
|    fps             | 304      |
|    time_elapsed    | 2540     |
|    total_timesteps | 774000   |
---------------------------------
---------------------------------
| rollout/           |          |
|    ep_len_mean     | 100      |
|    ep_rew_mean     | -100     |
|    success_rate    | 0        |
| time/              |          |
|    episodes        | 7728     |
|    fps             | 304      |
|    time_elapsed    | 2540     |
|    total_timesteps | 774000   |
---------------------------------
---------------------------------
| rollout/           |          |
|    ep_len_mean     | 100      |
|    ep_rew_mean     | -100     |
|    success_rate    | 0        |
| time/              |          |
|    episodes        | 7732     |
|    fps             | 304      |
|    time_elapsed    | 2540     |
|    total_timesteps | 774000   |
---------------------------------
---------------------------------
| rollout/           |          |
|    ep_len_mean     | 100      |
|    ep_rew_mean     | -100     |
|    success_rate    | 0        |
| time/              |          |
|    episodes        | 7736     |
|    fps             | 304      |
|    time_elapsed    | 2540     |
|    total_timesteps | 774000   |
---------------------------------
---------------------------------
| rollout/           |          |
|    ep_len_mean     | 100      |
|    ep_rew_mean     | -100     |
|    success_rate    | 0        |
| time/              |          |
|    episodes        | 7740     |
|    fps             | 304      |
|    time_elapsed    | 2540     |
|    total_timesteps | 774000   |
---------------------------------
---------------------------------
| rollout/           |          |
|    ep_len_mean     | 100      |
|    ep_rew_mean     | -100     |
|    success_rate    | 0        |
| time/              |          |
|    episodes        | 7744     |
|    fps             | 305      |
|    time_elapsed    | 2548     |
|    total_timesteps | 777600   |
| train/             |          |
|    actor_loss      | 1.29     |
|    critic_loss     | 0.00418  |
|    ent_coef        | 0.000355 |
|    ent_coef_loss   | 1.99     |
|    learning_rate   | 0.001    |
|    n_updates       | 21322    |
---------------------------------
---------------------------------
| rollout/           |          |
|    ep_len_mean     | 100      |
|    ep_rew_mean     | -100     |
|    success_rate    | 0        |
| time/              |          |
|    episodes        | 7748     |
|    fps             | 305      |
|    time_elapsed    | 2548     |
|    total_timesteps | 777600   |
---------------------------------
---------------------------------
| rollout/           |          |
|    ep_len_mean     | 100      |
|    ep_rew_mean     | -100     |
|    success_rate    | 0        |
| time/              |          |
|    episodes        | 7752     |
|    fps             | 305      |
|    time_elapsed    | 2548     |
|    total_timesteps | 777600   |
---------------------------------
---------------------------------
| rollout/           |          |
|    ep_len_mean     | 100      |
|    ep_rew_mean     | -100     |
|    success_rate    | 0        |
| time/              |          |
|    episodes        | 7756     |
|    fps             | 305      |
|    time_elapsed    | 2548     |
|    total_timesteps | 777600   |
---------------------------------
---------------------------------
| rollout/           |          |
|    ep_len_mean     | 100      |
|    ep_rew_mean     | -100     |
|    success_rate    | 0        |
| time/              |          |
|    episodes        | 7760     |
|    fps             | 305      |
|    time_elapsed    | 2548     |
|    total_timesteps | 777600   |
---------------------------------
---------------------------------
| rollout/           |          |
|    ep_len_mean     | 100      |
|    ep_rew_mean     | -100     |
|    success_rate    | 0        |
| time/              |          |
|    episodes        | 7764     |
|    fps             | 305      |
|    time_elapsed    | 2548     |
|    total_timesteps | 777600   |
---------------------------------
---------------------------------
| rollout/           |          |
|    ep_len_mean     | 100      |
|    ep_rew_mean     | -100     |
|    success_rate    | 0        |
| time/              |          |
|    episodes        | 7768     |
|    fps             | 305      |
|    time_elapsed    | 2548     |
|    total_timesteps | 777600   |
---------------------------------
---------------------------------
| rollout/           |          |
|    ep_len_mean     | 100      |
|    ep_rew_mean     | -100     |
|    success_rate    | 0        |
| time/              |          |
|    episodes        | 7772     |
|    fps             | 305      |
|    time_elapsed    | 2548     |
|    total_timesteps | 777600   |
---------------------------------
---------------------------------
| rollout/           |          |
|    ep_len_mean     | 100      |
|    ep_rew_mean     | -100     |
|    success_rate    | 0        |
| time/              |          |
|    episodes        | 7776     |
|    fps             | 305      |
|    time_elapsed    | 2548     |
|    total_timesteps | 777600   |
---------------------------------

Running evaluation at 780624 timesteps...
Successfully copied normalization stats
Evaluation results: {'eval/mean_reward': np.float32(-100.0), 'eval/std_reward': np.float32(0.0), 'eval/success_rate': np.float64(0.0)}
---------------------------------
| rollout/           |          |
|    ep_len_mean     | 100      |
|    ep_rew_mean     | -100     |
|    success_rate    | 0        |
| time/              |          |
|    episodes        | 7780     |
|    fps             | 303      |
|    time_elapsed    | 2578     |
|    total_timesteps | 781200   |
| train/             |          |
|    actor_loss      | 1.31     |
|    critic_loss     | 0.0041   |
|    ent_coef        | 0.000342 |
|    ent_coef_loss   | -13.7    |
|    learning_rate   | 0.001    |
|    n_updates       | 21422    |
---------------------------------
---------------------------------
| rollout/           |          |
|    ep_len_mean     | 100      |
|    ep_rew_mean     | -100     |
|    success_rate    | 0        |
| time/              |          |
|    episodes        | 7784     |
|    fps             | 303      |
|    time_elapsed    | 2578     |
|    total_timesteps | 781200   |
---------------------------------
---------------------------------
| rollout/           |          |
|    ep_len_mean     | 100      |
|    ep_rew_mean     | -100     |
|    success_rate    | 0        |
| time/              |          |
|    episodes        | 7788     |
|    fps             | 303      |
|    time_elapsed    | 2578     |
|    total_timesteps | 781200   |
---------------------------------
---------------------------------
| rollout/           |          |
|    ep_len_mean     | 100      |
|    ep_rew_mean     | -100     |
|    success_rate    | 0        |
| time/              |          |
|    episodes        | 7792     |
|    fps             | 303      |
|    time_elapsed    | 2578     |
|    total_timesteps | 781200   |
---------------------------------
---------------------------------
| rollout/           |          |
|    ep_len_mean     | 100      |
|    ep_rew_mean     | -100     |
|    success_rate    | 0        |
| time/              |          |
|    episodes        | 7796     |
|    fps             | 303      |
|    time_elapsed    | 2578     |
|    total_timesteps | 781200   |
---------------------------------
---------------------------------
| rollout/           |          |
|    ep_len_mean     | 100      |
|    ep_rew_mean     | -100     |
|    success_rate    | 0        |
| time/              |          |
|    episodes        | 7800     |
|    fps             | 303      |
|    time_elapsed    | 2578     |
|    total_timesteps | 781200   |
---------------------------------
---------------------------------
| rollout/           |          |
|    ep_len_mean     | 100      |
|    ep_rew_mean     | -100     |
|    success_rate    | 0        |
| time/              |          |
|    episodes        | 7804     |
|    fps             | 303      |
|    time_elapsed    | 2578     |
|    total_timesteps | 781200   |
---------------------------------
---------------------------------
| rollout/           |          |
|    ep_len_mean     | 100      |
|    ep_rew_mean     | -100     |
|    success_rate    | 0        |
| time/              |          |
|    episodes        | 7808     |
|    fps             | 303      |
|    time_elapsed    | 2578     |
|    total_timesteps | 781200   |
---------------------------------
---------------------------------
| rollout/           |          |
|    ep_len_mean     | 100      |
|    ep_rew_mean     | -100     |
|    success_rate    | 0        |
| time/              |          |
|    episodes        | 7812     |
|    fps             | 303      |
|    time_elapsed    | 2578     |
|    total_timesteps | 781200   |
---------------------------------
---------------------------------
| rollout/           |          |
|    ep_len_mean     | 100      |
|    ep_rew_mean     | -100     |
|    success_rate    | 0        |
| time/              |          |
|    episodes        | 7816     |
|    fps             | 303      |
|    time_elapsed    | 2585     |
|    total_timesteps | 784800   |
| train/             |          |
|    actor_loss      | 1.28     |
|    critic_loss     | 0.00431  |
|    ent_coef        | 0.000343 |
|    ent_coef_loss   | -0.647   |
|    learning_rate   | 0.001    |
|    n_updates       | 21522    |
---------------------------------
---------------------------------
| rollout/           |          |
|    ep_len_mean     | 100      |
|    ep_rew_mean     | -100     |
|    success_rate    | 0        |
| time/              |          |
|    episodes        | 7820     |
|    fps             | 303      |
|    time_elapsed    | 2585     |
|    total_timesteps | 784800   |
---------------------------------
---------------------------------
| rollout/           |          |
|    ep_len_mean     | 100      |
|    ep_rew_mean     | -100     |
|    success_rate    | 0        |
| time/              |          |
|    episodes        | 7824     |
|    fps             | 303      |
|    time_elapsed    | 2585     |
|    total_timesteps | 784800   |
---------------------------------
---------------------------------
| rollout/           |          |
|    ep_len_mean     | 100      |
|    ep_rew_mean     | -100     |
|    success_rate    | 0        |
| time/              |          |
|    episodes        | 7828     |
|    fps             | 303      |
|    time_elapsed    | 2586     |
|    total_timesteps | 784800   |
---------------------------------
---------------------------------
| rollout/           |          |
|    ep_len_mean     | 100      |
|    ep_rew_mean     | -100     |
|    success_rate    | 0        |
| time/              |          |
|    episodes        | 7832     |
|    fps             | 303      |
|    time_elapsed    | 2586     |
|    total_timesteps | 784800   |
---------------------------------
---------------------------------
| rollout/           |          |
|    ep_len_mean     | 100      |
|    ep_rew_mean     | -100     |
|    success_rate    | 0        |
| time/              |          |
|    episodes        | 7836     |
|    fps             | 303      |
|    time_elapsed    | 2586     |
|    total_timesteps | 784800   |
---------------------------------
---------------------------------
| rollout/           |          |
|    ep_len_mean     | 100      |
|    ep_rew_mean     | -100     |
|    success_rate    | 0        |
| time/              |          |
|    episodes        | 7840     |
|    fps             | 303      |
|    time_elapsed    | 2586     |
|    total_timesteps | 784800   |
---------------------------------
---------------------------------
| rollout/           |          |
|    ep_len_mean     | 100      |
|    ep_rew_mean     | -100     |
|    success_rate    | 0        |
| time/              |          |
|    episodes        | 7844     |
|    fps             | 303      |
|    time_elapsed    | 2586     |
|    total_timesteps | 784800   |
---------------------------------
---------------------------------
| rollout/           |          |
|    ep_len_mean     | 100      |
|    ep_rew_mean     | -100     |
|    success_rate    | 0        |
| time/              |          |
|    episodes        | 7848     |
|    fps             | 303      |
|    time_elapsed    | 2586     |
|    total_timesteps | 784800   |
---------------------------------
---------------------------------
| rollout/           |          |
|    ep_len_mean     | 100      |
|    ep_rew_mean     | -100     |
|    success_rate    | 0        |
| time/              |          |
|    episodes        | 7852     |
|    fps             | 303      |
|    time_elapsed    | 2593     |
|    total_timesteps | 788400   |
| train/             |          |
|    actor_loss      | 1.28     |
|    critic_loss     | 0.00441  |
|    ent_coef        | 0.000335 |
|    ent_coef_loss   | 13.3     |
|    learning_rate   | 0.001    |
|    n_updates       | 21622    |
---------------------------------
---------------------------------
| rollout/           |          |
|    ep_len_mean     | 100      |
|    ep_rew_mean     | -100     |
|    success_rate    | 0        |
| time/              |          |
|    episodes        | 7856     |
|    fps             | 303      |
|    time_elapsed    | 2593     |
|    total_timesteps | 788400   |
---------------------------------
---------------------------------
| rollout/           |          |
|    ep_len_mean     | 100      |
|    ep_rew_mean     | -100     |
|    success_rate    | 0        |
| time/              |          |
|    episodes        | 7860     |
|    fps             | 303      |
|    time_elapsed    | 2593     |
|    total_timesteps | 788400   |
---------------------------------
---------------------------------
| rollout/           |          |
|    ep_len_mean     | 100      |
|    ep_rew_mean     | -100     |
|    success_rate    | 0        |
| time/              |          |
|    episodes        | 7864     |
|    fps             | 303      |
|    time_elapsed    | 2593     |
|    total_timesteps | 788400   |
---------------------------------
---------------------------------
| rollout/           |          |
|    ep_len_mean     | 100      |
|    ep_rew_mean     | -100     |
|    success_rate    | 0        |
| time/              |          |
|    episodes        | 7868     |
|    fps             | 303      |
|    time_elapsed    | 2593     |
|    total_timesteps | 788400   |
---------------------------------
---------------------------------
| rollout/           |          |
|    ep_len_mean     | 100      |
|    ep_rew_mean     | -100     |
|    success_rate    | 0        |
| time/              |          |
|    episodes        | 7872     |
|    fps             | 303      |
|    time_elapsed    | 2593     |
|    total_timesteps | 788400   |
---------------------------------
---------------------------------
| rollout/           |          |
|    ep_len_mean     | 100      |
|    ep_rew_mean     | -100     |
|    success_rate    | 0        |
| time/              |          |
|    episodes        | 7876     |
|    fps             | 303      |
|    time_elapsed    | 2593     |
|    total_timesteps | 788400   |
---------------------------------
---------------------------------
| rollout/           |          |
|    ep_len_mean     | 100      |
|    ep_rew_mean     | -100     |
|    success_rate    | 0        |
| time/              |          |
|    episodes        | 7880     |
|    fps             | 303      |
|    time_elapsed    | 2593     |
|    total_timesteps | 788400   |
---------------------------------
---------------------------------
| rollout/           |          |
|    ep_len_mean     | 100      |
|    ep_rew_mean     | -100     |
|    success_rate    | 0        |
| time/              |          |
|    episodes        | 7884     |
|    fps             | 303      |
|    time_elapsed    | 2593     |
|    total_timesteps | 788400   |
---------------------------------
---------------------------------
| rollout/           |          |
|    ep_len_mean     | 100      |
|    ep_rew_mean     | -100     |
|    success_rate    | 0        |
| time/              |          |
|    episodes        | 7888     |
|    fps             | 304      |
|    time_elapsed    | 2601     |
|    total_timesteps | 792000   |
| train/             |          |
|    actor_loss      | 1.31     |
|    critic_loss     | 0.00444  |
|    ent_coef        | 0.000354 |
|    ent_coef_loss   | -8.02    |
|    learning_rate   | 0.001    |
|    n_updates       | 21722    |
---------------------------------
---------------------------------
| rollout/           |          |
|    ep_len_mean     | 100      |
|    ep_rew_mean     | -100     |
|    success_rate    | 0        |
| time/              |          |
|    episodes        | 7892     |
|    fps             | 304      |
|    time_elapsed    | 2601     |
|    total_timesteps | 792000   |
---------------------------------
---------------------------------
| rollout/           |          |
|    ep_len_mean     | 100      |
|    ep_rew_mean     | -100     |
|    success_rate    | 0        |
| time/              |          |
|    episodes        | 7896     |
|    fps             | 304      |
|    time_elapsed    | 2601     |
|    total_timesteps | 792000   |
---------------------------------
---------------------------------
| rollout/           |          |
|    ep_len_mean     | 100      |
|    ep_rew_mean     | -100     |
|    success_rate    | 0        |
| time/              |          |
|    episodes        | 7900     |
|    fps             | 304      |
|    time_elapsed    | 2601     |
|    total_timesteps | 792000   |
---------------------------------
---------------------------------
| rollout/           |          |
|    ep_len_mean     | 100      |
|    ep_rew_mean     | -100     |
|    success_rate    | 0        |
| time/              |          |
|    episodes        | 7904     |
|    fps             | 304      |
|    time_elapsed    | 2601     |
|    total_timesteps | 792000   |
---------------------------------
---------------------------------
| rollout/           |          |
|    ep_len_mean     | 100      |
|    ep_rew_mean     | -100     |
|    success_rate    | 0        |
| time/              |          |
|    episodes        | 7908     |
|    fps             | 304      |
|    time_elapsed    | 2601     |
|    total_timesteps | 792000   |
---------------------------------
---------------------------------
| rollout/           |          |
|    ep_len_mean     | 100      |
|    ep_rew_mean     | -100     |
|    success_rate    | 0        |
| time/              |          |
|    episodes        | 7912     |
|    fps             | 304      |
|    time_elapsed    | 2601     |
|    total_timesteps | 792000   |
---------------------------------
---------------------------------
| rollout/           |          |
|    ep_len_mean     | 100      |
|    ep_rew_mean     | -100     |
|    success_rate    | 0        |
| time/              |          |
|    episodes        | 7916     |
|    fps             | 304      |
|    time_elapsed    | 2601     |
|    total_timesteps | 792000   |
---------------------------------
---------------------------------
| rollout/           |          |
|    ep_len_mean     | 100      |
|    ep_rew_mean     | -100     |
|    success_rate    | 0        |
| time/              |          |
|    episodes        | 7920     |
|    fps             | 304      |
|    time_elapsed    | 2601     |
|    total_timesteps | 792000   |
---------------------------------
---------------------------------
| rollout/           |          |
|    ep_len_mean     | 100      |
|    ep_rew_mean     | -100     |
|    success_rate    | 0        |
| time/              |          |
|    episodes        | 7924     |
|    fps             | 304      |
|    time_elapsed    | 2609     |
|    total_timesteps | 795600   |
| train/             |          |
|    actor_loss      | 1.35     |
|    critic_loss     | 0.0041   |
|    ent_coef        | 0.000347 |
|    ent_coef_loss   | 11.6     |
|    learning_rate   | 0.001    |
|    n_updates       | 21822    |
---------------------------------
---------------------------------
| rollout/           |          |
|    ep_len_mean     | 100      |
|    ep_rew_mean     | -100     |
|    success_rate    | 0        |
| time/              |          |
|    episodes        | 7928     |
|    fps             | 304      |
|    time_elapsed    | 2609     |
|    total_timesteps | 795600   |
---------------------------------
---------------------------------
| rollout/           |          |
|    ep_len_mean     | 100      |
|    ep_rew_mean     | -100     |
|    success_rate    | 0        |
| time/              |          |
|    episodes        | 7932     |
|    fps             | 304      |
|    time_elapsed    | 2609     |
|    total_timesteps | 795600   |
---------------------------------
---------------------------------
| rollout/           |          |
|    ep_len_mean     | 100      |
|    ep_rew_mean     | -100     |
|    success_rate    | 0        |
| time/              |          |
|    episodes        | 7936     |
|    fps             | 304      |
|    time_elapsed    | 2609     |
|    total_timesteps | 795600   |
---------------------------------
---------------------------------
| rollout/           |          |
|    ep_len_mean     | 100      |
|    ep_rew_mean     | -100     |
|    success_rate    | 0        |
| time/              |          |
|    episodes        | 7940     |
|    fps             | 304      |
|    time_elapsed    | 2609     |
|    total_timesteps | 795600   |
---------------------------------
---------------------------------
| rollout/           |          |
|    ep_len_mean     | 100      |
|    ep_rew_mean     | -100     |
|    success_rate    | 0        |
| time/              |          |
|    episodes        | 7944     |
|    fps             | 304      |
|    time_elapsed    | 2609     |
|    total_timesteps | 795600   |
---------------------------------
---------------------------------
| rollout/           |          |
|    ep_len_mean     | 100      |
|    ep_rew_mean     | -100     |
|    success_rate    | 0        |
| time/              |          |
|    episodes        | 7948     |
|    fps             | 304      |
|    time_elapsed    | 2609     |
|    total_timesteps | 795600   |
---------------------------------
---------------------------------
| rollout/           |          |
|    ep_len_mean     | 100      |
|    ep_rew_mean     | -100     |
|    success_rate    | 0        |
| time/              |          |
|    episodes        | 7952     |
|    fps             | 304      |
|    time_elapsed    | 2609     |
|    total_timesteps | 795600   |
---------------------------------
---------------------------------
| rollout/           |          |
|    ep_len_mean     | 100      |
|    ep_rew_mean     | -100     |
|    success_rate    | 0        |
| time/              |          |
|    episodes        | 7956     |
|    fps             | 304      |
|    time_elapsed    | 2609     |
|    total_timesteps | 795600   |
---------------------------------
---------------------------------
| rollout/           |          |
|    ep_len_mean     | 100      |
|    ep_rew_mean     | -100     |
|    success_rate    | 0        |
| time/              |          |
|    episodes        | 7960     |
|    fps             | 305      |
|    time_elapsed    | 2617     |
|    total_timesteps | 799200   |
| train/             |          |
|    actor_loss      | 1.36     |
|    critic_loss     | 0.0039   |
|    ent_coef        | 0.000348 |
|    ent_coef_loss   | -3.93    |
|    learning_rate   | 0.001    |
|    n_updates       | 21922    |
---------------------------------
---------------------------------
| rollout/           |          |
|    ep_len_mean     | 100      |
|    ep_rew_mean     | -100     |
|    success_rate    | 0        |
| time/              |          |
|    episodes        | 7964     |
|    fps             | 305      |
|    time_elapsed    | 2617     |
|    total_timesteps | 799200   |
---------------------------------
---------------------------------
| rollout/           |          |
|    ep_len_mean     | 100      |
|    ep_rew_mean     | -100     |
|    success_rate    | 0        |
| time/              |          |
|    episodes        | 7968     |
|    fps             | 305      |
|    time_elapsed    | 2617     |
|    total_timesteps | 799200   |
---------------------------------
---------------------------------
| rollout/           |          |
|    ep_len_mean     | 100      |
|    ep_rew_mean     | -100     |
|    success_rate    | 0        |
| time/              |          |
|    episodes        | 7972     |
|    fps             | 305      |
|    time_elapsed    | 2617     |
|    total_timesteps | 799200   |
---------------------------------
---------------------------------
| rollout/           |          |
|    ep_len_mean     | 100      |
|    ep_rew_mean     | -100     |
|    success_rate    | 0        |
| time/              |          |
|    episodes        | 7976     |
|    fps             | 305      |
|    time_elapsed    | 2617     |
|    total_timesteps | 799200   |
---------------------------------
---------------------------------
| rollout/           |          |
|    ep_len_mean     | 100      |
|    ep_rew_mean     | -100     |
|    success_rate    | 0        |
| time/              |          |
|    episodes        | 7980     |
|    fps             | 305      |
|    time_elapsed    | 2617     |
|    total_timesteps | 799200   |
---------------------------------
---------------------------------
| rollout/           |          |
|    ep_len_mean     | 100      |
|    ep_rew_mean     | -100     |
|    success_rate    | 0        |
| time/              |          |
|    episodes        | 7984     |
|    fps             | 305      |
|    time_elapsed    | 2617     |
|    total_timesteps | 799200   |
---------------------------------
---------------------------------
| rollout/           |          |
|    ep_len_mean     | 100      |
|    ep_rew_mean     | -100     |
|    success_rate    | 0        |
| time/              |          |
|    episodes        | 7988     |
|    fps             | 305      |
|    time_elapsed    | 2617     |
|    total_timesteps | 799200   |
---------------------------------
---------------------------------
| rollout/           |          |
|    ep_len_mean     | 100      |
|    ep_rew_mean     | -100     |
|    success_rate    | 0        |
| time/              |          |
|    episodes        | 7992     |
|    fps             | 305      |
|    time_elapsed    | 2617     |
|    total_timesteps | 799200   |
---------------------------------
Saved VecNormalize stats to /work/hdd/bewv/smahesh1/ShadowHand-TQC/generated/studies/sphere_v1_demo/candidates/n1000_a0p1_b0p9/obj_size_large_ar_high_macro_low_rough_high/rigid/models/n1000_a0p1_b0p9_obj_size_large_ar_high_macro_low_rough_high_rigid/vecnorm_800064.pkl
Saved model to /work/hdd/bewv/smahesh1/ShadowHand-TQC/generated/studies/sphere_v1_demo/candidates/n1000_a0p1_b0p9/obj_size_large_ar_high_macro_low_rough_high/rigid/models/n1000_a0p1_b0p9_obj_size_large_ar_high_macro_low_rough_high_rigid/model_800064_steps.zip

Running evaluation at 800640 timesteps...
Successfully copied normalization stats
Evaluation results: {'eval/mean_reward': np.float32(-100.0), 'eval/std_reward': np.float32(0.0), 'eval/success_rate': np.float64(0.0)}
---------------------------------
| rollout/           |          |
|    ep_len_mean     | 100      |
|    ep_rew_mean     | -100     |
|    success_rate    | 0        |
| time/              |          |
|    episodes        | 7996     |
|    fps             | 302      |
|    time_elapsed    | 2649     |
|    total_timesteps | 802800   |
| train/             |          |
|    actor_loss      | 1.4      |
|    critic_loss     | 0.00441  |
|    ent_coef        | 0.000346 |
|    ent_coef_loss   | 2.67     |
|    learning_rate   | 0.001    |
|    n_updates       | 22022    |
---------------------------------
---------------------------------
| rollout/           |          |
|    ep_len_mean     | 100      |
|    ep_rew_mean     | -100     |
|    success_rate    | 0        |
| time/              |          |
|    episodes        | 8000     |
|    fps             | 302      |
|    time_elapsed    | 2649     |
|    total_timesteps | 802800   |
---------------------------------
---------------------------------
| rollout/           |          |
|    ep_len_mean     | 100      |
|    ep_rew_mean     | -100     |
|    success_rate    | 0        |
| time/              |          |
|    episodes        | 8004     |
|    fps             | 302      |
|    time_elapsed    | 2649     |
|    total_timesteps | 802800   |
---------------------------------
---------------------------------
| rollout/           |          |
|    ep_len_mean     | 100      |
|    ep_rew_mean     | -100     |
|    success_rate    | 0        |
| time/              |          |
|    episodes        | 8008     |
|    fps             | 302      |
|    time_elapsed    | 2649     |
|    total_timesteps | 802800   |
---------------------------------
---------------------------------
| rollout/           |          |
|    ep_len_mean     | 100      |
|    ep_rew_mean     | -100     |
|    success_rate    | 0        |
| time/              |          |
|    episodes        | 8012     |
|    fps             | 302      |
|    time_elapsed    | 2649     |
|    total_timesteps | 802800   |
---------------------------------
---------------------------------
| rollout/           |          |
|    ep_len_mean     | 100      |
|    ep_rew_mean     | -100     |
|    success_rate    | 0        |
| time/              |          |
|    episodes        | 8016     |
|    fps             | 302      |
|    time_elapsed    | 2649     |
|    total_timesteps | 802800   |
---------------------------------
---------------------------------
| rollout/           |          |
|    ep_len_mean     | 100      |
|    ep_rew_mean     | -100     |
|    success_rate    | 0        |
| time/              |          |
|    episodes        | 8020     |
|    fps             | 302      |
|    time_elapsed    | 2649     |
|    total_timesteps | 802800   |
---------------------------------
---------------------------------
| rollout/           |          |
|    ep_len_mean     | 100      |
|    ep_rew_mean     | -100     |
|    success_rate    | 0        |
| time/              |          |
|    episodes        | 8024     |
|    fps             | 302      |
|    time_elapsed    | 2649     |
|    total_timesteps | 802800   |
---------------------------------
---------------------------------
| rollout/           |          |
|    ep_len_mean     | 100      |
|    ep_rew_mean     | -100     |
|    success_rate    | 0        |
| time/              |          |
|    episodes        | 8028     |
|    fps             | 302      |
|    time_elapsed    | 2649     |
|    total_timesteps | 802800   |
---------------------------------
---------------------------------
| rollout/           |          |
|    ep_len_mean     | 100      |
|    ep_rew_mean     | -100     |
|    success_rate    | 0        |
| time/              |          |
|    episodes        | 8032     |
|    fps             | 303      |
|    time_elapsed    | 2657     |
|    total_timesteps | 806400   |
| train/             |          |
|    actor_loss      | 1.3      |
|    critic_loss     | 0.0044   |
|    ent_coef        | 0.000337 |
|    ent_coef_loss   | 11.1     |
|    learning_rate   | 0.001    |
|    n_updates       | 22122    |
---------------------------------
---------------------------------
| rollout/           |          |
|    ep_len_mean     | 100      |
|    ep_rew_mean     | -100     |
|    success_rate    | 0        |
| time/              |          |
|    episodes        | 8036     |
|    fps             | 303      |
|    time_elapsed    | 2657     |
|    total_timesteps | 806400   |
---------------------------------
---------------------------------
| rollout/           |          |
|    ep_len_mean     | 100      |
|    ep_rew_mean     | -100     |
|    success_rate    | 0        |
| time/              |          |
|    episodes        | 8040     |
|    fps             | 303      |
|    time_elapsed    | 2657     |
|    total_timesteps | 806400   |
---------------------------------
---------------------------------
| rollout/           |          |
|    ep_len_mean     | 100      |
|    ep_rew_mean     | -100     |
|    success_rate    | 0        |
| time/              |          |
|    episodes        | 8044     |
|    fps             | 303      |
|    time_elapsed    | 2657     |
|    total_timesteps | 806400   |
---------------------------------
---------------------------------
| rollout/           |          |
|    ep_len_mean     | 100      |
|    ep_rew_mean     | -100     |
|    success_rate    | 0        |
| time/              |          |
|    episodes        | 8048     |
|    fps             | 303      |
|    time_elapsed    | 2657     |
|    total_timesteps | 806400   |
---------------------------------
---------------------------------
| rollout/           |          |
|    ep_len_mean     | 100      |
|    ep_rew_mean     | -100     |
|    success_rate    | 0        |
| time/              |          |
|    episodes        | 8052     |
|    fps             | 303      |
|    time_elapsed    | 2657     |
|    total_timesteps | 806400   |
---------------------------------
---------------------------------
| rollout/           |          |
|    ep_len_mean     | 100      |
|    ep_rew_mean     | -100     |
|    success_rate    | 0        |
| time/              |          |
|    episodes        | 8056     |
|    fps             | 303      |
|    time_elapsed    | 2657     |
|    total_timesteps | 806400   |
---------------------------------
---------------------------------
| rollout/           |          |
|    ep_len_mean     | 100      |
|    ep_rew_mean     | -100     |
|    success_rate    | 0        |
| time/              |          |
|    episodes        | 8060     |
|    fps             | 303      |
|    time_elapsed    | 2657     |
|    total_timesteps | 806400   |
---------------------------------
---------------------------------
| rollout/           |          |
|    ep_len_mean     | 100      |
|    ep_rew_mean     | -100     |
|    success_rate    | 0        |
| time/              |          |
|    episodes        | 8064     |
|    fps             | 303      |
|    time_elapsed    | 2657     |
|    total_timesteps | 806400   |
---------------------------------
---------------------------------
| rollout/           |          |
|    ep_len_mean     | 100      |
|    ep_rew_mean     | -99.9    |
|    success_rate    | 0        |
| time/              |          |
|    episodes        | 8068     |
|    fps             | 303      |
|    time_elapsed    | 2665     |
|    total_timesteps | 810000   |
| train/             |          |
|    actor_loss      | 1.29     |
|    critic_loss     | 0.00409  |
|    ent_coef        | 0.000343 |
|    ent_coef_loss   | -6.21    |
|    learning_rate   | 0.001    |
|    n_updates       | 22222    |
---------------------------------
---------------------------------
| rollout/           |          |
|    ep_len_mean     | 100      |
|    ep_rew_mean     | -99.9    |
|    success_rate    | 0        |
| time/              |          |
|    episodes        | 8072     |
|    fps             | 303      |
|    time_elapsed    | 2665     |
|    total_timesteps | 810000   |
---------------------------------
---------------------------------
| rollout/           |          |
|    ep_len_mean     | 100      |
|    ep_rew_mean     | -99.9    |
|    success_rate    | 0        |
| time/              |          |
|    episodes        | 8076     |
|    fps             | 303      |
|    time_elapsed    | 2665     |
|    total_timesteps | 810000   |
---------------------------------
---------------------------------
| rollout/           |          |
|    ep_len_mean     | 100      |
|    ep_rew_mean     | -99.9    |
|    success_rate    | 0        |
| time/              |          |
|    episodes        | 8080     |
|    fps             | 303      |
|    time_elapsed    | 2665     |
|    total_timesteps | 810000   |
---------------------------------
---------------------------------
| rollout/           |          |
|    ep_len_mean     | 100      |
|    ep_rew_mean     | -99.9    |
|    success_rate    | 0        |
| time/              |          |
|    episodes        | 8084     |
|    fps             | 303      |
|    time_elapsed    | 2665     |
|    total_timesteps | 810000   |
---------------------------------
---------------------------------
| rollout/           |          |
|    ep_len_mean     | 100      |
|    ep_rew_mean     | -99.9    |
|    success_rate    | 0        |
| time/              |          |
|    episodes        | 8088     |
|    fps             | 303      |
|    time_elapsed    | 2665     |
|    total_timesteps | 810000   |
---------------------------------
---------------------------------
| rollout/           |          |
|    ep_len_mean     | 100      |
|    ep_rew_mean     | -99.9    |
|    success_rate    | 0        |
| time/              |          |
|    episodes        | 8092     |
|    fps             | 303      |
|    time_elapsed    | 2665     |
|    total_timesteps | 810000   |
---------------------------------
---------------------------------
| rollout/           |          |
|    ep_len_mean     | 100      |
|    ep_rew_mean     | -99.9    |
|    success_rate    | 0        |
| time/              |          |
|    episodes        | 8096     |
|    fps             | 303      |
|    time_elapsed    | 2665     |
|    total_timesteps | 810000   |
---------------------------------
---------------------------------
| rollout/           |          |
|    ep_len_mean     | 100      |
|    ep_rew_mean     | -99.9    |
|    success_rate    | 0        |
| time/              |          |
|    episodes        | 8100     |
|    fps             | 303      |
|    time_elapsed    | 2665     |
|    total_timesteps | 810000   |
---------------------------------
---------------------------------
| rollout/           |          |
|    ep_len_mean     | 100      |
|    ep_rew_mean     | -99.9    |
|    success_rate    | 0        |
| time/              |          |
|    episodes        | 8104     |
|    fps             | 304      |
|    time_elapsed    | 2673     |
|    total_timesteps | 813600   |
| train/             |          |
|    actor_loss      | 1.33     |
|    critic_loss     | 0.0039   |
|    ent_coef        | 0.000352 |
|    ent_coef_loss   | -16.6    |
|    learning_rate   | 0.001    |
|    n_updates       | 22322    |
---------------------------------
---------------------------------
| rollout/           |          |
|    ep_len_mean     | 100      |
|    ep_rew_mean     | -99.9    |
|    success_rate    | 0        |
| time/              |          |
|    episodes        | 8108     |
|    fps             | 304      |
|    time_elapsed    | 2673     |
|    total_timesteps | 813600   |
---------------------------------
---------------------------------
| rollout/           |          |
|    ep_len_mean     | 100      |
|    ep_rew_mean     | -99.9    |
|    success_rate    | 0        |
| time/              |          |
|    episodes        | 8112     |
|    fps             | 304      |
|    time_elapsed    | 2673     |
|    total_timesteps | 813600   |
---------------------------------
---------------------------------
| rollout/           |          |
|    ep_len_mean     | 100      |
|    ep_rew_mean     | -99.9    |
|    success_rate    | 0        |
| time/              |          |
|    episodes        | 8116     |
|    fps             | 304      |
|    time_elapsed    | 2673     |
|    total_timesteps | 813600   |
---------------------------------
---------------------------------
| rollout/           |          |
|    ep_len_mean     | 100      |
|    ep_rew_mean     | -99.9    |
|    success_rate    | 0        |
| time/              |          |
|    episodes        | 8120     |
|    fps             | 304      |
|    time_elapsed    | 2673     |
|    total_timesteps | 813600   |
---------------------------------
---------------------------------
| rollout/           |          |
|    ep_len_mean     | 100      |
|    ep_rew_mean     | -99.9    |
|    success_rate    | 0        |
| time/              |          |
|    episodes        | 8124     |
|    fps             | 304      |
|    time_elapsed    | 2673     |
|    total_timesteps | 813600   |
---------------------------------
---------------------------------
| rollout/           |          |
|    ep_len_mean     | 100      |
|    ep_rew_mean     | -99.9    |
|    success_rate    | 0        |
| time/              |          |
|    episodes        | 8128     |
|    fps             | 304      |
|    time_elapsed    | 2673     |
|    total_timesteps | 813600   |
---------------------------------
---------------------------------
| rollout/           |          |
|    ep_len_mean     | 100      |
|    ep_rew_mean     | -99.9    |
|    success_rate    | 0        |
| time/              |          |
|    episodes        | 8132     |
|    fps             | 304      |
|    time_elapsed    | 2673     |
|    total_timesteps | 813600   |
---------------------------------
---------------------------------
| rollout/           |          |
|    ep_len_mean     | 100      |
|    ep_rew_mean     | -99.9    |
|    success_rate    | 0        |
| time/              |          |
|    episodes        | 8136     |
|    fps             | 304      |
|    time_elapsed    | 2673     |
|    total_timesteps | 813600   |
---------------------------------
---------------------------------
| rollout/           |          |
|    ep_len_mean     | 100      |
|    ep_rew_mean     | -99.9    |
|    success_rate    | 0        |
| time/              |          |
|    episodes        | 8140     |
|    fps             | 304      |
|    time_elapsed    | 2681     |
|    total_timesteps | 817200   |
| train/             |          |
|    actor_loss      | 1.34     |
|    critic_loss     | 0.00393  |
|    ent_coef        | 0.000358 |
|    ent_coef_loss   | 5.55     |
|    learning_rate   | 0.001    |
|    n_updates       | 22422    |
---------------------------------
---------------------------------
| rollout/           |          |
|    ep_len_mean     | 100      |
|    ep_rew_mean     | -99.9    |
|    success_rate    | 0        |
| time/              |          |
|    episodes        | 8144     |
|    fps             | 304      |
|    time_elapsed    | 2681     |
|    total_timesteps | 817200   |
---------------------------------
---------------------------------
| rollout/           |          |
|    ep_len_mean     | 100      |
|    ep_rew_mean     | -99.9    |
|    success_rate    | 0        |
| time/              |          |
|    episodes        | 8148     |
|    fps             | 304      |
|    time_elapsed    | 2681     |
|    total_timesteps | 817200   |
---------------------------------
---------------------------------
| rollout/           |          |
|    ep_len_mean     | 100      |
|    ep_rew_mean     | -99.9    |
|    success_rate    | 0        |
| time/              |          |
|    episodes        | 8152     |
|    fps             | 304      |
|    time_elapsed    | 2681     |
|    total_timesteps | 817200   |
---------------------------------
---------------------------------
| rollout/           |          |
|    ep_len_mean     | 100      |
|    ep_rew_mean     | -99.9    |
|    success_rate    | 0        |
| time/              |          |
|    episodes        | 8156     |
|    fps             | 304      |
|    time_elapsed    | 2681     |
|    total_timesteps | 817200   |
---------------------------------
---------------------------------
| rollout/           |          |
|    ep_len_mean     | 100      |
|    ep_rew_mean     | -99.9    |
|    success_rate    | 0        |
| time/              |          |
|    episodes        | 8160     |
|    fps             | 304      |
|    time_elapsed    | 2681     |
|    total_timesteps | 817200   |
---------------------------------
---------------------------------
| rollout/           |          |
|    ep_len_mean     | 100      |
|    ep_rew_mean     | -99.9    |
|    success_rate    | 0        |
| time/              |          |
|    episodes        | 8164     |
|    fps             | 304      |
|    time_elapsed    | 2681     |
|    total_timesteps | 817200   |
---------------------------------
---------------------------------
| rollout/           |          |
|    ep_len_mean     | 100      |
|    ep_rew_mean     | -99.9    |
|    success_rate    | 0        |
| time/              |          |
|    episodes        | 8168     |
|    fps             | 304      |
|    time_elapsed    | 2681     |
|    total_timesteps | 817200   |
---------------------------------
---------------------------------
| rollout/           |          |
|    ep_len_mean     | 100      |
|    ep_rew_mean     | -99.9    |
|    success_rate    | 0        |
| time/              |          |
|    episodes        | 8172     |
|    fps             | 304      |
|    time_elapsed    | 2681     |
|    total_timesteps | 817200   |
---------------------------------

Running evaluation at 820656 timesteps...
Successfully copied normalization stats
Evaluation results: {'eval/mean_reward': np.float32(-100.0), 'eval/std_reward': np.float32(0.0), 'eval/success_rate': np.float64(0.0)}
---------------------------------
| rollout/           |          |
|    ep_len_mean     | 100      |
|    ep_rew_mean     | -99.9    |
|    success_rate    | 0        |
| time/              |          |
|    episodes        | 8176     |
|    fps             | 302      |
|    time_elapsed    | 2711     |
|    total_timesteps | 820800   |
| train/             |          |
|    actor_loss      | 1.34     |
|    critic_loss     | 0.00404  |
|    ent_coef        | 0.000355 |
|    ent_coef_loss   | -2.02    |
|    learning_rate   | 0.001    |
|    n_updates       | 22522    |
---------------------------------
---------------------------------
| rollout/           |          |
|    ep_len_mean     | 100      |
|    ep_rew_mean     | -99.9    |
|    success_rate    | 0        |
| time/              |          |
|    episodes        | 8180     |
|    fps             | 302      |
|    time_elapsed    | 2711     |
|    total_timesteps | 820800   |
---------------------------------
---------------------------------
| rollout/           |          |
|    ep_len_mean     | 100      |
|    ep_rew_mean     | -99.9    |
|    success_rate    | 0        |
| time/              |          |
|    episodes        | 8184     |
|    fps             | 302      |
|    time_elapsed    | 2711     |
|    total_timesteps | 820800   |
---------------------------------
---------------------------------
| rollout/           |          |
|    ep_len_mean     | 100      |
|    ep_rew_mean     | -99.9    |
|    success_rate    | 0        |
| time/              |          |
|    episodes        | 8188     |
|    fps             | 302      |
|    time_elapsed    | 2711     |
|    total_timesteps | 820800   |
---------------------------------
---------------------------------
| rollout/           |          |
|    ep_len_mean     | 100      |
|    ep_rew_mean     | -99.9    |
|    success_rate    | 0        |
| time/              |          |
|    episodes        | 8192     |
|    fps             | 302      |
|    time_elapsed    | 2711     |
|    total_timesteps | 820800   |
---------------------------------
---------------------------------
| rollout/           |          |
|    ep_len_mean     | 100      |
|    ep_rew_mean     | -99.9    |
|    success_rate    | 0        |
| time/              |          |
|    episodes        | 8196     |
|    fps             | 302      |
|    time_elapsed    | 2711     |
|    total_timesteps | 820800   |
---------------------------------
---------------------------------
| rollout/           |          |
|    ep_len_mean     | 100      |
|    ep_rew_mean     | -99.9    |
|    success_rate    | 0        |
| time/              |          |
|    episodes        | 8200     |
|    fps             | 302      |
|    time_elapsed    | 2711     |
|    total_timesteps | 820800   |
---------------------------------
---------------------------------
| rollout/           |          |
|    ep_len_mean     | 100      |
|    ep_rew_mean     | -99.9    |
|    success_rate    | 0        |
| time/              |          |
|    episodes        | 8204     |
|    fps             | 302      |
|    time_elapsed    | 2711     |
|    total_timesteps | 820800   |
---------------------------------
---------------------------------
| rollout/           |          |
|    ep_len_mean     | 100      |
|    ep_rew_mean     | -99.9    |
|    success_rate    | 0        |
| time/              |          |
|    episodes        | 8208     |
|    fps             | 302      |
|    time_elapsed    | 2711     |
|    total_timesteps | 820800   |
---------------------------------
---------------------------------
| rollout/           |          |
|    ep_len_mean     | 100      |
|    ep_rew_mean     | -99.9    |
|    success_rate    | 0        |
| time/              |          |
|    episodes        | 8212     |
|    fps             | 303      |
|    time_elapsed    | 2718     |
|    total_timesteps | 824400   |
| train/             |          |
|    actor_loss      | 1.33     |
|    critic_loss     | 0.0042   |
|    ent_coef        | 0.000347 |
|    ent_coef_loss   | -6.46    |
|    learning_rate   | 0.001    |
|    n_updates       | 22622    |
---------------------------------
---------------------------------
| rollout/           |          |
|    ep_len_mean     | 100      |
|    ep_rew_mean     | -99.9    |
|    success_rate    | 0        |
| time/              |          |
|    episodes        | 8216     |
|    fps             | 303      |
|    time_elapsed    | 2718     |
|    total_timesteps | 824400   |
---------------------------------
---------------------------------
| rollout/           |          |
|    ep_len_mean     | 100      |
|    ep_rew_mean     | -99.9    |
|    success_rate    | 0        |
| time/              |          |
|    episodes        | 8220     |
|    fps             | 303      |
|    time_elapsed    | 2718     |
|    total_timesteps | 824400   |
---------------------------------
---------------------------------
| rollout/           |          |
|    ep_len_mean     | 100      |
|    ep_rew_mean     | -99.9    |
|    success_rate    | 0        |
| time/              |          |
|    episodes        | 8224     |
|    fps             | 303      |
|    time_elapsed    | 2718     |
|    total_timesteps | 824400   |
---------------------------------
---------------------------------
| rollout/           |          |
|    ep_len_mean     | 100      |
|    ep_rew_mean     | -99.9    |
|    success_rate    | 0        |
| time/              |          |
|    episodes        | 8228     |
|    fps             | 303      |
|    time_elapsed    | 2718     |
|    total_timesteps | 824400   |
---------------------------------
---------------------------------
| rollout/           |          |
|    ep_len_mean     | 100      |
|    ep_rew_mean     | -99.9    |
|    success_rate    | 0        |
| time/              |          |
|    episodes        | 8232     |
|    fps             | 303      |
|    time_elapsed    | 2718     |
|    total_timesteps | 824400   |
---------------------------------
---------------------------------
| rollout/           |          |
|    ep_len_mean     | 100      |
|    ep_rew_mean     | -99.9    |
|    success_rate    | 0        |
| time/              |          |
|    episodes        | 8236     |
|    fps             | 303      |
|    time_elapsed    | 2718     |
|    total_timesteps | 824400   |
---------------------------------
---------------------------------
| rollout/           |          |
|    ep_len_mean     | 100      |
|    ep_rew_mean     | -99.9    |
|    success_rate    | 0        |
| time/              |          |
|    episodes        | 8240     |
|    fps             | 303      |
|    time_elapsed    | 2718     |
|    total_timesteps | 824400   |
---------------------------------
---------------------------------
| rollout/           |          |
|    ep_len_mean     | 100      |
|    ep_rew_mean     | -99.9    |
|    success_rate    | 0        |
| time/              |          |
|    episodes        | 8244     |
|    fps             | 303      |
|    time_elapsed    | 2718     |
|    total_timesteps | 824400   |
---------------------------------
---------------------------------
| rollout/           |          |
|    ep_len_mean     | 100      |
|    ep_rew_mean     | -100     |
|    success_rate    | 0        |
| time/              |          |
|    episodes        | 8248     |
|    fps             | 303      |
|    time_elapsed    | 2726     |
|    total_timesteps | 828000   |
| train/             |          |
|    actor_loss      | 1.31     |
|    critic_loss     | 0.00403  |
|    ent_coef        | 0.000347 |
|    ent_coef_loss   | -0.2     |
|    learning_rate   | 0.001    |
|    n_updates       | 22722    |
---------------------------------
---------------------------------
| rollout/           |          |
|    ep_len_mean     | 100      |
|    ep_rew_mean     | -100     |
|    success_rate    | 0        |
| time/              |          |
|    episodes        | 8252     |
|    fps             | 303      |
|    time_elapsed    | 2727     |
|    total_timesteps | 828000   |
---------------------------------
---------------------------------
| rollout/           |          |
|    ep_len_mean     | 100      |
|    ep_rew_mean     | -100     |
|    success_rate    | 0        |
| time/              |          |
|    episodes        | 8256     |
|    fps             | 303      |
|    time_elapsed    | 2727     |
|    total_timesteps | 828000   |
---------------------------------
---------------------------------
| rollout/           |          |
|    ep_len_mean     | 100      |
|    ep_rew_mean     | -100     |
|    success_rate    | 0        |
| time/              |          |
|    episodes        | 8260     |
|    fps             | 303      |
|    time_elapsed    | 2727     |
|    total_timesteps | 828000   |
---------------------------------
---------------------------------
| rollout/           |          |
|    ep_len_mean     | 100      |
|    ep_rew_mean     | -100     |
|    success_rate    | 0        |
| time/              |          |
|    episodes        | 8264     |
|    fps             | 303      |
|    time_elapsed    | 2727     |
|    total_timesteps | 828000   |
---------------------------------
---------------------------------
| rollout/           |          |
|    ep_len_mean     | 100      |
|    ep_rew_mean     | -100     |
|    success_rate    | 0        |
| time/              |          |
|    episodes        | 8268     |
|    fps             | 303      |
|    time_elapsed    | 2727     |
|    total_timesteps | 828000   |
---------------------------------
---------------------------------
| rollout/           |          |
|    ep_len_mean     | 100      |
|    ep_rew_mean     | -100     |
|    success_rate    | 0        |
| time/              |          |
|    episodes        | 8272     |
|    fps             | 303      |
|    time_elapsed    | 2727     |
|    total_timesteps | 828000   |
---------------------------------
---------------------------------
| rollout/           |          |
|    ep_len_mean     | 100      |
|    ep_rew_mean     | -100     |
|    success_rate    | 0        |
| time/              |          |
|    episodes        | 8276     |
|    fps             | 303      |
|    time_elapsed    | 2727     |
|    total_timesteps | 828000   |
---------------------------------
---------------------------------
| rollout/           |          |
|    ep_len_mean     | 100      |
|    ep_rew_mean     | -100     |
|    success_rate    | 0        |
| time/              |          |
|    episodes        | 8280     |
|    fps             | 303      |
|    time_elapsed    | 2727     |
|    total_timesteps | 828000   |
---------------------------------
---------------------------------
| rollout/           |          |
|    ep_len_mean     | 100      |
|    ep_rew_mean     | -100     |
|    success_rate    | 0        |
| time/              |          |
|    episodes        | 8284     |
|    fps             | 304      |
|    time_elapsed    | 2734     |
|    total_timesteps | 831600   |
| train/             |          |
|    actor_loss      | 1.32     |
|    critic_loss     | 0.00384  |
|    ent_coef        | 0.000343 |
|    ent_coef_loss   | -0.618   |
|    learning_rate   | 0.001    |
|    n_updates       | 22822    |
---------------------------------
---------------------------------
| rollout/           |          |
|    ep_len_mean     | 100      |
|    ep_rew_mean     | -100     |
|    success_rate    | 0        |
| time/              |          |
|    episodes        | 8288     |
|    fps             | 304      |
|    time_elapsed    | 2734     |
|    total_timesteps | 831600   |
---------------------------------
---------------------------------
| rollout/           |          |
|    ep_len_mean     | 100      |
|    ep_rew_mean     | -100     |
|    success_rate    | 0        |
| time/              |          |
|    episodes        | 8292     |
|    fps             | 304      |
|    time_elapsed    | 2734     |
|    total_timesteps | 831600   |
---------------------------------
---------------------------------
| rollout/           |          |
|    ep_len_mean     | 100      |
|    ep_rew_mean     | -100     |
|    success_rate    | 0        |
| time/              |          |
|    episodes        | 8296     |
|    fps             | 304      |
|    time_elapsed    | 2734     |
|    total_timesteps | 831600   |
---------------------------------
---------------------------------
| rollout/           |          |
|    ep_len_mean     | 100      |
|    ep_rew_mean     | -100     |
|    success_rate    | 0        |
| time/              |          |
|    episodes        | 8300     |
|    fps             | 304      |
|    time_elapsed    | 2734     |
|    total_timesteps | 831600   |
---------------------------------
---------------------------------
| rollout/           |          |
|    ep_len_mean     | 100      |
|    ep_rew_mean     | -100     |
|    success_rate    | 0        |
| time/              |          |
|    episodes        | 8304     |
|    fps             | 304      |
|    time_elapsed    | 2734     |
|    total_timesteps | 831600   |
---------------------------------
---------------------------------
| rollout/           |          |
|    ep_len_mean     | 100      |
|    ep_rew_mean     | -100     |
|    success_rate    | 0        |
| time/              |          |
|    episodes        | 8308     |
|    fps             | 304      |
|    time_elapsed    | 2734     |
|    total_timesteps | 831600   |
---------------------------------
---------------------------------
| rollout/           |          |
|    ep_len_mean     | 100      |
|    ep_rew_mean     | -100     |
|    success_rate    | 0        |
| time/              |          |
|    episodes        | 8312     |
|    fps             | 304      |
|    time_elapsed    | 2734     |
|    total_timesteps | 831600   |
---------------------------------
---------------------------------
| rollout/           |          |
|    ep_len_mean     | 100      |
|    ep_rew_mean     | -100     |
|    success_rate    | 0        |
| time/              |          |
|    episodes        | 8316     |
|    fps             | 304      |
|    time_elapsed    | 2734     |
|    total_timesteps | 831600   |
---------------------------------
---------------------------------
| rollout/           |          |
|    ep_len_mean     | 100      |
|    ep_rew_mean     | -100     |
|    success_rate    | 0        |
| time/              |          |
|    episodes        | 8320     |
|    fps             | 304      |
|    time_elapsed    | 2746     |
|    total_timesteps | 835200   |
| train/             |          |
|    actor_loss      | 1.36     |
|    critic_loss     | 0.00395  |
|    ent_coef        | 0.000342 |
|    ent_coef_loss   | 5.26     |
|    learning_rate   | 0.001    |
|    n_updates       | 22922    |
---------------------------------
---------------------------------
| rollout/           |          |
|    ep_len_mean     | 100      |
|    ep_rew_mean     | -100     |
|    success_rate    | 0        |
| time/              |          |
|    episodes        | 8324     |
|    fps             | 304      |
|    time_elapsed    | 2746     |
|    total_timesteps | 835200   |
---------------------------------
---------------------------------
| rollout/           |          |
|    ep_len_mean     | 100      |
|    ep_rew_mean     | -100     |
|    success_rate    | 0        |
| time/              |          |
|    episodes        | 8328     |
|    fps             | 304      |
|    time_elapsed    | 2746     |
|    total_timesteps | 835200   |
---------------------------------
---------------------------------
| rollout/           |          |
|    ep_len_mean     | 100      |
|    ep_rew_mean     | -100     |
|    success_rate    | 0        |
| time/              |          |
|    episodes        | 8332     |
|    fps             | 304      |
|    time_elapsed    | 2746     |
|    total_timesteps | 835200   |
---------------------------------
---------------------------------
| rollout/           |          |
|    ep_len_mean     | 100      |
|    ep_rew_mean     | -100     |
|    success_rate    | 0        |
| time/              |          |
|    episodes        | 8336     |
|    fps             | 304      |
|    time_elapsed    | 2746     |
|    total_timesteps | 835200   |
---------------------------------
---------------------------------
| rollout/           |          |
|    ep_len_mean     | 100      |
|    ep_rew_mean     | -100     |
|    success_rate    | 0        |
| time/              |          |
|    episodes        | 8340     |
|    fps             | 304      |
|    time_elapsed    | 2746     |
|    total_timesteps | 835200   |
---------------------------------
---------------------------------
| rollout/           |          |
|    ep_len_mean     | 100      |
|    ep_rew_mean     | -100     |
|    success_rate    | 0        |
| time/              |          |
|    episodes        | 8344     |
|    fps             | 304      |
|    time_elapsed    | 2746     |
|    total_timesteps | 835200   |
---------------------------------
---------------------------------
| rollout/           |          |
|    ep_len_mean     | 100      |
|    ep_rew_mean     | -100     |
|    success_rate    | 0        |
| time/              |          |
|    episodes        | 8348     |
|    fps             | 304      |
|    time_elapsed    | 2746     |
|    total_timesteps | 835200   |
---------------------------------
---------------------------------
| rollout/           |          |
|    ep_len_mean     | 100      |
|    ep_rew_mean     | -100     |
|    success_rate    | 0        |
| time/              |          |
|    episodes        | 8352     |
|    fps             | 304      |
|    time_elapsed    | 2746     |
|    total_timesteps | 835200   |
---------------------------------
---------------------------------
| rollout/           |          |
|    ep_len_mean     | 100      |
|    ep_rew_mean     | -100     |
|    success_rate    | 0        |
| time/              |          |
|    episodes        | 8356     |
|    fps             | 304      |
|    time_elapsed    | 2754     |
|    total_timesteps | 838800   |
| train/             |          |
|    actor_loss      | 1.34     |
|    critic_loss     | 0.00381  |
|    ent_coef        | 0.000335 |
|    ent_coef_loss   | -1.26    |
|    learning_rate   | 0.001    |
|    n_updates       | 23022    |
---------------------------------
---------------------------------
| rollout/           |          |
|    ep_len_mean     | 100      |
|    ep_rew_mean     | -100     |
|    success_rate    | 0        |
| time/              |          |
|    episodes        | 8360     |
|    fps             | 304      |
|    time_elapsed    | 2754     |
|    total_timesteps | 838800   |
---------------------------------
---------------------------------
| rollout/           |          |
|    ep_len_mean     | 100      |
|    ep_rew_mean     | -100     |
|    success_rate    | 0        |
| time/              |          |
|    episodes        | 8364     |
|    fps             | 304      |
|    time_elapsed    | 2754     |
|    total_timesteps | 838800   |
---------------------------------
---------------------------------
| rollout/           |          |
|    ep_len_mean     | 100      |
|    ep_rew_mean     | -100     |
|    success_rate    | 0        |
| time/              |          |
|    episodes        | 8368     |
|    fps             | 304      |
|    time_elapsed    | 2754     |
|    total_timesteps | 838800   |
---------------------------------
---------------------------------
| rollout/           |          |
|    ep_len_mean     | 100      |
|    ep_rew_mean     | -100     |
|    success_rate    | 0        |
| time/              |          |
|    episodes        | 8372     |
|    fps             | 304      |
|    time_elapsed    | 2754     |
|    total_timesteps | 838800   |
---------------------------------
---------------------------------
| rollout/           |          |
|    ep_len_mean     | 100      |
|    ep_rew_mean     | -100     |
|    success_rate    | 0        |
| time/              |          |
|    episodes        | 8376     |
|    fps             | 304      |
|    time_elapsed    | 2754     |
|    total_timesteps | 838800   |
---------------------------------
---------------------------------
| rollout/           |          |
|    ep_len_mean     | 100      |
|    ep_rew_mean     | -100     |
|    success_rate    | 0        |
| time/              |          |
|    episodes        | 8380     |
|    fps             | 304      |
|    time_elapsed    | 2754     |
|    total_timesteps | 838800   |
---------------------------------
---------------------------------
| rollout/           |          |
|    ep_len_mean     | 100      |
|    ep_rew_mean     | -100     |
|    success_rate    | 0        |
| time/              |          |
|    episodes        | 8384     |
|    fps             | 304      |
|    time_elapsed    | 2754     |
|    total_timesteps | 838800   |
---------------------------------
---------------------------------
| rollout/           |          |
|    ep_len_mean     | 100      |
|    ep_rew_mean     | -100     |
|    success_rate    | 0        |
| time/              |          |
|    episodes        | 8388     |
|    fps             | 304      |
|    time_elapsed    | 2754     |
|    total_timesteps | 838800   |
---------------------------------

Running evaluation at 840672 timesteps...
Successfully copied normalization stats
