[OK] Wrote shared sensors: /work/hdd/bewv/smahesh1/ShadowHand-TQC/generated/studies/sphere_v1_demo/candidates/n1000_a0p1_b0p9/obj_size_small_ar_high_macro_low_rough_high/rigid/custom_obj_size_small_ar_high_macro_low_rough_high_1000_1.111111_0.123457/shared_touch_sensors_1000_1.111111_0.123457.xml
     Totals: Np=74 Npx=272 Nt=654 (sum 1000)
# ---- Merge Touch Sites (7:1:1 split + coverage) ----
Input base:    assets/hand_base.xml
Input sensors: /work/hdd/bewv/smahesh1/ShadowHand-TQC/generated/studies/sphere_v1_demo/candidates/n1000_a0p1_b0p9/obj_size_small_ar_high_macro_low_rough_high/rigid/custom_obj_size_small_ar_high_macro_low_rough_high_1000_1.111111_0.123457/shared_touch_sensors_1000_1.111111_0.123457.xml
Output file:   /work/hdd/bewv/smahesh1/ShadowHand-TQC/generated/studies/sphere_v1_demo/candidates/n1000_a0p1_b0p9/obj_size_small_ar_high_macro_low_rough_high/rigid/custom_obj_size_small_ar_high_macro_low_rough_high_1000_1.111111_0.123457/Sensors_withPos_1000_1.111111_0.123457.xml

Per (body, face) site counts:
  robot0:ffdistal          back : 15
  robot0:ffdistal          front: 102
  robot0:ffdistal          left : 7
  robot0:ffdistal          right: 7
  robot0:ffmiddle          back : 3
  robot0:ffmiddle          front: 22
  robot0:ffmiddle          left : 1
  robot0:ffmiddle          right: 2
  robot0:ffproximal        back : 3
  robot0:ffproximal        front: 22
  robot0:ffproximal        left : 1
  robot0:ffproximal        right: 2
  robot0:lfdistal          back : 15
  robot0:lfdistal          front: 102
  robot0:lfdistal          left : 7
  robot0:lfdistal          right: 7
  robot0:lfmetacarpal      front: 11
  robot0:lfmiddle          back : 3
  robot0:lfmiddle          front: 21
  robot0:lfmiddle          left : 1
  robot0:lfmiddle          right: 2
  robot0:lfproximal        back : 3
  robot0:lfproximal        front: 21
  robot0:lfproximal        left : 1
  robot0:lfproximal        right: 2
  robot0:mfdistal          back : 15
  robot0:mfdistal          front: 102
  robot0:mfdistal          left : 7
  robot0:mfdistal          right: 7
  robot0:mfmiddle          back : 3
  robot0:mfmiddle          front: 21
  robot0:mfmiddle          left : 1
  robot0:mfmiddle          right: 2
  robot0:mfproximal        back : 3
  robot0:mfproximal        front: 21
  robot0:mfproximal        left : 1
  robot0:mfproximal        right: 2
  robot0:palm              front: 63
  robot0:rfdistal          back : 15
  robot0:rfdistal          front: 102
  robot0:rfdistal          left : 7
  robot0:rfdistal          right: 7
  robot0:rfmiddle          back : 3
  robot0:rfmiddle          front: 21
  robot0:rfmiddle          left : 1
  robot0:rfmiddle          right: 2
  robot0:rfproximal        back : 3
  robot0:rfproximal        front: 21
  robot0:rfproximal        left : 1
  robot0:rfproximal        right: 2
  robot0:thdistal          back : 14
  robot0:thdistal          front: 102
  robot0:thdistal          left : 7
  robot0:thdistal          right: 7
  robot0:thmiddle          back : 3
  robot0:thmiddle          front: 21
  robot0:thmiddle          left : 1
  robot0:thmiddle          right: 2
  robot0:thproximal        back : 3
  robot0:thproximal        front: 21
  robot0:thproximal        left : 1
  robot0:thproximal        right: 2
[OK] Wrote robot hand with sites: /work/hdd/bewv/smahesh1/ShadowHand-TQC/generated/studies/sphere_v1_demo/candidates/n1000_a0p1_b0p9/obj_size_small_ar_high_macro_low_rough_high/rigid/custom_obj_size_small_ar_high_macro_low_rough_high_1000_1.111111_0.123457/Sensors_withPos_1000_1.111111_0.123457.xml
[OK] Copied custom .msh: /work/hdd/bewv/smahesh1/ShadowHand-TQC/generated/studies/sphere_v1_demo/candidates/n1000_a0p1_b0p9/obj_size_small_ar_high_macro_low_rough_high/rigid/stls/hand/obj_size_small_ar_high_macro_low_rough_high_obj_size-small_ar-high_macro-low_rough-high.msh
[OK] Wrote MSH diagnostics: /work/hdd/bewv/smahesh1/ShadowHand-TQC/generated/studies/sphere_v1_demo/candidates/n1000_a0p1_b0p9/obj_size_small_ar_high_macro_low_rough_high/rigid/custom_obj_size_small_ar_high_macro_low_rough_high_1000_1.111111_0.123457/obj_size_small_ar_high_macro_low_rough_high_obj_size-small_ar-high_macro-low_rough-high_msh_diagnostics.json
[OK] Wrote standalone env: /work/hdd/bewv/smahesh1/ShadowHand-TQC/generated/studies/sphere_v1_demo/candidates/n1000_a0p1_b0p9/obj_size_small_ar_high_macro_low_rough_high/rigid/custom_obj_size_small_ar_high_macro_low_rough_high_1000_1.111111_0.123457/manipulate_custom_obj_size_small_ar_high_macro_low_rough_high_touch_sensors_1000_1.111111_0.123457.xml
[OK] Copied asset: /work/hdd/bewv/smahesh1/ShadowHand-TQC/generated/studies/sphere_v1_demo/candidates/n1000_a0p1_b0p9/obj_size_small_ar_high_macro_low_rough_high/rigid/custom_obj_size_small_ar_high_macro_low_rough_high_1000_1.111111_0.123457/shared.xml
[OK] Copied asset: /work/hdd/bewv/smahesh1/ShadowHand-TQC/generated/studies/sphere_v1_demo/candidates/n1000_a0p1_b0p9/obj_size_small_ar_high_macro_low_rough_high/rigid/custom_obj_size_small_ar_high_macro_low_rough_high_1000_1.111111_0.123457/shared_asset.xml
[OK] Copied mesh: /work/hdd/bewv/smahesh1/ShadowHand-TQC/generated/studies/sphere_v1_demo/candidates/n1000_a0p1_b0p9/obj_size_small_ar_high_macro_low_rough_high/rigid/stls/hand/palm.stl
[OK] Copied mesh: /work/hdd/bewv/smahesh1/ShadowHand-TQC/generated/studies/sphere_v1_demo/candidates/n1000_a0p1_b0p9/obj_size_small_ar_high_macro_low_rough_high/rigid/stls/hand/TH1_z.stl
[OK] Copied mesh: /work/hdd/bewv/smahesh1/ShadowHand-TQC/generated/studies/sphere_v1_demo/candidates/n1000_a0p1_b0p9/obj_size_small_ar_high_macro_low_rough_high/rigid/stls/hand/F2.stl
[OK] Copied mesh: /work/hdd/bewv/smahesh1/ShadowHand-TQC/generated/studies/sphere_v1_demo/candidates/n1000_a0p1_b0p9/obj_size_small_ar_high_macro_low_rough_high/rigid/stls/hand/TH2_z.stl
[OK] Copied mesh: /work/hdd/bewv/smahesh1/ShadowHand-TQC/generated/studies/sphere_v1_demo/candidates/n1000_a0p1_b0p9/obj_size_small_ar_high_macro_low_rough_high/rigid/stls/hand/lfmetacarpal.stl
[OK] Copied mesh: /work/hdd/bewv/smahesh1/ShadowHand-TQC/generated/studies/sphere_v1_demo/candidates/n1000_a0p1_b0p9/obj_size_small_ar_high_macro_low_rough_high/rigid/stls/hand/forearm_electric.stl
[OK] Copied mesh: /work/hdd/bewv/smahesh1/ShadowHand-TQC/generated/studies/sphere_v1_demo/candidates/n1000_a0p1_b0p9/obj_size_small_ar_high_macro_low_rough_high/rigid/stls/hand/forearm_electric_cvx.stl
[OK] Copied mesh: /work/hdd/bewv/smahesh1/ShadowHand-TQC/generated/studies/sphere_v1_demo/candidates/n1000_a0p1_b0p9/obj_size_small_ar_high_macro_low_rough_high/rigid/stls/hand/knuckle.stl
[OK] Copied mesh: /work/hdd/bewv/smahesh1/ShadowHand-TQC/generated/studies/sphere_v1_demo/candidates/n1000_a0p1_b0p9/obj_size_small_ar_high_macro_low_rough_high/rigid/stls/hand/wrist.stl
[OK] Copied mesh: /work/hdd/bewv/smahesh1/ShadowHand-TQC/generated/studies/sphere_v1_demo/candidates/n1000_a0p1_b0p9/obj_size_small_ar_high_macro_low_rough_high/rigid/stls/hand/F3.stl
[OK] Copied mesh: /work/hdd/bewv/smahesh1/ShadowHand-TQC/generated/studies/sphere_v1_demo/candidates/n1000_a0p1_b0p9/obj_size_small_ar_high_macro_low_rough_high/rigid/stls/hand/F1.stl
[OK] Copied mesh: /work/hdd/bewv/smahesh1/ShadowHand-TQC/generated/studies/sphere_v1_demo/candidates/n1000_a0p1_b0p9/obj_size_small_ar_high_macro_low_rough_high/rigid/stls/hand/TH3_z.stl
[OK] Copied texture: /work/hdd/bewv/smahesh1/ShadowHand-TQC/generated/studies/sphere_v1_demo/candidates/n1000_a0p1_b0p9/obj_size_small_ar_high_macro_low_rough_high/rigid/textures/block_hidden.png
[OK] Copied texture: /work/hdd/bewv/smahesh1/ShadowHand-TQC/generated/studies/sphere_v1_demo/candidates/n1000_a0p1_b0p9/obj_size_small_ar_high_macro_low_rough_high/rigid/textures/block.png
Starting training with environment: n1000_a0p1_b0p9_obj_size_small_ar_high_macro_low_rough_high_rigid
Using 36 parallel environments
Eval frequency: 20000 timesteps
Total timesteps: 16000000.0
Using torch device: cuda
Adjusted buffer size: 9000000
Using cuda device
Replay-buffer NumPy payload is approximately 145.28 GiB in memory; local pickle size may vary.
Compact checkpoints enabled: replay buffers will not be saved. Resuming will rebuild the buffer from fresh experience.
Logging to /work/hdd/bewv/smahesh1/ShadowHand-TQC/generated/studies/sphere_v1_demo/candidates/n1000_a0p1_b0p9/obj_size_small_ar_high_macro_low_rough_high/rigid/runs/n1000_a0p1_b0p9_obj_size_small_ar_high_macro_low_rough_high_rigid_36env_0/TQC_1
---------------------------------
| rollout/           |          |
|    ep_len_mean     | 100      |
|    ep_rew_mean     | -100     |
|    success_rate    | 0        |
| time/              |          |
|    episodes        | 4        |
|    fps             | 613      |
|    time_elapsed    | 5        |
|    total_timesteps | 3600     |
---------------------------------
---------------------------------
| rollout/           |          |
|    ep_len_mean     | 100      |
|    ep_rew_mean     | -100     |
|    success_rate    | 0        |
| time/              |          |
|    episodes        | 8        |
|    fps             | 581      |
|    time_elapsed    | 6        |
|    total_timesteps | 3600     |
---------------------------------
---------------------------------
| rollout/           |          |
|    ep_len_mean     | 100      |
|    ep_rew_mean     | -100     |
|    success_rate    | 0        |
| time/              |          |
|    episodes        | 12       |
|    fps             | 581      |
|    time_elapsed    | 6        |
|    total_timesteps | 3600     |
---------------------------------
---------------------------------
| rollout/           |          |
|    ep_len_mean     | 100      |
|    ep_rew_mean     | -100     |
|    success_rate    | 0        |
| time/              |          |
|    episodes        | 16       |
|    fps             | 581      |
|    time_elapsed    | 6        |
|    total_timesteps | 3600     |
---------------------------------
---------------------------------
| rollout/           |          |
|    ep_len_mean     | 100      |
|    ep_rew_mean     | -100     |
|    success_rate    | 0        |
| time/              |          |
|    episodes        | 20       |
|    fps             | 580      |
|    time_elapsed    | 6        |
|    total_timesteps | 3600     |
---------------------------------
---------------------------------
| rollout/           |          |
|    ep_len_mean     | 100      |
|    ep_rew_mean     | -100     |
|    success_rate    | 0        |
| time/              |          |
|    episodes        | 24       |
|    fps             | 580      |
|    time_elapsed    | 6        |
|    total_timesteps | 3600     |
---------------------------------
---------------------------------
| rollout/           |          |
|    ep_len_mean     | 100      |
|    ep_rew_mean     | -100     |
|    success_rate    | 0        |
| time/              |          |
|    episodes        | 28       |
|    fps             | 580      |
|    time_elapsed    | 6        |
|    total_timesteps | 3600     |
---------------------------------
---------------------------------
| rollout/           |          |
|    ep_len_mean     | 100      |
|    ep_rew_mean     | -100     |
|    success_rate    | 0        |
| time/              |          |
|    episodes        | 32       |
|    fps             | 580      |
|    time_elapsed    | 6        |
|    total_timesteps | 3600     |
---------------------------------
---------------------------------
| rollout/           |          |
|    ep_len_mean     | 100      |
|    ep_rew_mean     | -100     |
|    success_rate    | 0        |
| time/              |          |
|    episodes        | 36       |
|    fps             | 579      |
|    time_elapsed    | 6        |
|    total_timesteps | 3600     |
---------------------------------
---------------------------------
| rollout/           |          |
|    ep_len_mean     | 100      |
|    ep_rew_mean     | -100     |
|    success_rate    | 0        |
| time/              |          |
|    episodes        | 40       |
|    fps             | 644      |
|    time_elapsed    | 11       |
|    total_timesteps | 7200     |
---------------------------------
---------------------------------
| rollout/           |          |
|    ep_len_mean     | 100      |
|    ep_rew_mean     | -100     |
|    success_rate    | 0        |
| time/              |          |
|    episodes        | 44       |
|    fps             | 644      |
|    time_elapsed    | 11       |
|    total_timesteps | 7200     |
---------------------------------
---------------------------------
| rollout/           |          |
|    ep_len_mean     | 100      |
|    ep_rew_mean     | -100     |
|    success_rate    | 0        |
| time/              |          |
|    episodes        | 48       |
|    fps             | 644      |
|    time_elapsed    | 11       |
|    total_timesteps | 7200     |
---------------------------------
---------------------------------
| rollout/           |          |
|    ep_len_mean     | 100      |
|    ep_rew_mean     | -100     |
|    success_rate    | 0        |
| time/              |          |
|    episodes        | 52       |
|    fps             | 644      |
|    time_elapsed    | 11       |
|    total_timesteps | 7200     |
---------------------------------
---------------------------------
| rollout/           |          |
|    ep_len_mean     | 100      |
|    ep_rew_mean     | -100     |
|    success_rate    | 0        |
| time/              |          |
|    episodes        | 56       |
|    fps             | 643      |
|    time_elapsed    | 11       |
|    total_timesteps | 7200     |
---------------------------------
---------------------------------
| rollout/           |          |
|    ep_len_mean     | 100      |
|    ep_rew_mean     | -100     |
|    success_rate    | 0        |
| time/              |          |
|    episodes        | 60       |
|    fps             | 643      |
|    time_elapsed    | 11       |
|    total_timesteps | 7200     |
---------------------------------
---------------------------------
| rollout/           |          |
|    ep_len_mean     | 100      |
|    ep_rew_mean     | -100     |
|    success_rate    | 0        |
| time/              |          |
|    episodes        | 64       |
|    fps             | 643      |
|    time_elapsed    | 11       |
|    total_timesteps | 7200     |
---------------------------------
---------------------------------
| rollout/           |          |
|    ep_len_mean     | 100      |
|    ep_rew_mean     | -100     |
|    success_rate    | 0        |
| time/              |          |
|    episodes        | 68       |
|    fps             | 643      |
|    time_elapsed    | 11       |
|    total_timesteps | 7200     |
---------------------------------
---------------------------------
| rollout/           |          |
|    ep_len_mean     | 100      |
|    ep_rew_mean     | -100     |
|    success_rate    | 0        |
| time/              |          |
|    episodes        | 72       |
|    fps             | 643      |
|    time_elapsed    | 11       |
|    total_timesteps | 7200     |
---------------------------------
---------------------------------
| rollout/           |          |
|    ep_len_mean     | 100      |
|    ep_rew_mean     | -100     |
|    success_rate    | 0        |
| time/              |          |
|    episodes        | 76       |
|    fps             | 633      |
|    time_elapsed    | 17       |
|    total_timesteps | 10800    |
| train/             |          |
|    actor_loss      | -24.6    |
|    critic_loss     | 1.12     |
|    ent_coef        | 0.979    |
|    ent_coef_loss   | -0.707   |
|    learning_rate   | 0.001    |
|    n_updates       | 22       |
---------------------------------
---------------------------------
| rollout/           |          |
|    ep_len_mean     | 100      |
|    ep_rew_mean     | -100     |
|    success_rate    | 0        |
| time/              |          |
|    episodes        | 80       |
|    fps             | 633      |
|    time_elapsed    | 17       |
|    total_timesteps | 10800    |
---------------------------------
---------------------------------
| rollout/           |          |
|    ep_len_mean     | 100      |
|    ep_rew_mean     | -100     |
|    success_rate    | 0        |
| time/              |          |
|    episodes        | 84       |
|    fps             | 633      |
|    time_elapsed    | 17       |
|    total_timesteps | 10800    |
---------------------------------
---------------------------------
| rollout/           |          |
|    ep_len_mean     | 100      |
|    ep_rew_mean     | -100     |
|    success_rate    | 0        |
| time/              |          |
|    episodes        | 88       |
|    fps             | 633      |
|    time_elapsed    | 17       |
|    total_timesteps | 10800    |
---------------------------------
---------------------------------
| rollout/           |          |
|    ep_len_mean     | 100      |
|    ep_rew_mean     | -100     |
|    success_rate    | 0        |
| time/              |          |
|    episodes        | 92       |
|    fps             | 633      |
|    time_elapsed    | 17       |
|    total_timesteps | 10800    |
---------------------------------
---------------------------------
| rollout/           |          |
|    ep_len_mean     | 100      |
|    ep_rew_mean     | -100     |
|    success_rate    | 0        |
| time/              |          |
|    episodes        | 96       |
|    fps             | 633      |
|    time_elapsed    | 17       |
|    total_timesteps | 10800    |
---------------------------------
---------------------------------
| rollout/           |          |
|    ep_len_mean     | 100      |
|    ep_rew_mean     | -100     |
|    success_rate    | 0        |
| time/              |          |
|    episodes        | 100      |
|    fps             | 633      |
|    time_elapsed    | 17       |
|    total_timesteps | 10800    |
---------------------------------
---------------------------------
| rollout/           |          |
|    ep_len_mean     | 100      |
|    ep_rew_mean     | -100     |
|    success_rate    | 0        |
| time/              |          |
|    episodes        | 104      |
|    fps             | 633      |
|    time_elapsed    | 17       |
|    total_timesteps | 10800    |
---------------------------------
---------------------------------
| rollout/           |          |
|    ep_len_mean     | 100      |
|    ep_rew_mean     | -100     |
|    success_rate    | 0        |
| time/              |          |
|    episodes        | 108      |
|    fps             | 633      |
|    time_elapsed    | 17       |
|    total_timesteps | 10800    |
---------------------------------
---------------------------------
| rollout/           |          |
|    ep_len_mean     | 100      |
|    ep_rew_mean     | -100     |
|    success_rate    | 0        |
| time/              |          |
|    episodes        | 112      |
|    fps             | 565      |
|    time_elapsed    | 25       |
|    total_timesteps | 14400    |
| train/             |          |
|    actor_loss      | -66.3    |
|    critic_loss     | 0.515    |
|    ent_coef        | 0.886    |
|    ent_coef_loss   | -4.06    |
|    learning_rate   | 0.001    |
|    n_updates       | 122      |
---------------------------------
---------------------------------
| rollout/           |          |
|    ep_len_mean     | 100      |
|    ep_rew_mean     | -100     |
|    success_rate    | 0        |
| time/              |          |
|    episodes        | 116      |
|    fps             | 565      |
|    time_elapsed    | 25       |
|    total_timesteps | 14400    |
---------------------------------
---------------------------------
| rollout/           |          |
|    ep_len_mean     | 100      |
|    ep_rew_mean     | -100     |
|    success_rate    | 0        |
| time/              |          |
|    episodes        | 120      |
|    fps             | 564      |
|    time_elapsed    | 25       |
|    total_timesteps | 14400    |
---------------------------------
---------------------------------
| rollout/           |          |
|    ep_len_mean     | 100      |
|    ep_rew_mean     | -100     |
|    success_rate    | 0        |
| time/              |          |
|    episodes        | 124      |
|    fps             | 564      |
|    time_elapsed    | 25       |
|    total_timesteps | 14400    |
---------------------------------
---------------------------------
| rollout/           |          |
|    ep_len_mean     | 100      |
|    ep_rew_mean     | -100     |
|    success_rate    | 0        |
| time/              |          |
|    episodes        | 128      |
|    fps             | 564      |
|    time_elapsed    | 25       |
|    total_timesteps | 14400    |
---------------------------------
---------------------------------
| rollout/           |          |
|    ep_len_mean     | 100      |
|    ep_rew_mean     | -100     |
|    success_rate    | 0        |
| time/              |          |
|    episodes        | 132      |
|    fps             | 564      |
|    time_elapsed    | 25       |
|    total_timesteps | 14400    |
---------------------------------
---------------------------------
| rollout/           |          |
|    ep_len_mean     | 100      |
|    ep_rew_mean     | -100     |
|    success_rate    | 0        |
| time/              |          |
|    episodes        | 136      |
|    fps             | 564      |
|    time_elapsed    | 25       |
|    total_timesteps | 14400    |
---------------------------------
---------------------------------
| rollout/           |          |
|    ep_len_mean     | 100      |
|    ep_rew_mean     | -100     |
|    success_rate    | 0        |
| time/              |          |
|    episodes        | 140      |
|    fps             | 564      |
|    time_elapsed    | 25       |
|    total_timesteps | 14400    |
---------------------------------
---------------------------------
| rollout/           |          |
|    ep_len_mean     | 100      |
|    ep_rew_mean     | -100     |
|    success_rate    | 0        |
| time/              |          |
|    episodes        | 144      |
|    fps             | 564      |
|    time_elapsed    | 25       |
|    total_timesteps | 14400    |
---------------------------------
---------------------------------
| rollout/           |          |
|    ep_len_mean     | 100      |
|    ep_rew_mean     | -100     |
|    success_rate    | 0        |
| time/              |          |
|    episodes        | 148      |
|    fps             | 529      |
|    time_elapsed    | 33       |
|    total_timesteps | 18000    |
| train/             |          |
|    actor_loss      | -98.8    |
|    critic_loss     | 0.657    |
|    ent_coef        | 0.802    |
|    ent_coef_loss   | -7.29    |
|    learning_rate   | 0.001    |
|    n_updates       | 222      |
---------------------------------
---------------------------------
| rollout/           |          |
|    ep_len_mean     | 100      |
|    ep_rew_mean     | -100     |
|    success_rate    | 0        |
| time/              |          |
|    episodes        | 152      |
|    fps             | 529      |
|    time_elapsed    | 33       |
|    total_timesteps | 18000    |
---------------------------------
---------------------------------
| rollout/           |          |
|    ep_len_mean     | 100      |
|    ep_rew_mean     | -100     |
|    success_rate    | 0        |
| time/              |          |
|    episodes        | 156      |
|    fps             | 529      |
|    time_elapsed    | 33       |
|    total_timesteps | 18000    |
---------------------------------
---------------------------------
| rollout/           |          |
|    ep_len_mean     | 100      |
|    ep_rew_mean     | -100     |
|    success_rate    | 0        |
| time/              |          |
|    episodes        | 160      |
|    fps             | 529      |
|    time_elapsed    | 33       |
|    total_timesteps | 18000    |
---------------------------------
---------------------------------
| rollout/           |          |
|    ep_len_mean     | 100      |
|    ep_rew_mean     | -100     |
|    success_rate    | 0        |
| time/              |          |
|    episodes        | 164      |
|    fps             | 529      |
|    time_elapsed    | 33       |
|    total_timesteps | 18000    |
---------------------------------
---------------------------------
| rollout/           |          |
|    ep_len_mean     | 100      |
|    ep_rew_mean     | -100     |
|    success_rate    | 0        |
| time/              |          |
|    episodes        | 168      |
|    fps             | 529      |
|    time_elapsed    | 33       |
|    total_timesteps | 18000    |
---------------------------------
---------------------------------
| rollout/           |          |
|    ep_len_mean     | 100      |
|    ep_rew_mean     | -100     |
|    success_rate    | 0        |
| time/              |          |
|    episodes        | 172      |
|    fps             | 529      |
|    time_elapsed    | 33       |
|    total_timesteps | 18000    |
---------------------------------
---------------------------------
| rollout/           |          |
|    ep_len_mean     | 100      |
|    ep_rew_mean     | -100     |
|    success_rate    | 0        |
| time/              |          |
|    episodes        | 176      |
|    fps             | 529      |
|    time_elapsed    | 33       |
|    total_timesteps | 18000    |
---------------------------------
---------------------------------
| rollout/           |          |
|    ep_len_mean     | 100      |
|    ep_rew_mean     | -100     |
|    success_rate    | 0        |
| time/              |          |
|    episodes        | 180      |
|    fps             | 529      |
|    time_elapsed    | 33       |
|    total_timesteps | 18000    |
---------------------------------

Running evaluation at 20016 timesteps...
Successfully copied normalization stats
Evaluation results: {'eval/mean_reward': np.float32(-100.0), 'eval/std_reward': np.float32(0.0), 'eval/success_rate': np.float64(0.0)}
---------------------------------
| rollout/           |          |
|    ep_len_mean     | 100      |
|    ep_rew_mean     | -100     |
|    success_rate    | 0        |
| time/              |          |
|    episodes        | 184      |
|    fps             | 328      |
|    time_elapsed    | 65       |
|    total_timesteps | 21600    |
| train/             |          |
|    actor_loss      | -120     |
|    critic_loss     | 0.819    |
|    ent_coef        | 0.727    |
|    ent_coef_loss   | -10.4    |
|    learning_rate   | 0.001    |
|    n_updates       | 322      |
---------------------------------
---------------------------------
| rollout/           |          |
|    ep_len_mean     | 100      |
|    ep_rew_mean     | -100     |
|    success_rate    | 0        |
| time/              |          |
|    episodes        | 188      |
|    fps             | 328      |
|    time_elapsed    | 65       |
|    total_timesteps | 21600    |
---------------------------------
---------------------------------
| rollout/           |          |
|    ep_len_mean     | 100      |
|    ep_rew_mean     | -100     |
|    success_rate    | 0        |
| time/              |          |
|    episodes        | 192      |
|    fps             | 328      |
|    time_elapsed    | 65       |
|    total_timesteps | 21600    |
---------------------------------
---------------------------------
| rollout/           |          |
|    ep_len_mean     | 100      |
|    ep_rew_mean     | -100     |
|    success_rate    | 0        |
| time/              |          |
|    episodes        | 196      |
|    fps             | 328      |
|    time_elapsed    | 65       |
|    total_timesteps | 21600    |
---------------------------------
---------------------------------
| rollout/           |          |
|    ep_len_mean     | 100      |
|    ep_rew_mean     | -100     |
|    success_rate    | 0        |
| time/              |          |
|    episodes        | 200      |
|    fps             | 328      |
|    time_elapsed    | 65       |
|    total_timesteps | 21600    |
---------------------------------
---------------------------------
| rollout/           |          |
|    ep_len_mean     | 100      |
|    ep_rew_mean     | -100     |
|    success_rate    | 0        |
| time/              |          |
|    episodes        | 204      |
|    fps             | 328      |
|    time_elapsed    | 65       |
|    total_timesteps | 21600    |
---------------------------------
---------------------------------
| rollout/           |          |
|    ep_len_mean     | 100      |
|    ep_rew_mean     | -100     |
|    success_rate    | 0        |
| time/              |          |
|    episodes        | 208      |
|    fps             | 328      |
|    time_elapsed    | 65       |
|    total_timesteps | 21600    |
---------------------------------
---------------------------------
| rollout/           |          |
|    ep_len_mean     | 100      |
|    ep_rew_mean     | -100     |
|    success_rate    | 0        |
| time/              |          |
|    episodes        | 212      |
|    fps             | 328      |
|    time_elapsed    | 65       |
|    total_timesteps | 21600    |
---------------------------------
---------------------------------
| rollout/           |          |
|    ep_len_mean     | 100      |
|    ep_rew_mean     | -100     |
|    success_rate    | 0        |
| time/              |          |
|    episodes        | 216      |
|    fps             | 328      |
|    time_elapsed    | 65       |
|    total_timesteps | 21600    |
---------------------------------
---------------------------------
| rollout/           |          |
|    ep_len_mean     | 100      |
|    ep_rew_mean     | -100     |
|    success_rate    | 0        |
| time/              |          |
|    episodes        | 220      |
|    fps             | 339      |
|    time_elapsed    | 74       |
|    total_timesteps | 25200    |
| train/             |          |
|    actor_loss      | -132     |
|    critic_loss     | 0.911    |
|    ent_coef        | 0.659    |
|    ent_coef_loss   | -13.5    |
|    learning_rate   | 0.001    |
|    n_updates       | 422      |
---------------------------------
---------------------------------
| rollout/           |          |
|    ep_len_mean     | 100      |
|    ep_rew_mean     | -100     |
|    success_rate    | 0        |
| time/              |          |
|    episodes        | 224      |
|    fps             | 339      |
|    time_elapsed    | 74       |
|    total_timesteps | 25200    |
---------------------------------
---------------------------------
| rollout/           |          |
|    ep_len_mean     | 100      |
|    ep_rew_mean     | -100     |
|    success_rate    | 0        |
| time/              |          |
|    episodes        | 228      |
|    fps             | 339      |
|    time_elapsed    | 74       |
|    total_timesteps | 25200    |
---------------------------------
---------------------------------
| rollout/           |          |
|    ep_len_mean     | 100      |
|    ep_rew_mean     | -100     |
|    success_rate    | 0        |
| time/              |          |
|    episodes        | 232      |
|    fps             | 339      |
|    time_elapsed    | 74       |
|    total_timesteps | 25200    |
---------------------------------
---------------------------------
| rollout/           |          |
|    ep_len_mean     | 100      |
|    ep_rew_mean     | -100     |
|    success_rate    | 0        |
| time/              |          |
|    episodes        | 236      |
|    fps             | 339      |
|    time_elapsed    | 74       |
|    total_timesteps | 25200    |
---------------------------------
---------------------------------
| rollout/           |          |
|    ep_len_mean     | 100      |
|    ep_rew_mean     | -100     |
|    success_rate    | 0        |
| time/              |          |
|    episodes        | 240      |
|    fps             | 339      |
|    time_elapsed    | 74       |
|    total_timesteps | 25200    |
---------------------------------
---------------------------------
| rollout/           |          |
|    ep_len_mean     | 100      |
|    ep_rew_mean     | -100     |
|    success_rate    | 0        |
| time/              |          |
|    episodes        | 244      |
|    fps             | 339      |
|    time_elapsed    | 74       |
|    total_timesteps | 25200    |
---------------------------------
---------------------------------
| rollout/           |          |
|    ep_len_mean     | 100      |
|    ep_rew_mean     | -100     |
|    success_rate    | 0        |
| time/              |          |
|    episodes        | 248      |
|    fps             | 339      |
|    time_elapsed    | 74       |
|    total_timesteps | 25200    |
---------------------------------
---------------------------------
| rollout/           |          |
|    ep_len_mean     | 100      |
|    ep_rew_mean     | -100     |
|    success_rate    | 0        |
| time/              |          |
|    episodes        | 252      |
|    fps             | 339      |
|    time_elapsed    | 74       |
|    total_timesteps | 25200    |
---------------------------------
---------------------------------
| rollout/           |          |
|    ep_len_mean     | 100      |
|    ep_rew_mean     | -100     |
|    success_rate    | 0        |
| time/              |          |
|    episodes        | 256      |
|    fps             | 347      |
|    time_elapsed    | 82       |
|    total_timesteps | 28800    |
| train/             |          |
|    actor_loss      | -139     |
|    critic_loss     | 0.983    |
|    ent_coef        | 0.597    |
|    ent_coef_loss   | -16.5    |
|    learning_rate   | 0.001    |
|    n_updates       | 522      |
---------------------------------
---------------------------------
| rollout/           |          |
|    ep_len_mean     | 100      |
|    ep_rew_mean     | -100     |
|    success_rate    | 0        |
| time/              |          |
|    episodes        | 260      |
|    fps             | 347      |
|    time_elapsed    | 82       |
|    total_timesteps | 28800    |
---------------------------------
---------------------------------
| rollout/           |          |
|    ep_len_mean     | 100      |
|    ep_rew_mean     | -100     |
|    success_rate    | 0        |
| time/              |          |
|    episodes        | 264      |
|    fps             | 347      |
|    time_elapsed    | 82       |
|    total_timesteps | 28800    |
---------------------------------
---------------------------------
| rollout/           |          |
|    ep_len_mean     | 100      |
|    ep_rew_mean     | -100     |
|    success_rate    | 0        |
| time/              |          |
|    episodes        | 268      |
|    fps             | 347      |
|    time_elapsed    | 82       |
|    total_timesteps | 28800    |
---------------------------------
---------------------------------
| rollout/           |          |
|    ep_len_mean     | 100      |
|    ep_rew_mean     | -100     |
|    success_rate    | 0        |
| time/              |          |
|    episodes        | 272      |
|    fps             | 347      |
|    time_elapsed    | 82       |
|    total_timesteps | 28800    |
---------------------------------
---------------------------------
| rollout/           |          |
|    ep_len_mean     | 100      |
|    ep_rew_mean     | -100     |
|    success_rate    | 0        |
| time/              |          |
|    episodes        | 276      |
|    fps             | 347      |
|    time_elapsed    | 82       |
|    total_timesteps | 28800    |
---------------------------------
---------------------------------
| rollout/           |          |
|    ep_len_mean     | 100      |
|    ep_rew_mean     | -100     |
|    success_rate    | 0        |
| time/              |          |
|    episodes        | 280      |
|    fps             | 347      |
|    time_elapsed    | 82       |
|    total_timesteps | 28800    |
---------------------------------
---------------------------------
| rollout/           |          |
|    ep_len_mean     | 100      |
|    ep_rew_mean     | -100     |
|    success_rate    | 0        |
| time/              |          |
|    episodes        | 284      |
|    fps             | 347      |
|    time_elapsed    | 82       |
|    total_timesteps | 28800    |
---------------------------------
---------------------------------
| rollout/           |          |
|    ep_len_mean     | 100      |
|    ep_rew_mean     | -100     |
|    success_rate    | 0        |
| time/              |          |
|    episodes        | 288      |
|    fps             | 347      |
|    time_elapsed    | 82       |
|    total_timesteps | 28800    |
---------------------------------
---------------------------------
| rollout/           |          |
|    ep_len_mean     | 100      |
|    ep_rew_mean     | -100     |
|    success_rate    | 0        |
| time/              |          |
|    episodes        | 292      |
|    fps             | 348      |
|    time_elapsed    | 92       |
|    total_timesteps | 32400    |
| train/             |          |
|    actor_loss      | -140     |
|    critic_loss     | 1.01     |
|    ent_coef        | 0.542    |
|    ent_coef_loss   | -19.9    |
|    learning_rate   | 0.001    |
|    n_updates       | 622      |
---------------------------------
---------------------------------
| rollout/           |          |
|    ep_len_mean     | 100      |
|    ep_rew_mean     | -100     |
|    success_rate    | 0        |
| time/              |          |
|    episodes        | 296      |
|    fps             | 348      |
|    time_elapsed    | 92       |
|    total_timesteps | 32400    |
---------------------------------
---------------------------------
| rollout/           |          |
|    ep_len_mean     | 100      |
|    ep_rew_mean     | -100     |
|    success_rate    | 0        |
| time/              |          |
|    episodes        | 300      |
|    fps             | 348      |
|    time_elapsed    | 92       |
|    total_timesteps | 32400    |
---------------------------------
---------------------------------
| rollout/           |          |
|    ep_len_mean     | 100      |
|    ep_rew_mean     | -100     |
|    success_rate    | 0        |
| time/              |          |
|    episodes        | 304      |
|    fps             | 348      |
|    time_elapsed    | 92       |
|    total_timesteps | 32400    |
---------------------------------
---------------------------------
| rollout/           |          |
|    ep_len_mean     | 100      |
|    ep_rew_mean     | -100     |
|    success_rate    | 0        |
| time/              |          |
|    episodes        | 308      |
|    fps             | 348      |
|    time_elapsed    | 92       |
|    total_timesteps | 32400    |
---------------------------------
---------------------------------
| rollout/           |          |
|    ep_len_mean     | 100      |
|    ep_rew_mean     | -100     |
|    success_rate    | 0        |
| time/              |          |
|    episodes        | 312      |
|    fps             | 348      |
|    time_elapsed    | 92       |
|    total_timesteps | 32400    |
---------------------------------
---------------------------------
| rollout/           |          |
|    ep_len_mean     | 100      |
|    ep_rew_mean     | -100     |
|    success_rate    | 0        |
| time/              |          |
|    episodes        | 316      |
|    fps             | 348      |
|    time_elapsed    | 92       |
|    total_timesteps | 32400    |
---------------------------------
---------------------------------
| rollout/           |          |
|    ep_len_mean     | 100      |
|    ep_rew_mean     | -100     |
|    success_rate    | 0        |
| time/              |          |
|    episodes        | 320      |
|    fps             | 348      |
|    time_elapsed    | 92       |
|    total_timesteps | 32400    |
---------------------------------
---------------------------------
| rollout/           |          |
|    ep_len_mean     | 100      |
|    ep_rew_mean     | -100     |
|    success_rate    | 0        |
| time/              |          |
|    episodes        | 324      |
|    fps             | 348      |
|    time_elapsed    | 92       |
|    total_timesteps | 32400    |
---------------------------------
---------------------------------
| rollout/           |          |
|    ep_len_mean     | 100      |
|    ep_rew_mean     | -100     |
|    success_rate    | 0        |
| time/              |          |
|    episodes        | 328      |
|    fps             | 353      |
|    time_elapsed    | 101      |
|    total_timesteps | 36000    |
| train/             |          |
|    actor_loss      | -136     |
|    critic_loss     | 0.816    |
|    ent_coef        | 0.491    |
|    ent_coef_loss   | -23      |
|    learning_rate   | 0.001    |
|    n_updates       | 722      |
---------------------------------
---------------------------------
| rollout/           |          |
|    ep_len_mean     | 100      |
|    ep_rew_mean     | -100     |
|    success_rate    | 0        |
| time/              |          |
|    episodes        | 332      |
|    fps             | 353      |
|    time_elapsed    | 101      |
|    total_timesteps | 36000    |
---------------------------------
---------------------------------
| rollout/           |          |
|    ep_len_mean     | 100      |
|    ep_rew_mean     | -100     |
|    success_rate    | 0        |
| time/              |          |
|    episodes        | 336      |
|    fps             | 353      |
|    time_elapsed    | 101      |
|    total_timesteps | 36000    |
---------------------------------
---------------------------------
| rollout/           |          |
|    ep_len_mean     | 100      |
|    ep_rew_mean     | -100     |
|    success_rate    | 0        |
| time/              |          |
|    episodes        | 340      |
|    fps             | 353      |
|    time_elapsed    | 101      |
|    total_timesteps | 36000    |
---------------------------------
---------------------------------
| rollout/           |          |
|    ep_len_mean     | 100      |
|    ep_rew_mean     | -100     |
|    success_rate    | 0        |
| time/              |          |
|    episodes        | 344      |
|    fps             | 353      |
|    time_elapsed    | 101      |
|    total_timesteps | 36000    |
---------------------------------
---------------------------------
| rollout/           |          |
|    ep_len_mean     | 100      |
|    ep_rew_mean     | -100     |
|    success_rate    | 0        |
| time/              |          |
|    episodes        | 348      |
|    fps             | 353      |
|    time_elapsed    | 101      |
|    total_timesteps | 36000    |
---------------------------------
---------------------------------
| rollout/           |          |
|    ep_len_mean     | 100      |
|    ep_rew_mean     | -100     |
|    success_rate    | 0        |
| time/              |          |
|    episodes        | 352      |
|    fps             | 352      |
|    time_elapsed    | 101      |
|    total_timesteps | 36000    |
---------------------------------
---------------------------------
| rollout/           |          |
|    ep_len_mean     | 100      |
|    ep_rew_mean     | -100     |
|    success_rate    | 0        |
| time/              |          |
|    episodes        | 356      |
|    fps             | 352      |
|    time_elapsed    | 101      |
|    total_timesteps | 36000    |
---------------------------------
---------------------------------
| rollout/           |          |
|    ep_len_mean     | 100      |
|    ep_rew_mean     | -100     |
|    success_rate    | 0        |
| time/              |          |
|    episodes        | 360      |
|    fps             | 352      |
|    time_elapsed    | 101      |
|    total_timesteps | 36000    |
---------------------------------
---------------------------------
| rollout/           |          |
|    ep_len_mean     | 100      |
|    ep_rew_mean     | -100     |
|    success_rate    | 0        |
| time/              |          |
|    episodes        | 364      |
|    fps             | 358      |
|    time_elapsed    | 110      |
|    total_timesteps | 39600    |
| train/             |          |
|    actor_loss      | -130     |
|    critic_loss     | 0.74     |
|    ent_coef        | 0.444    |
|    ent_coef_loss   | -26.3    |
|    learning_rate   | 0.001    |
|    n_updates       | 822      |
---------------------------------
---------------------------------
| rollout/           |          |
|    ep_len_mean     | 100      |
|    ep_rew_mean     | -100     |
|    success_rate    | 0        |
| time/              |          |
|    episodes        | 368      |
|    fps             | 358      |
|    time_elapsed    | 110      |
|    total_timesteps | 39600    |
---------------------------------
---------------------------------
| rollout/           |          |
|    ep_len_mean     | 100      |
|    ep_rew_mean     | -100     |
|    success_rate    | 0        |
| time/              |          |
|    episodes        | 372      |
|    fps             | 358      |
|    time_elapsed    | 110      |
|    total_timesteps | 39600    |
---------------------------------
---------------------------------
| rollout/           |          |
|    ep_len_mean     | 100      |
|    ep_rew_mean     | -100     |
|    success_rate    | 0        |
| time/              |          |
|    episodes        | 376      |
|    fps             | 358      |
|    time_elapsed    | 110      |
|    total_timesteps | 39600    |
---------------------------------
---------------------------------
| rollout/           |          |
|    ep_len_mean     | 100      |
|    ep_rew_mean     | -100     |
|    success_rate    | 0        |
| time/              |          |
|    episodes        | 380      |
|    fps             | 358      |
|    time_elapsed    | 110      |
|    total_timesteps | 39600    |
---------------------------------
---------------------------------
| rollout/           |          |
|    ep_len_mean     | 100      |
|    ep_rew_mean     | -100     |
|    success_rate    | 0        |
| time/              |          |
|    episodes        | 384      |
|    fps             | 357      |
|    time_elapsed    | 110      |
|    total_timesteps | 39600    |
---------------------------------
---------------------------------
| rollout/           |          |
|    ep_len_mean     | 100      |
|    ep_rew_mean     | -100     |
|    success_rate    | 0        |
| time/              |          |
|    episodes        | 388      |
|    fps             | 357      |
|    time_elapsed    | 110      |
|    total_timesteps | 39600    |
---------------------------------
---------------------------------
| rollout/           |          |
|    ep_len_mean     | 100      |
|    ep_rew_mean     | -100     |
|    success_rate    | 0        |
| time/              |          |
|    episodes        | 392      |
|    fps             | 357      |
|    time_elapsed    | 110      |
|    total_timesteps | 39600    |
---------------------------------
---------------------------------
| rollout/           |          |
|    ep_len_mean     | 100      |
|    ep_rew_mean     | -100     |
|    success_rate    | 0        |
| time/              |          |
|    episodes        | 396      |
|    fps             | 357      |
|    time_elapsed    | 110      |
|    total_timesteps | 39600    |
---------------------------------

Running evaluation at 40032 timesteps...
Successfully copied normalization stats
Evaluation results: {'eval/mean_reward': np.float32(-100.0), 'eval/std_reward': np.float32(0.0), 'eval/success_rate': np.float64(0.0)}
---------------------------------
| rollout/           |          |
|    ep_len_mean     | 100      |
|    ep_rew_mean     | -100     |
|    success_rate    | 0        |
| time/              |          |
|    episodes        | 400      |
|    fps             | 303      |
|    time_elapsed    | 142      |
|    total_timesteps | 43200    |
| train/             |          |
|    actor_loss      | -123     |
|    critic_loss     | 0.709    |
|    ent_coef        | 0.402    |
|    ent_coef_loss   | -29.5    |
|    learning_rate   | 0.001    |
|    n_updates       | 922      |
---------------------------------
---------------------------------
| rollout/           |          |
|    ep_len_mean     | 100      |
|    ep_rew_mean     | -100     |
|    success_rate    | 0        |
| time/              |          |
|    episodes        | 404      |
|    fps             | 303      |
|    time_elapsed    | 142      |
|    total_timesteps | 43200    |
---------------------------------
---------------------------------
| rollout/           |          |
|    ep_len_mean     | 100      |
|    ep_rew_mean     | -100     |
|    success_rate    | 0        |
| time/              |          |
|    episodes        | 408      |
|    fps             | 302      |
|    time_elapsed    | 142      |
|    total_timesteps | 43200    |
---------------------------------
---------------------------------
| rollout/           |          |
|    ep_len_mean     | 100      |
|    ep_rew_mean     | -100     |
|    success_rate    | 0        |
| time/              |          |
|    episodes        | 412      |
|    fps             | 302      |
|    time_elapsed    | 142      |
|    total_timesteps | 43200    |
---------------------------------
---------------------------------
| rollout/           |          |
|    ep_len_mean     | 100      |
|    ep_rew_mean     | -100     |
|    success_rate    | 0        |
| time/              |          |
|    episodes        | 416      |
|    fps             | 302      |
|    time_elapsed    | 142      |
|    total_timesteps | 43200    |
---------------------------------
---------------------------------
| rollout/           |          |
|    ep_len_mean     | 100      |
|    ep_rew_mean     | -100     |
|    success_rate    | 0        |
| time/              |          |
|    episodes        | 420      |
|    fps             | 302      |
|    time_elapsed    | 142      |
|    total_timesteps | 43200    |
---------------------------------
---------------------------------
| rollout/           |          |
|    ep_len_mean     | 100      |
|    ep_rew_mean     | -100     |
|    success_rate    | 0        |
| time/              |          |
|    episodes        | 424      |
|    fps             | 302      |
|    time_elapsed    | 142      |
|    total_timesteps | 43200    |
---------------------------------
---------------------------------
| rollout/           |          |
|    ep_len_mean     | 100      |
|    ep_rew_mean     | -100     |
|    success_rate    | 0        |
| time/              |          |
|    episodes        | 428      |
|    fps             | 302      |
|    time_elapsed    | 142      |
|    total_timesteps | 43200    |
---------------------------------
---------------------------------
| rollout/           |          |
|    ep_len_mean     | 100      |
|    ep_rew_mean     | -100     |
|    success_rate    | 0        |
| time/              |          |
|    episodes        | 432      |
|    fps             | 302      |
|    time_elapsed    | 142      |
|    total_timesteps | 43200    |
---------------------------------
---------------------------------
| rollout/           |          |
|    ep_len_mean     | 100      |
|    ep_rew_mean     | -100     |
|    success_rate    | 0        |
| time/              |          |
|    episodes        | 436      |
|    fps             | 309      |
|    time_elapsed    | 151      |
|    total_timesteps | 46800    |
| train/             |          |
|    actor_loss      | -115     |
|    critic_loss     | 0.561    |
|    ent_coef        | 0.364    |
|    ent_coef_loss   | -32.9    |
|    learning_rate   | 0.001    |
|    n_updates       | 1022     |
---------------------------------
---------------------------------
| rollout/           |          |
|    ep_len_mean     | 100      |
|    ep_rew_mean     | -100     |
|    success_rate    | 0        |
| time/              |          |
|    episodes        | 440      |
|    fps             | 309      |
|    time_elapsed    | 151      |
|    total_timesteps | 46800    |
---------------------------------
---------------------------------
| rollout/           |          |
|    ep_len_mean     | 100      |
|    ep_rew_mean     | -100     |
|    success_rate    | 0        |
| time/              |          |
|    episodes        | 444      |
|    fps             | 309      |
|    time_elapsed    | 151      |
|    total_timesteps | 46800    |
---------------------------------
---------------------------------
| rollout/           |          |
|    ep_len_mean     | 100      |
|    ep_rew_mean     | -100     |
|    success_rate    | 0        |
| time/              |          |
|    episodes        | 448      |
|    fps             | 309      |
|    time_elapsed    | 151      |
|    total_timesteps | 46800    |
---------------------------------
---------------------------------
| rollout/           |          |
|    ep_len_mean     | 100      |
|    ep_rew_mean     | -100     |
|    success_rate    | 0        |
| time/              |          |
|    episodes        | 452      |
|    fps             | 309      |
|    time_elapsed    | 151      |
|    total_timesteps | 46800    |
---------------------------------
---------------------------------
| rollout/           |          |
|    ep_len_mean     | 100      |
|    ep_rew_mean     | -100     |
|    success_rate    | 0        |
| time/              |          |
|    episodes        | 456      |
|    fps             | 309      |
|    time_elapsed    | 151      |
|    total_timesteps | 46800    |
---------------------------------
---------------------------------
| rollout/           |          |
|    ep_len_mean     | 100      |
|    ep_rew_mean     | -100     |
|    success_rate    | 0        |
| time/              |          |
|    episodes        | 460      |
|    fps             | 309      |
|    time_elapsed    | 151      |
|    total_timesteps | 46800    |
---------------------------------
---------------------------------
| rollout/           |          |
|    ep_len_mean     | 100      |
|    ep_rew_mean     | -100     |
|    success_rate    | 0        |
| time/              |          |
|    episodes        | 464      |
|    fps             | 309      |
|    time_elapsed    | 151      |
|    total_timesteps | 46800    |
---------------------------------
---------------------------------
| rollout/           |          |
|    ep_len_mean     | 100      |
|    ep_rew_mean     | -100     |
|    success_rate    | 0        |
| time/              |          |
|    episodes        | 468      |
|    fps             | 309      |
|    time_elapsed    | 151      |
|    total_timesteps | 46800    |
---------------------------------
---------------------------------
| rollout/           |          |
|    ep_len_mean     | 100      |
|    ep_rew_mean     | -100     |
|    success_rate    | 0        |
| time/              |          |
|    episodes        | 472      |
|    fps             | 315      |
|    time_elapsed    | 159      |
|    total_timesteps | 50400    |
| train/             |          |
|    actor_loss      | -108     |
|    critic_loss     | 0.481    |
|    ent_coef        | 0.329    |
|    ent_coef_loss   | -36.3    |
|    learning_rate   | 0.001    |
|    n_updates       | 1122     |
---------------------------------
---------------------------------
| rollout/           |          |
|    ep_len_mean     | 100      |
|    ep_rew_mean     | -100     |
|    success_rate    | 0        |
| time/              |          |
|    episodes        | 476      |
|    fps             | 315      |
|    time_elapsed    | 159      |
|    total_timesteps | 50400    |
---------------------------------
---------------------------------
| rollout/           |          |
|    ep_len_mean     | 100      |
|    ep_rew_mean     | -100     |
|    success_rate    | 0        |
| time/              |          |
|    episodes        | 480      |
|    fps             | 315      |
|    time_elapsed    | 159      |
|    total_timesteps | 50400    |
---------------------------------
---------------------------------
| rollout/           |          |
|    ep_len_mean     | 100      |
|    ep_rew_mean     | -100     |
|    success_rate    | 0        |
| time/              |          |
|    episodes        | 484      |
|    fps             | 315      |
|    time_elapsed    | 159      |
|    total_timesteps | 50400    |
---------------------------------
---------------------------------
| rollout/           |          |
|    ep_len_mean     | 100      |
|    ep_rew_mean     | -100     |
|    success_rate    | 0        |
| time/              |          |
|    episodes        | 488      |
|    fps             | 315      |
|    time_elapsed    | 159      |
|    total_timesteps | 50400    |
---------------------------------
---------------------------------
| rollout/           |          |
|    ep_len_mean     | 100      |
|    ep_rew_mean     | -100     |
|    success_rate    | 0        |
| time/              |          |
|    episodes        | 492      |
|    fps             | 315      |
|    time_elapsed    | 159      |
|    total_timesteps | 50400    |
---------------------------------
---------------------------------
| rollout/           |          |
|    ep_len_mean     | 100      |
|    ep_rew_mean     | -100     |
|    success_rate    | 0        |
| time/              |          |
|    episodes        | 496      |
|    fps             | 315      |
|    time_elapsed    | 159      |
|    total_timesteps | 50400    |
---------------------------------
---------------------------------
| rollout/           |          |
|    ep_len_mean     | 100      |
|    ep_rew_mean     | -100     |
|    success_rate    | 0        |
| time/              |          |
|    episodes        | 500      |
|    fps             | 315      |
|    time_elapsed    | 159      |
|    total_timesteps | 50400    |
---------------------------------
---------------------------------
| rollout/           |          |
|    ep_len_mean     | 100      |
|    ep_rew_mean     | -100     |
|    success_rate    | 0        |
| time/              |          |
|    episodes        | 504      |
|    fps             | 315      |
|    time_elapsed    | 159      |
|    total_timesteps | 50400    |
---------------------------------
---------------------------------
| rollout/           |          |
|    ep_len_mean     | 100      |
|    ep_rew_mean     | -100     |
|    success_rate    | 0        |
| time/              |          |
|    episodes        | 508      |
|    fps             | 320      |
|    time_elapsed    | 168      |
|    total_timesteps | 54000    |
| train/             |          |
|    actor_loss      | -98.8    |
|    critic_loss     | 0.497    |
|    ent_coef        | 0.298    |
|    ent_coef_loss   | -39.7    |
|    learning_rate   | 0.001    |
|    n_updates       | 1222     |
---------------------------------
---------------------------------
| rollout/           |          |
|    ep_len_mean     | 100      |
|    ep_rew_mean     | -100     |
|    success_rate    | 0        |
| time/              |          |
|    episodes        | 512      |
|    fps             | 320      |
|    time_elapsed    | 168      |
|    total_timesteps | 54000    |
---------------------------------
---------------------------------
| rollout/           |          |
|    ep_len_mean     | 100      |
|    ep_rew_mean     | -100     |
|    success_rate    | 0        |
| time/              |          |
|    episodes        | 516      |
|    fps             | 320      |
|    time_elapsed    | 168      |
|    total_timesteps | 54000    |
---------------------------------
---------------------------------
| rollout/           |          |
|    ep_len_mean     | 100      |
|    ep_rew_mean     | -100     |
|    success_rate    | 0        |
| time/              |          |
|    episodes        | 520      |
|    fps             | 320      |
|    time_elapsed    | 168      |
|    total_timesteps | 54000    |
---------------------------------
---------------------------------
| rollout/           |          |
|    ep_len_mean     | 100      |
|    ep_rew_mean     | -100     |
|    success_rate    | 0        |
| time/              |          |
|    episodes        | 524      |
|    fps             | 320      |
|    time_elapsed    | 168      |
|    total_timesteps | 54000    |
---------------------------------
---------------------------------
| rollout/           |          |
|    ep_len_mean     | 100      |
|    ep_rew_mean     | -100     |
|    success_rate    | 0        |
| time/              |          |
|    episodes        | 528      |
|    fps             | 320      |
|    time_elapsed    | 168      |
|    total_timesteps | 54000    |
---------------------------------
---------------------------------
| rollout/           |          |
|    ep_len_mean     | 100      |
|    ep_rew_mean     | -100     |
|    success_rate    | 0        |
| time/              |          |
|    episodes        | 532      |
|    fps             | 320      |
|    time_elapsed    | 168      |
|    total_timesteps | 54000    |
---------------------------------
---------------------------------
| rollout/           |          |
|    ep_len_mean     | 100      |
|    ep_rew_mean     | -100     |
|    success_rate    | 0        |
| time/              |          |
|    episodes        | 536      |
|    fps             | 320      |
|    time_elapsed    | 168      |
|    total_timesteps | 54000    |
---------------------------------
---------------------------------
| rollout/           |          |
|    ep_len_mean     | 100      |
|    ep_rew_mean     | -100     |
|    success_rate    | 0        |
| time/              |          |
|    episodes        | 540      |
|    fps             | 320      |
|    time_elapsed    | 168      |
|    total_timesteps | 54000    |
---------------------------------
---------------------------------
| rollout/           |          |
|    ep_len_mean     | 100      |
|    ep_rew_mean     | -100     |
|    success_rate    | 0        |
| time/              |          |
|    episodes        | 544      |
|    fps             | 324      |
|    time_elapsed    | 177      |
|    total_timesteps | 57600    |
| train/             |          |
|    actor_loss      | -91.2    |
|    critic_loss     | 0.403    |
|    ent_coef        | 0.269    |
|    ent_coef_loss   | -43.1    |
|    learning_rate   | 0.001    |
|    n_updates       | 1322     |
---------------------------------
---------------------------------
| rollout/           |          |
|    ep_len_mean     | 100      |
|    ep_rew_mean     | -100     |
|    success_rate    | 0        |
| time/              |          |
|    episodes        | 548      |
|    fps             | 324      |
|    time_elapsed    | 177      |
|    total_timesteps | 57600    |
---------------------------------
---------------------------------
| rollout/           |          |
|    ep_len_mean     | 100      |
|    ep_rew_mean     | -100     |
|    success_rate    | 0        |
| time/              |          |
|    episodes        | 552      |
|    fps             | 324      |
|    time_elapsed    | 177      |
|    total_timesteps | 57600    |
---------------------------------
---------------------------------
| rollout/           |          |
|    ep_len_mean     | 100      |
|    ep_rew_mean     | -100     |
|    success_rate    | 0        |
| time/              |          |
|    episodes        | 556      |
|    fps             | 324      |
|    time_elapsed    | 177      |
|    total_timesteps | 57600    |
---------------------------------
---------------------------------
| rollout/           |          |
|    ep_len_mean     | 100      |
|    ep_rew_mean     | -100     |
|    success_rate    | 0        |
| time/              |          |
|    episodes        | 560      |
|    fps             | 324      |
|    time_elapsed    | 177      |
|    total_timesteps | 57600    |
---------------------------------
---------------------------------
| rollout/           |          |
|    ep_len_mean     | 100      |
|    ep_rew_mean     | -100     |
|    success_rate    | 0        |
| time/              |          |
|    episodes        | 564      |
|    fps             | 324      |
|    time_elapsed    | 177      |
|    total_timesteps | 57600    |
---------------------------------
---------------------------------
| rollout/           |          |
|    ep_len_mean     | 100      |
|    ep_rew_mean     | -100     |
|    success_rate    | 0        |
| time/              |          |
|    episodes        | 568      |
|    fps             | 324      |
|    time_elapsed    | 177      |
|    total_timesteps | 57600    |
---------------------------------
---------------------------------
| rollout/           |          |
|    ep_len_mean     | 100      |
|    ep_rew_mean     | -100     |
|    success_rate    | 0        |
| time/              |          |
|    episodes        | 572      |
|    fps             | 324      |
|    time_elapsed    | 177      |
|    total_timesteps | 57600    |
---------------------------------
---------------------------------
| rollout/           |          |
|    ep_len_mean     | 100      |
|    ep_rew_mean     | -100     |
|    success_rate    | 0        |
| time/              |          |
|    episodes        | 576      |
|    fps             | 324      |
|    time_elapsed    | 177      |
|    total_timesteps | 57600    |
---------------------------------

Running evaluation at 60048 timesteps...
Successfully copied normalization stats
Evaluation results: {'eval/mean_reward': np.float32(-100.0), 'eval/std_reward': np.float32(0.0), 'eval/success_rate': np.float64(0.0)}
---------------------------------
| rollout/           |          |
|    ep_len_mean     | 100      |
|    ep_rew_mean     | -100     |
|    success_rate    | 0        |
| time/              |          |
|    episodes        | 580      |
|    fps             | 291      |
|    time_elapsed    | 210      |
|    total_timesteps | 61200    |
| train/             |          |
|    actor_loss      | -83      |
|    critic_loss     | 0.326    |
|    ent_coef        | 0.244    |
|    ent_coef_loss   | -46.5    |
|    learning_rate   | 0.001    |
|    n_updates       | 1422     |
---------------------------------
---------------------------------
| rollout/           |          |
|    ep_len_mean     | 100      |
|    ep_rew_mean     | -100     |
|    success_rate    | 0        |
| time/              |          |
|    episodes        | 584      |
|    fps             | 291      |
|    time_elapsed    | 210      |
|    total_timesteps | 61200    |
---------------------------------
---------------------------------
| rollout/           |          |
|    ep_len_mean     | 100      |
|    ep_rew_mean     | -100     |
|    success_rate    | 0        |
| time/              |          |
|    episodes        | 588      |
|    fps             | 291      |
|    time_elapsed    | 210      |
|    total_timesteps | 61200    |
---------------------------------
---------------------------------
| rollout/           |          |
|    ep_len_mean     | 100      |
|    ep_rew_mean     | -100     |
|    success_rate    | 0        |
| time/              |          |
|    episodes        | 592      |
|    fps             | 291      |
|    time_elapsed    | 210      |
|    total_timesteps | 61200    |
---------------------------------
---------------------------------
| rollout/           |          |
|    ep_len_mean     | 100      |
|    ep_rew_mean     | -100     |
|    success_rate    | 0        |
| time/              |          |
|    episodes        | 596      |
|    fps             | 291      |
|    time_elapsed    | 210      |
|    total_timesteps | 61200    |
---------------------------------
---------------------------------
| rollout/           |          |
|    ep_len_mean     | 100      |
|    ep_rew_mean     | -100     |
|    success_rate    | 0        |
| time/              |          |
|    episodes        | 600      |
|    fps             | 291      |
|    time_elapsed    | 210      |
|    total_timesteps | 61200    |
---------------------------------
---------------------------------
| rollout/           |          |
|    ep_len_mean     | 100      |
|    ep_rew_mean     | -100     |
|    success_rate    | 0        |
| time/              |          |
|    episodes        | 604      |
|    fps             | 291      |
|    time_elapsed    | 210      |
|    total_timesteps | 61200    |
---------------------------------
---------------------------------
| rollout/           |          |
|    ep_len_mean     | 100      |
|    ep_rew_mean     | -100     |
|    success_rate    | 0        |
| time/              |          |
|    episodes        | 608      |
|    fps             | 291      |
|    time_elapsed    | 210      |
|    total_timesteps | 61200    |
---------------------------------
---------------------------------
| rollout/           |          |
|    ep_len_mean     | 100      |
|    ep_rew_mean     | -100     |
|    success_rate    | 0        |
| time/              |          |
|    episodes        | 612      |
|    fps             | 291      |
|    time_elapsed    | 210      |
|    total_timesteps | 61200    |
---------------------------------
---------------------------------
| rollout/           |          |
|    ep_len_mean     | 100      |
|    ep_rew_mean     | -100     |
|    success_rate    | 0        |
| time/              |          |
|    episodes        | 616      |
|    fps             | 295      |
|    time_elapsed    | 219      |
|    total_timesteps | 64800    |
| train/             |          |
|    actor_loss      | -75.6    |
|    critic_loss     | 0.256    |
|    ent_coef        | 0.22     |
|    ent_coef_loss   | -49.8    |
|    learning_rate   | 0.001    |
|    n_updates       | 1522     |
---------------------------------
---------------------------------
| rollout/           |          |
|    ep_len_mean     | 100      |
|    ep_rew_mean     | -100     |
|    success_rate    | 0        |
| time/              |          |
|    episodes        | 620      |
|    fps             | 295      |
|    time_elapsed    | 219      |
|    total_timesteps | 64800    |
---------------------------------
---------------------------------
| rollout/           |          |
|    ep_len_mean     | 100      |
|    ep_rew_mean     | -100     |
|    success_rate    | 0        |
| time/              |          |
|    episodes        | 624      |
|    fps             | 295      |
|    time_elapsed    | 219      |
|    total_timesteps | 64800    |
---------------------------------
---------------------------------
| rollout/           |          |
|    ep_len_mean     | 100      |
|    ep_rew_mean     | -100     |
|    success_rate    | 0        |
| time/              |          |
|    episodes        | 628      |
|    fps             | 295      |
|    time_elapsed    | 219      |
|    total_timesteps | 64800    |
---------------------------------
---------------------------------
| rollout/           |          |
|    ep_len_mean     | 100      |
|    ep_rew_mean     | -100     |
|    success_rate    | 0        |
| time/              |          |
|    episodes        | 632      |
|    fps             | 295      |
|    time_elapsed    | 219      |
|    total_timesteps | 64800    |
---------------------------------
---------------------------------
| rollout/           |          |
|    ep_len_mean     | 100      |
|    ep_rew_mean     | -100     |
|    success_rate    | 0        |
| time/              |          |
|    episodes        | 636      |
|    fps             | 295      |
|    time_elapsed    | 219      |
|    total_timesteps | 64800    |
---------------------------------
---------------------------------
| rollout/           |          |
|    ep_len_mean     | 100      |
|    ep_rew_mean     | -100     |
|    success_rate    | 0        |
| time/              |          |
|    episodes        | 640      |
|    fps             | 295      |
|    time_elapsed    | 219      |
|    total_timesteps | 64800    |
---------------------------------
---------------------------------
| rollout/           |          |
|    ep_len_mean     | 100      |
|    ep_rew_mean     | -100     |
|    success_rate    | 0        |
| time/              |          |
|    episodes        | 644      |
|    fps             | 295      |
|    time_elapsed    | 219      |
|    total_timesteps | 64800    |
---------------------------------
---------------------------------
| rollout/           |          |
|    ep_len_mean     | 100      |
|    ep_rew_mean     | -100     |
|    success_rate    | 0        |
| time/              |          |
|    episodes        | 648      |
|    fps             | 295      |
|    time_elapsed    | 219      |
|    total_timesteps | 64800    |
---------------------------------
---------------------------------
| rollout/           |          |
|    ep_len_mean     | 100      |
|    ep_rew_mean     | -100     |
|    success_rate    | 0        |
| time/              |          |
|    episodes        | 652      |
|    fps             | 300      |
|    time_elapsed    | 227      |
|    total_timesteps | 68400    |
| train/             |          |
|    actor_loss      | -69.2    |
|    critic_loss     | 0.178    |
|    ent_coef        | 0.199    |
|    ent_coef_loss   | -53.2    |
|    learning_rate   | 0.001    |
|    n_updates       | 1622     |
---------------------------------
---------------------------------
| rollout/           |          |
|    ep_len_mean     | 100      |
|    ep_rew_mean     | -100     |
|    success_rate    | 0        |
| time/              |          |
|    episodes        | 656      |
|    fps             | 300      |
|    time_elapsed    | 227      |
|    total_timesteps | 68400    |
---------------------------------
---------------------------------
| rollout/           |          |
|    ep_len_mean     | 100      |
|    ep_rew_mean     | -100     |
|    success_rate    | 0        |
| time/              |          |
|    episodes        | 660      |
|    fps             | 300      |
|    time_elapsed    | 227      |
|    total_timesteps | 68400    |
---------------------------------
---------------------------------
| rollout/           |          |
|    ep_len_mean     | 100      |
|    ep_rew_mean     | -100     |
|    success_rate    | 0        |
| time/              |          |
|    episodes        | 664      |
|    fps             | 300      |
|    time_elapsed    | 227      |
|    total_timesteps | 68400    |
---------------------------------
---------------------------------
| rollout/           |          |
|    ep_len_mean     | 100      |
|    ep_rew_mean     | -100     |
|    success_rate    | 0        |
| time/              |          |
|    episodes        | 668      |
|    fps             | 300      |
|    time_elapsed    | 227      |
|    total_timesteps | 68400    |
---------------------------------
---------------------------------
| rollout/           |          |
|    ep_len_mean     | 100      |
|    ep_rew_mean     | -100     |
|    success_rate    | 0        |
| time/              |          |
|    episodes        | 672      |
|    fps             | 300      |
|    time_elapsed    | 227      |
|    total_timesteps | 68400    |
---------------------------------
---------------------------------
| rollout/           |          |
|    ep_len_mean     | 100      |
|    ep_rew_mean     | -100     |
|    success_rate    | 0        |
| time/              |          |
|    episodes        | 676      |
|    fps             | 300      |
|    time_elapsed    | 227      |
|    total_timesteps | 68400    |
---------------------------------
---------------------------------
| rollout/           |          |
|    ep_len_mean     | 100      |
|    ep_rew_mean     | -100     |
|    success_rate    | 0        |
| time/              |          |
|    episodes        | 680      |
|    fps             | 300      |
|    time_elapsed    | 227      |
|    total_timesteps | 68400    |
---------------------------------
---------------------------------
| rollout/           |          |
|    ep_len_mean     | 100      |
|    ep_rew_mean     | -100     |
|    success_rate    | 0        |
| time/              |          |
|    episodes        | 684      |
|    fps             | 300      |
|    time_elapsed    | 227      |
|    total_timesteps | 68400    |
---------------------------------
---------------------------------
| rollout/           |          |
|    ep_len_mean     | 100      |
|    ep_rew_mean     | -100     |
|    success_rate    | 0        |
| time/              |          |
|    episodes        | 688      |
|    fps             | 304      |
|    time_elapsed    | 236      |
|    total_timesteps | 72000    |
| train/             |          |
|    actor_loss      | -62.8    |
|    critic_loss     | 0.128    |
|    ent_coef        | 0.18     |
|    ent_coef_loss   | -56.6    |
|    learning_rate   | 0.001    |
|    n_updates       | 1722     |
---------------------------------
---------------------------------
| rollout/           |          |
|    ep_len_mean     | 100      |
|    ep_rew_mean     | -100     |
|    success_rate    | 0        |
| time/              |          |
|    episodes        | 692      |
|    fps             | 304      |
|    time_elapsed    | 236      |
|    total_timesteps | 72000    |
---------------------------------
---------------------------------
| rollout/           |          |
|    ep_len_mean     | 100      |
|    ep_rew_mean     | -100     |
|    success_rate    | 0        |
| time/              |          |
|    episodes        | 696      |
|    fps             | 304      |
|    time_elapsed    | 236      |
|    total_timesteps | 72000    |
---------------------------------
---------------------------------
| rollout/           |          |
|    ep_len_mean     | 100      |
|    ep_rew_mean     | -100     |
|    success_rate    | 0        |
| time/              |          |
|    episodes        | 700      |
|    fps             | 304      |
|    time_elapsed    | 236      |
|    total_timesteps | 72000    |
---------------------------------
---------------------------------
| rollout/           |          |
|    ep_len_mean     | 100      |
|    ep_rew_mean     | -100     |
|    success_rate    | 0        |
| time/              |          |
|    episodes        | 704      |
|    fps             | 304      |
|    time_elapsed    | 236      |
|    total_timesteps | 72000    |
---------------------------------
---------------------------------
| rollout/           |          |
|    ep_len_mean     | 100      |
|    ep_rew_mean     | -100     |
|    success_rate    | 0        |
| time/              |          |
|    episodes        | 708      |
|    fps             | 304      |
|    time_elapsed    | 236      |
|    total_timesteps | 72000    |
---------------------------------
---------------------------------
| rollout/           |          |
|    ep_len_mean     | 100      |
|    ep_rew_mean     | -100     |
|    success_rate    | 0        |
| time/              |          |
|    episodes        | 712      |
|    fps             | 304      |
|    time_elapsed    | 236      |
|    total_timesteps | 72000    |
---------------------------------
---------------------------------
| rollout/           |          |
|    ep_len_mean     | 100      |
|    ep_rew_mean     | -100     |
|    success_rate    | 0        |
| time/              |          |
|    episodes        | 716      |
|    fps             | 304      |
|    time_elapsed    | 236      |
|    total_timesteps | 72000    |
---------------------------------
---------------------------------
| rollout/           |          |
|    ep_len_mean     | 100      |
|    ep_rew_mean     | -100     |
|    success_rate    | 0        |
| time/              |          |
|    episodes        | 720      |
|    fps             | 304      |
|    time_elapsed    | 236      |
|    total_timesteps | 72000    |
---------------------------------
---------------------------------
| rollout/           |          |
|    ep_len_mean     | 100      |
|    ep_rew_mean     | -100     |
|    success_rate    | 0        |
| time/              |          |
|    episodes        | 724      |
|    fps             | 308      |
|    time_elapsed    | 245      |
|    total_timesteps | 75600    |
| train/             |          |
|    actor_loss      | -57.4    |
|    critic_loss     | 0.114    |
|    ent_coef        | 0.163    |
|    ent_coef_loss   | -60.2    |
|    learning_rate   | 0.001    |
|    n_updates       | 1822     |
---------------------------------
---------------------------------
| rollout/           |          |
|    ep_len_mean     | 100      |
|    ep_rew_mean     | -100     |
|    success_rate    | 0        |
| time/              |          |
|    episodes        | 728      |
|    fps             | 308      |
|    time_elapsed    | 245      |
|    total_timesteps | 75600    |
---------------------------------
---------------------------------
| rollout/           |          |
|    ep_len_mean     | 100      |
|    ep_rew_mean     | -100     |
|    success_rate    | 0        |
| time/              |          |
|    episodes        | 732      |
|    fps             | 308      |
|    time_elapsed    | 245      |
|    total_timesteps | 75600    |
---------------------------------
---------------------------------
| rollout/           |          |
|    ep_len_mean     | 100      |
|    ep_rew_mean     | -100     |
|    success_rate    | 0        |
| time/              |          |
|    episodes        | 736      |
|    fps             | 308      |
|    time_elapsed    | 245      |
|    total_timesteps | 75600    |
---------------------------------
---------------------------------
| rollout/           |          |
|    ep_len_mean     | 100      |
|    ep_rew_mean     | -100     |
|    success_rate    | 0        |
| time/              |          |
|    episodes        | 740      |
|    fps             | 308      |
|    time_elapsed    | 245      |
|    total_timesteps | 75600    |
---------------------------------
---------------------------------
| rollout/           |          |
|    ep_len_mean     | 100      |
|    ep_rew_mean     | -100     |
|    success_rate    | 0        |
| time/              |          |
|    episodes        | 744      |
|    fps             | 308      |
|    time_elapsed    | 245      |
|    total_timesteps | 75600    |
---------------------------------
---------------------------------
| rollout/           |          |
|    ep_len_mean     | 100      |
|    ep_rew_mean     | -100     |
|    success_rate    | 0        |
| time/              |          |
|    episodes        | 748      |
|    fps             | 308      |
|    time_elapsed    | 245      |
|    total_timesteps | 75600    |
---------------------------------
---------------------------------
| rollout/           |          |
|    ep_len_mean     | 100      |
|    ep_rew_mean     | -100     |
|    success_rate    | 0        |
| time/              |          |
|    episodes        | 752      |
|    fps             | 308      |
|    time_elapsed    | 245      |
|    total_timesteps | 75600    |
---------------------------------
---------------------------------
| rollout/           |          |
|    ep_len_mean     | 100      |
|    ep_rew_mean     | -100     |
|    success_rate    | 0        |
| time/              |          |
|    episodes        | 756      |
|    fps             | 308      |
|    time_elapsed    | 245      |
|    total_timesteps | 75600    |
---------------------------------
---------------------------------
| rollout/           |          |
|    ep_len_mean     | 100      |
|    ep_rew_mean     | -100     |
|    success_rate    | 0        |
| time/              |          |
|    episodes        | 760      |
|    fps             | 311      |
|    time_elapsed    | 253      |
|    total_timesteps | 79200    |
| train/             |          |
|    actor_loss      | -51.8    |
|    critic_loss     | 0.0624   |
|    ent_coef        | 0.147    |
|    ent_coef_loss   | -63.5    |
|    learning_rate   | 0.001    |
|    n_updates       | 1922     |
---------------------------------
---------------------------------
| rollout/           |          |
|    ep_len_mean     | 100      |
|    ep_rew_mean     | -100     |
|    success_rate    | 0        |
| time/              |          |
|    episodes        | 764      |
|    fps             | 311      |
|    time_elapsed    | 253      |
|    total_timesteps | 79200    |
---------------------------------
---------------------------------
| rollout/           |          |
|    ep_len_mean     | 100      |
|    ep_rew_mean     | -100     |
|    success_rate    | 0        |
| time/              |          |
|    episodes        | 768      |
|    fps             | 311      |
|    time_elapsed    | 253      |
|    total_timesteps | 79200    |
---------------------------------
---------------------------------
| rollout/           |          |
|    ep_len_mean     | 100      |
|    ep_rew_mean     | -100     |
|    success_rate    | 0        |
| time/              |          |
|    episodes        | 772      |
|    fps             | 311      |
|    time_elapsed    | 253      |
|    total_timesteps | 79200    |
---------------------------------
---------------------------------
| rollout/           |          |
|    ep_len_mean     | 100      |
|    ep_rew_mean     | -100     |
|    success_rate    | 0        |
| time/              |          |
|    episodes        | 776      |
|    fps             | 311      |
|    time_elapsed    | 253      |
|    total_timesteps | 79200    |
---------------------------------
---------------------------------
| rollout/           |          |
|    ep_len_mean     | 100      |
|    ep_rew_mean     | -100     |
|    success_rate    | 0        |
| time/              |          |
|    episodes        | 780      |
|    fps             | 311      |
|    time_elapsed    | 253      |
|    total_timesteps | 79200    |
---------------------------------
---------------------------------
| rollout/           |          |
|    ep_len_mean     | 100      |
|    ep_rew_mean     | -100     |
|    success_rate    | 0        |
| time/              |          |
|    episodes        | 784      |
|    fps             | 311      |
|    time_elapsed    | 253      |
|    total_timesteps | 79200    |
---------------------------------
---------------------------------
| rollout/           |          |
|    ep_len_mean     | 100      |
|    ep_rew_mean     | -100     |
|    success_rate    | 0        |
| time/              |          |
|    episodes        | 788      |
|    fps             | 311      |
|    time_elapsed    | 253      |
|    total_timesteps | 79200    |
---------------------------------
---------------------------------
| rollout/           |          |
|    ep_len_mean     | 100      |
|    ep_rew_mean     | -100     |
|    success_rate    | 0        |
| time/              |          |
|    episodes        | 792      |
|    fps             | 311      |
|    time_elapsed    | 253      |
|    total_timesteps | 79200    |
---------------------------------

Running evaluation at 80064 timesteps...
Successfully copied normalization stats
Evaluation results: {'eval/mean_reward': np.float32(-100.0), 'eval/std_reward': np.float32(0.0), 'eval/success_rate': np.float64(0.0)}
---------------------------------
| rollout/           |          |
|    ep_len_mean     | 100      |
|    ep_rew_mean     | -100     |
|    success_rate    | 0        |
| time/              |          |
|    episodes        | 796      |
|    fps             | 288      |
|    time_elapsed    | 287      |
|    total_timesteps | 82800    |
| train/             |          |
|    actor_loss      | -47.1    |
|    critic_loss     | 0.048    |
|    ent_coef        | 0.133    |
|    ent_coef_loss   | -66.9    |
|    learning_rate   | 0.001    |
|    n_updates       | 2022     |
---------------------------------
---------------------------------
| rollout/           |          |
|    ep_len_mean     | 100      |
|    ep_rew_mean     | -100     |
|    success_rate    | 0        |
| time/              |          |
|    episodes        | 800      |
|    fps             | 288      |
|    time_elapsed    | 287      |
|    total_timesteps | 82800    |
---------------------------------
---------------------------------
| rollout/           |          |
|    ep_len_mean     | 100      |
|    ep_rew_mean     | -100     |
|    success_rate    | 0        |
| time/              |          |
|    episodes        | 804      |
|    fps             | 288      |
|    time_elapsed    | 287      |
|    total_timesteps | 82800    |
---------------------------------
---------------------------------
| rollout/           |          |
|    ep_len_mean     | 100      |
|    ep_rew_mean     | -100     |
|    success_rate    | 0        |
| time/              |          |
|    episodes        | 808      |
|    fps             | 288      |
|    time_elapsed    | 287      |
|    total_timesteps | 82800    |
---------------------------------
---------------------------------
| rollout/           |          |
|    ep_len_mean     | 100      |
|    ep_rew_mean     | -100     |
|    success_rate    | 0        |
| time/              |          |
|    episodes        | 812      |
|    fps             | 288      |
|    time_elapsed    | 287      |
|    total_timesteps | 82800    |
---------------------------------
---------------------------------
| rollout/           |          |
|    ep_len_mean     | 100      |
|    ep_rew_mean     | -100     |
|    success_rate    | 0        |
| time/              |          |
|    episodes        | 816      |
|    fps             | 288      |
|    time_elapsed    | 287      |
|    total_timesteps | 82800    |
---------------------------------
---------------------------------
| rollout/           |          |
|    ep_len_mean     | 100      |
|    ep_rew_mean     | -100     |
|    success_rate    | 0        |
| time/              |          |
|    episodes        | 820      |
|    fps             | 288      |
|    time_elapsed    | 287      |
|    total_timesteps | 82800    |
---------------------------------
---------------------------------
| rollout/           |          |
|    ep_len_mean     | 100      |
|    ep_rew_mean     | -100     |
|    success_rate    | 0        |
| time/              |          |
|    episodes        | 824      |
|    fps             | 288      |
|    time_elapsed    | 287      |
|    total_timesteps | 82800    |
---------------------------------
---------------------------------
| rollout/           |          |
|    ep_len_mean     | 100      |
|    ep_rew_mean     | -100     |
|    success_rate    | 0        |
| time/              |          |
|    episodes        | 828      |
|    fps             | 288      |
|    time_elapsed    | 287      |
|    total_timesteps | 82800    |
---------------------------------
---------------------------------
| rollout/           |          |
|    ep_len_mean     | 100      |
|    ep_rew_mean     | -100     |
|    success_rate    | 0        |
| time/              |          |
|    episodes        | 832      |
|    fps             | 292      |
|    time_elapsed    | 295      |
|    total_timesteps | 86400    |
| train/             |          |
|    actor_loss      | -42.6    |
|    critic_loss     | 0.0413   |
|    ent_coef        | 0.12     |
|    ent_coef_loss   | -70.2    |
|    learning_rate   | 0.001    |
|    n_updates       | 2122     |
---------------------------------
---------------------------------
| rollout/           |          |
|    ep_len_mean     | 100      |
|    ep_rew_mean     | -100     |
|    success_rate    | 0        |
| time/              |          |
|    episodes        | 836      |
|    fps             | 292      |
|    time_elapsed    | 295      |
|    total_timesteps | 86400    |
---------------------------------
---------------------------------
| rollout/           |          |
|    ep_len_mean     | 100      |
|    ep_rew_mean     | -100     |
|    success_rate    | 0        |
| time/              |          |
|    episodes        | 840      |
|    fps             | 292      |
|    time_elapsed    | 295      |
|    total_timesteps | 86400    |
---------------------------------
---------------------------------
| rollout/           |          |
|    ep_len_mean     | 100      |
|    ep_rew_mean     | -100     |
|    success_rate    | 0        |
| time/              |          |
|    episodes        | 844      |
|    fps             | 292      |
|    time_elapsed    | 295      |
|    total_timesteps | 86400    |
---------------------------------
---------------------------------
| rollout/           |          |
|    ep_len_mean     | 100      |
|    ep_rew_mean     | -100     |
|    success_rate    | 0        |
| time/              |          |
|    episodes        | 848      |
|    fps             | 292      |
|    time_elapsed    | 295      |
|    total_timesteps | 86400    |
---------------------------------
---------------------------------
| rollout/           |          |
|    ep_len_mean     | 100      |
|    ep_rew_mean     | -100     |
|    success_rate    | 0        |
| time/              |          |
|    episodes        | 852      |
|    fps             | 292      |
|    time_elapsed    | 295      |
|    total_timesteps | 86400    |
---------------------------------
---------------------------------
| rollout/           |          |
|    ep_len_mean     | 100      |
|    ep_rew_mean     | -100     |
|    success_rate    | 0        |
| time/              |          |
|    episodes        | 856      |
|    fps             | 292      |
|    time_elapsed    | 295      |
|    total_timesteps | 86400    |
---------------------------------
---------------------------------
| rollout/           |          |
|    ep_len_mean     | 100      |
|    ep_rew_mean     | -100     |
|    success_rate    | 0        |
| time/              |          |
|    episodes        | 860      |
|    fps             | 292      |
|    time_elapsed    | 295      |
|    total_timesteps | 86400    |
---------------------------------
---------------------------------
| rollout/           |          |
|    ep_len_mean     | 100      |
|    ep_rew_mean     | -100     |
|    success_rate    | 0        |
| time/              |          |
|    episodes        | 864      |
|    fps             | 292      |
|    time_elapsed    | 295      |
|    total_timesteps | 86400    |
---------------------------------
---------------------------------
| rollout/           |          |
|    ep_len_mean     | 100      |
|    ep_rew_mean     | -100     |
|    success_rate    | 0        |
| time/              |          |
|    episodes        | 868      |
|    fps             | 295      |
|    time_elapsed    | 304      |
|    total_timesteps | 90000    |
| train/             |          |
|    actor_loss      | -38.6    |
|    critic_loss     | 0.033    |
|    ent_coef        | 0.109    |
|    ent_coef_loss   | -73.7    |
|    learning_rate   | 0.001    |
|    n_updates       | 2222     |
---------------------------------
---------------------------------
| rollout/           |          |
|    ep_len_mean     | 100      |
|    ep_rew_mean     | -100     |
|    success_rate    | 0        |
| time/              |          |
|    episodes        | 872      |
|    fps             | 295      |
|    time_elapsed    | 304      |
|    total_timesteps | 90000    |
---------------------------------
---------------------------------
| rollout/           |          |
|    ep_len_mean     | 100      |
|    ep_rew_mean     | -100     |
|    success_rate    | 0        |
| time/              |          |
|    episodes        | 876      |
|    fps             | 295      |
|    time_elapsed    | 304      |
|    total_timesteps | 90000    |
---------------------------------
---------------------------------
| rollout/           |          |
|    ep_len_mean     | 100      |
|    ep_rew_mean     | -100     |
|    success_rate    | 0        |
| time/              |          |
|    episodes        | 880      |
|    fps             | 295      |
|    time_elapsed    | 304      |
|    total_timesteps | 90000    |
---------------------------------
---------------------------------
| rollout/           |          |
|    ep_len_mean     | 100      |
|    ep_rew_mean     | -100     |
|    success_rate    | 0        |
| time/              |          |
|    episodes        | 884      |
|    fps             | 295      |
|    time_elapsed    | 304      |
|    total_timesteps | 90000    |
---------------------------------
---------------------------------
| rollout/           |          |
|    ep_len_mean     | 100      |
|    ep_rew_mean     | -100     |
|    success_rate    | 0        |
| time/              |          |
|    episodes        | 888      |
|    fps             | 295      |
|    time_elapsed    | 304      |
|    total_timesteps | 90000    |
---------------------------------
---------------------------------
| rollout/           |          |
|    ep_len_mean     | 100      |
|    ep_rew_mean     | -100     |
|    success_rate    | 0        |
| time/              |          |
|    episodes        | 892      |
|    fps             | 295      |
|    time_elapsed    | 304      |
|    total_timesteps | 90000    |
---------------------------------
---------------------------------
| rollout/           |          |
|    ep_len_mean     | 100      |
|    ep_rew_mean     | -100     |
|    success_rate    | 0        |
| time/              |          |
|    episodes        | 896      |
|    fps             | 295      |
|    time_elapsed    | 304      |
|    total_timesteps | 90000    |
---------------------------------
---------------------------------
| rollout/           |          |
|    ep_len_mean     | 100      |
|    ep_rew_mean     | -100     |
|    success_rate    | 0        |
| time/              |          |
|    episodes        | 900      |
|    fps             | 295      |
|    time_elapsed    | 304      |
|    total_timesteps | 90000    |
---------------------------------
---------------------------------
| rollout/           |          |
|    ep_len_mean     | 100      |
|    ep_rew_mean     | -100     |
|    success_rate    | 0        |
| time/              |          |
|    episodes        | 904      |
|    fps             | 299      |
|    time_elapsed    | 312      |
|    total_timesteps | 93600    |
| train/             |          |
|    actor_loss      | -34.8    |
|    critic_loss     | 0.0239   |
|    ent_coef        | 0.0983   |
|    ent_coef_loss   | -77.1    |
|    learning_rate   | 0.001    |
|    n_updates       | 2322     |
---------------------------------
---------------------------------
| rollout/           |          |
|    ep_len_mean     | 100      |
|    ep_rew_mean     | -100     |
|    success_rate    | 0        |
| time/              |          |
|    episodes        | 908      |
|    fps             | 299      |
|    time_elapsed    | 312      |
|    total_timesteps | 93600    |
---------------------------------
---------------------------------
| rollout/           |          |
|    ep_len_mean     | 100      |
|    ep_rew_mean     | -100     |
|    success_rate    | 0        |
| time/              |          |
|    episodes        | 912      |
|    fps             | 299      |
|    time_elapsed    | 312      |
|    total_timesteps | 93600    |
---------------------------------
---------------------------------
| rollout/           |          |
|    ep_len_mean     | 100      |
|    ep_rew_mean     | -100     |
|    success_rate    | 0        |
| time/              |          |
|    episodes        | 916      |
|    fps             | 299      |
|    time_elapsed    | 312      |
|    total_timesteps | 93600    |
---------------------------------
---------------------------------
| rollout/           |          |
|    ep_len_mean     | 100      |
|    ep_rew_mean     | -100     |
|    success_rate    | 0        |
| time/              |          |
|    episodes        | 920      |
|    fps             | 299      |
|    time_elapsed    | 312      |
|    total_timesteps | 93600    |
---------------------------------
---------------------------------
| rollout/           |          |
|    ep_len_mean     | 100      |
|    ep_rew_mean     | -100     |
|    success_rate    | 0        |
| time/              |          |
|    episodes        | 924      |
|    fps             | 299      |
|    time_elapsed    | 312      |
|    total_timesteps | 93600    |
---------------------------------
---------------------------------
| rollout/           |          |
|    ep_len_mean     | 100      |
|    ep_rew_mean     | -100     |
|    success_rate    | 0        |
| time/              |          |
|    episodes        | 928      |
|    fps             | 299      |
|    time_elapsed    | 312      |
|    total_timesteps | 93600    |
---------------------------------
---------------------------------
| rollout/           |          |
|    ep_len_mean     | 100      |
|    ep_rew_mean     | -100     |
|    success_rate    | 0        |
| time/              |          |
|    episodes        | 932      |
|    fps             | 299      |
|    time_elapsed    | 312      |
|    total_timesteps | 93600    |
---------------------------------
---------------------------------
| rollout/           |          |
|    ep_len_mean     | 100      |
|    ep_rew_mean     | -100     |
|    success_rate    | 0        |
| time/              |          |
|    episodes        | 936      |
|    fps             | 299      |
|    time_elapsed    | 312      |
|    total_timesteps | 93600    |
---------------------------------
---------------------------------
| rollout/           |          |
|    ep_len_mean     | 100      |
|    ep_rew_mean     | -100     |
|    success_rate    | 0        |
| time/              |          |
|    episodes        | 940      |
|    fps             | 302      |
|    time_elapsed    | 321      |
|    total_timesteps | 97200    |
| train/             |          |
|    actor_loss      | -31.3    |
|    critic_loss     | 0.019    |
|    ent_coef        | 0.0889   |
|    ent_coef_loss   | -80.6    |
|    learning_rate   | 0.001    |
|    n_updates       | 2422     |
---------------------------------
---------------------------------
| rollout/           |          |
|    ep_len_mean     | 100      |
|    ep_rew_mean     | -100     |
|    success_rate    | 0        |
| time/              |          |
|    episodes        | 944      |
|    fps             | 302      |
|    time_elapsed    | 321      |
|    total_timesteps | 97200    |
---------------------------------
---------------------------------
| rollout/           |          |
|    ep_len_mean     | 100      |
|    ep_rew_mean     | -100     |
|    success_rate    | 0        |
| time/              |          |
|    episodes        | 948      |
|    fps             | 302      |
|    time_elapsed    | 321      |
|    total_timesteps | 97200    |
---------------------------------
---------------------------------
| rollout/           |          |
|    ep_len_mean     | 100      |
|    ep_rew_mean     | -100     |
|    success_rate    | 0        |
| time/              |          |
|    episodes        | 952      |
|    fps             | 302      |
|    time_elapsed    | 321      |
|    total_timesteps | 97200    |
---------------------------------
---------------------------------
| rollout/           |          |
|    ep_len_mean     | 100      |
|    ep_rew_mean     | -100     |
|    success_rate    | 0        |
| time/              |          |
|    episodes        | 956      |
|    fps             | 302      |
|    time_elapsed    | 321      |
|    total_timesteps | 97200    |
---------------------------------
---------------------------------
| rollout/           |          |
|    ep_len_mean     | 100      |
|    ep_rew_mean     | -100     |
|    success_rate    | 0        |
| time/              |          |
|    episodes        | 960      |
|    fps             | 302      |
|    time_elapsed    | 321      |
|    total_timesteps | 97200    |
---------------------------------
---------------------------------
| rollout/           |          |
|    ep_len_mean     | 100      |
|    ep_rew_mean     | -100     |
|    success_rate    | 0        |
| time/              |          |
|    episodes        | 964      |
|    fps             | 302      |
|    time_elapsed    | 321      |
|    total_timesteps | 97200    |
---------------------------------
---------------------------------
| rollout/           |          |
|    ep_len_mean     | 100      |
|    ep_rew_mean     | -100     |
|    success_rate    | 0        |
| time/              |          |
|    episodes        | 968      |
|    fps             | 302      |
|    time_elapsed    | 321      |
|    total_timesteps | 97200    |
---------------------------------
---------------------------------
| rollout/           |          |
|    ep_len_mean     | 100      |
|    ep_rew_mean     | -100     |
|    success_rate    | 0        |
| time/              |          |
|    episodes        | 972      |
|    fps             | 302      |
|    time_elapsed    | 321      |
|    total_timesteps | 97200    |
---------------------------------

Running evaluation at 100080 timesteps...
Successfully copied normalization stats
Evaluation results: {'eval/mean_reward': np.float32(-100.0), 'eval/std_reward': np.float32(0.0), 'eval/success_rate': np.float64(0.0)}
---------------------------------
| rollout/           |          |
|    ep_len_mean     | 100      |
|    ep_rew_mean     | -100     |
|    success_rate    | 0        |
| time/              |          |
|    episodes        | 976      |
|    fps             | 285      |
|    time_elapsed    | 353      |
|    total_timesteps | 100800   |
| train/             |          |
|    actor_loss      | -28.2    |
|    critic_loss     | 0.0155   |
|    ent_coef        | 0.0803   |
|    ent_coef_loss   | -84      |
|    learning_rate   | 0.001    |
|    n_updates       | 2522     |
---------------------------------
---------------------------------
| rollout/           |          |
|    ep_len_mean     | 100      |
|    ep_rew_mean     | -100     |
|    success_rate    | 0        |
| time/              |          |
|    episodes        | 980      |
|    fps             | 285      |
|    time_elapsed    | 353      |
|    total_timesteps | 100800   |
---------------------------------
---------------------------------
| rollout/           |          |
|    ep_len_mean     | 100      |
|    ep_rew_mean     | -100     |
|    success_rate    | 0        |
| time/              |          |
|    episodes        | 984      |
|    fps             | 285      |
|    time_elapsed    | 353      |
|    total_timesteps | 100800   |
---------------------------------
---------------------------------
| rollout/           |          |
|    ep_len_mean     | 100      |
|    ep_rew_mean     | -100     |
|    success_rate    | 0        |
| time/              |          |
|    episodes        | 988      |
|    fps             | 285      |
|    time_elapsed    | 353      |
|    total_timesteps | 100800   |
---------------------------------
---------------------------------
| rollout/           |          |
|    ep_len_mean     | 100      |
|    ep_rew_mean     | -100     |
|    success_rate    | 0        |
| time/              |          |
|    episodes        | 992      |
|    fps             | 285      |
|    time_elapsed    | 353      |
|    total_timesteps | 100800   |
---------------------------------
---------------------------------
| rollout/           |          |
|    ep_len_mean     | 100      |
|    ep_rew_mean     | -100     |
|    success_rate    | 0        |
| time/              |          |
|    episodes        | 996      |
|    fps             | 285      |
|    time_elapsed    | 353      |
|    total_timesteps | 100800   |
---------------------------------
---------------------------------
| rollout/           |          |
|    ep_len_mean     | 100      |
|    ep_rew_mean     | -100     |
|    success_rate    | 0        |
| time/              |          |
|    episodes        | 1000     |
|    fps             | 285      |
|    time_elapsed    | 353      |
|    total_timesteps | 100800   |
---------------------------------
---------------------------------
| rollout/           |          |
|    ep_len_mean     | 100      |
|    ep_rew_mean     | -100     |
|    success_rate    | 0        |
| time/              |          |
|    episodes        | 1004     |
|    fps             | 285      |
|    time_elapsed    | 353      |
|    total_timesteps | 100800   |
---------------------------------
---------------------------------
| rollout/           |          |
|    ep_len_mean     | 100      |
|    ep_rew_mean     | -100     |
|    success_rate    | 0        |
| time/              |          |
|    episodes        | 1008     |
|    fps             | 285      |
|    time_elapsed    | 353      |
|    total_timesteps | 100800   |
---------------------------------
---------------------------------
| rollout/           |          |
|    ep_len_mean     | 100      |
|    ep_rew_mean     | -100     |
|    success_rate    | 0        |
| time/              |          |
|    episodes        | 1012     |
|    fps             | 288      |
|    time_elapsed    | 362      |
|    total_timesteps | 104400   |
| train/             |          |
|    actor_loss      | -25.3    |
|    critic_loss     | 0.0115   |
|    ent_coef        | 0.0726   |
|    ent_coef_loss   | -87.4    |
|    learning_rate   | 0.001    |
|    n_updates       | 2622     |
---------------------------------
---------------------------------
| rollout/           |          |
|    ep_len_mean     | 100      |
|    ep_rew_mean     | -100     |
|    success_rate    | 0        |
| time/              |          |
|    episodes        | 1016     |
|    fps             | 288      |
|    time_elapsed    | 362      |
|    total_timesteps | 104400   |
---------------------------------
---------------------------------
| rollout/           |          |
|    ep_len_mean     | 100      |
|    ep_rew_mean     | -100     |
|    success_rate    | 0        |
| time/              |          |
|    episodes        | 1020     |
|    fps             | 288      |
|    time_elapsed    | 362      |
|    total_timesteps | 104400   |
---------------------------------
---------------------------------
| rollout/           |          |
|    ep_len_mean     | 100      |
|    ep_rew_mean     | -100     |
|    success_rate    | 0        |
| time/              |          |
|    episodes        | 1024     |
|    fps             | 288      |
|    time_elapsed    | 362      |
|    total_timesteps | 104400   |
---------------------------------
---------------------------------
| rollout/           |          |
|    ep_len_mean     | 100      |
|    ep_rew_mean     | -100     |
|    success_rate    | 0        |
| time/              |          |
|    episodes        | 1028     |
|    fps             | 288      |
|    time_elapsed    | 362      |
|    total_timesteps | 104400   |
---------------------------------
---------------------------------
| rollout/           |          |
|    ep_len_mean     | 100      |
|    ep_rew_mean     | -100     |
|    success_rate    | 0        |
| time/              |          |
|    episodes        | 1032     |
|    fps             | 288      |
|    time_elapsed    | 362      |
|    total_timesteps | 104400   |
---------------------------------
---------------------------------
| rollout/           |          |
|    ep_len_mean     | 100      |
|    ep_rew_mean     | -100     |
|    success_rate    | 0        |
| time/              |          |
|    episodes        | 1036     |
|    fps             | 288      |
|    time_elapsed    | 362      |
|    total_timesteps | 104400   |
---------------------------------
---------------------------------
| rollout/           |          |
|    ep_len_mean     | 100      |
|    ep_rew_mean     | -100     |
|    success_rate    | 0        |
| time/              |          |
|    episodes        | 1040     |
|    fps             | 288      |
|    time_elapsed    | 362      |
|    total_timesteps | 104400   |
---------------------------------
---------------------------------
| rollout/           |          |
|    ep_len_mean     | 100      |
|    ep_rew_mean     | -100     |
|    success_rate    | 0        |
| time/              |          |
|    episodes        | 1044     |
|    fps             | 288      |
|    time_elapsed    | 362      |
|    total_timesteps | 104400   |
---------------------------------
---------------------------------
| rollout/           |          |
|    ep_len_mean     | 100      |
|    ep_rew_mean     | -100     |
|    success_rate    | 0        |
| time/              |          |
|    episodes        | 1048     |
|    fps             | 291      |
|    time_elapsed    | 371      |
|    total_timesteps | 108000   |
| train/             |          |
|    actor_loss      | -22.7    |
|    critic_loss     | 0.0103   |
|    ent_coef        | 0.0657   |
|    ent_coef_loss   | -90.8    |
|    learning_rate   | 0.001    |
|    n_updates       | 2722     |
---------------------------------
---------------------------------
| rollout/           |          |
|    ep_len_mean     | 100      |
|    ep_rew_mean     | -100     |
|    success_rate    | 0        |
| time/              |          |
|    episodes        | 1052     |
|    fps             | 291      |
|    time_elapsed    | 371      |
|    total_timesteps | 108000   |
---------------------------------
---------------------------------
| rollout/           |          |
|    ep_len_mean     | 100      |
|    ep_rew_mean     | -100     |
|    success_rate    | 0        |
| time/              |          |
|    episodes        | 1056     |
|    fps             | 291      |
|    time_elapsed    | 371      |
|    total_timesteps | 108000   |
---------------------------------
---------------------------------
| rollout/           |          |
|    ep_len_mean     | 100      |
|    ep_rew_mean     | -100     |
|    success_rate    | 0        |
| time/              |          |
|    episodes        | 1060     |
|    fps             | 291      |
|    time_elapsed    | 371      |
|    total_timesteps | 108000   |
---------------------------------
---------------------------------
| rollout/           |          |
|    ep_len_mean     | 100      |
|    ep_rew_mean     | -100     |
|    success_rate    | 0        |
| time/              |          |
|    episodes        | 1064     |
|    fps             | 291      |
|    time_elapsed    | 371      |
|    total_timesteps | 108000   |
---------------------------------
---------------------------------
| rollout/           |          |
|    ep_len_mean     | 100      |
|    ep_rew_mean     | -100     |
|    success_rate    | 0        |
| time/              |          |
|    episodes        | 1068     |
|    fps             | 291      |
|    time_elapsed    | 371      |
|    total_timesteps | 108000   |
---------------------------------
---------------------------------
| rollout/           |          |
|    ep_len_mean     | 100      |
|    ep_rew_mean     | -100     |
|    success_rate    | 0        |
| time/              |          |
|    episodes        | 1072     |
|    fps             | 291      |
|    time_elapsed    | 371      |
|    total_timesteps | 108000   |
---------------------------------
---------------------------------
| rollout/           |          |
|    ep_len_mean     | 100      |
|    ep_rew_mean     | -100     |
|    success_rate    | 0        |
| time/              |          |
|    episodes        | 1076     |
|    fps             | 291      |
|    time_elapsed    | 371      |
|    total_timesteps | 108000   |
---------------------------------
---------------------------------
| rollout/           |          |
|    ep_len_mean     | 100      |
|    ep_rew_mean     | -100     |
|    success_rate    | 0        |
| time/              |          |
|    episodes        | 1080     |
|    fps             | 291      |
|    time_elapsed    | 371      |
|    total_timesteps | 108000   |
---------------------------------
---------------------------------
| rollout/           |          |
|    ep_len_mean     | 100      |
|    ep_rew_mean     | -100     |
|    success_rate    | 0        |
| time/              |          |
|    episodes        | 1084     |
|    fps             | 293      |
|    time_elapsed    | 379      |
|    total_timesteps | 111600   |
| train/             |          |
|    actor_loss      | -20.3    |
|    critic_loss     | 0.0085   |
|    ent_coef        | 0.0594   |
|    ent_coef_loss   | -94.1    |
|    learning_rate   | 0.001    |
|    n_updates       | 2822     |
---------------------------------
---------------------------------
| rollout/           |          |
|    ep_len_mean     | 100      |
|    ep_rew_mean     | -100     |
|    success_rate    | 0        |
| time/              |          |
|    episodes        | 1088     |
|    fps             | 293      |
|    time_elapsed    | 379      |
|    total_timesteps | 111600   |
---------------------------------
---------------------------------
| rollout/           |          |
|    ep_len_mean     | 100      |
|    ep_rew_mean     | -100     |
|    success_rate    | 0        |
| time/              |          |
|    episodes        | 1092     |
|    fps             | 293      |
|    time_elapsed    | 379      |
|    total_timesteps | 111600   |
---------------------------------
---------------------------------
| rollout/           |          |
|    ep_len_mean     | 100      |
|    ep_rew_mean     | -100     |
|    success_rate    | 0        |
| time/              |          |
|    episodes        | 1096     |
|    fps             | 293      |
|    time_elapsed    | 379      |
|    total_timesteps | 111600   |
---------------------------------
---------------------------------
| rollout/           |          |
|    ep_len_mean     | 100      |
|    ep_rew_mean     | -100     |
|    success_rate    | 0        |
| time/              |          |
|    episodes        | 1100     |
|    fps             | 293      |
|    time_elapsed    | 379      |
|    total_timesteps | 111600   |
---------------------------------
---------------------------------
| rollout/           |          |
|    ep_len_mean     | 100      |
|    ep_rew_mean     | -100     |
|    success_rate    | 0        |
| time/              |          |
|    episodes        | 1104     |
|    fps             | 293      |
|    time_elapsed    | 379      |
|    total_timesteps | 111600   |
---------------------------------
---------------------------------
| rollout/           |          |
|    ep_len_mean     | 100      |
|    ep_rew_mean     | -100     |
|    success_rate    | 0        |
| time/              |          |
|    episodes        | 1108     |
|    fps             | 293      |
|    time_elapsed    | 379      |
|    total_timesteps | 111600   |
---------------------------------
---------------------------------
| rollout/           |          |
|    ep_len_mean     | 100      |
|    ep_rew_mean     | -100     |
|    success_rate    | 0        |
| time/              |          |
|    episodes        | 1112     |
|    fps             | 293      |
|    time_elapsed    | 379      |
|    total_timesteps | 111600   |
---------------------------------
---------------------------------
| rollout/           |          |
|    ep_len_mean     | 100      |
|    ep_rew_mean     | -100     |
|    success_rate    | 0        |
| time/              |          |
|    episodes        | 1116     |
|    fps             | 293      |
|    time_elapsed    | 379      |
|    total_timesteps | 111600   |
---------------------------------
---------------------------------
| rollout/           |          |
|    ep_len_mean     | 100      |
|    ep_rew_mean     | -100     |
|    success_rate    | 0        |
| time/              |          |
|    episodes        | 1120     |
|    fps             | 296      |
|    time_elapsed    | 388      |
|    total_timesteps | 115200   |
| train/             |          |
|    actor_loss      | -18.1    |
|    critic_loss     | 0.00704  |
|    ent_coef        | 0.0537   |
|    ent_coef_loss   | -97.6    |
|    learning_rate   | 0.001    |
|    n_updates       | 2922     |
---------------------------------
---------------------------------
| rollout/           |          |
|    ep_len_mean     | 100      |
|    ep_rew_mean     | -100     |
|    success_rate    | 0        |
| time/              |          |
|    episodes        | 1124     |
|    fps             | 296      |
|    time_elapsed    | 388      |
|    total_timesteps | 115200   |
---------------------------------
---------------------------------
| rollout/           |          |
|    ep_len_mean     | 100      |
|    ep_rew_mean     | -100     |
|    success_rate    | 0        |
| time/              |          |
|    episodes        | 1128     |
|    fps             | 296      |
|    time_elapsed    | 388      |
|    total_timesteps | 115200   |
---------------------------------
---------------------------------
| rollout/           |          |
|    ep_len_mean     | 100      |
|    ep_rew_mean     | -100     |
|    success_rate    | 0        |
| time/              |          |
|    episodes        | 1132     |
|    fps             | 296      |
|    time_elapsed    | 388      |
|    total_timesteps | 115200   |
---------------------------------
---------------------------------
| rollout/           |          |
|    ep_len_mean     | 100      |
|    ep_rew_mean     | -100     |
|    success_rate    | 0        |
| time/              |          |
|    episodes        | 1136     |
|    fps             | 296      |
|    time_elapsed    | 388      |
|    total_timesteps | 115200   |
---------------------------------
---------------------------------
| rollout/           |          |
|    ep_len_mean     | 100      |
|    ep_rew_mean     | -100     |
|    success_rate    | 0        |
| time/              |          |
|    episodes        | 1140     |
|    fps             | 296      |
|    time_elapsed    | 388      |
|    total_timesteps | 115200   |
---------------------------------
---------------------------------
| rollout/           |          |
|    ep_len_mean     | 100      |
|    ep_rew_mean     | -100     |
|    success_rate    | 0        |
| time/              |          |
|    episodes        | 1144     |
|    fps             | 296      |
|    time_elapsed    | 388      |
|    total_timesteps | 115200   |
---------------------------------
---------------------------------
| rollout/           |          |
|    ep_len_mean     | 100      |
|    ep_rew_mean     | -100     |
|    success_rate    | 0        |
| time/              |          |
|    episodes        | 1148     |
|    fps             | 296      |
|    time_elapsed    | 388      |
|    total_timesteps | 115200   |
---------------------------------
---------------------------------
| rollout/           |          |
|    ep_len_mean     | 100      |
|    ep_rew_mean     | -100     |
|    success_rate    | 0        |
| time/              |          |
|    episodes        | 1152     |
|    fps             | 296      |
|    time_elapsed    | 388      |
|    total_timesteps | 115200   |
---------------------------------
---------------------------------
| rollout/           |          |
|    ep_len_mean     | 100      |
|    ep_rew_mean     | -100     |
|    success_rate    | 0        |
| time/              |          |
|    episodes        | 1156     |
|    fps             | 298      |
|    time_elapsed    | 397      |
|    total_timesteps | 118800   |
| train/             |          |
|    actor_loss      | -16.2    |
|    critic_loss     | 0.00547  |
|    ent_coef        | 0.0485   |
|    ent_coef_loss   | -101     |
|    learning_rate   | 0.001    |
|    n_updates       | 3022     |
---------------------------------
---------------------------------
| rollout/           |          |
|    ep_len_mean     | 100      |
|    ep_rew_mean     | -100     |
|    success_rate    | 0        |
| time/              |          |
|    episodes        | 1160     |
|    fps             | 298      |
|    time_elapsed    | 397      |
|    total_timesteps | 118800   |
---------------------------------
---------------------------------
| rollout/           |          |
|    ep_len_mean     | 100      |
|    ep_rew_mean     | -100     |
|    success_rate    | 0        |
| time/              |          |
|    episodes        | 1164     |
|    fps             | 298      |
|    time_elapsed    | 397      |
|    total_timesteps | 118800   |
---------------------------------
---------------------------------
| rollout/           |          |
|    ep_len_mean     | 100      |
|    ep_rew_mean     | -100     |
|    success_rate    | 0        |
| time/              |          |
|    episodes        | 1168     |
|    fps             | 298      |
|    time_elapsed    | 397      |
|    total_timesteps | 118800   |
---------------------------------
---------------------------------
| rollout/           |          |
|    ep_len_mean     | 100      |
|    ep_rew_mean     | -100     |
|    success_rate    | 0        |
| time/              |          |
|    episodes        | 1172     |
|    fps             | 298      |
|    time_elapsed    | 397      |
|    total_timesteps | 118800   |
---------------------------------
---------------------------------
| rollout/           |          |
|    ep_len_mean     | 100      |
|    ep_rew_mean     | -100     |
|    success_rate    | 0        |
| time/              |          |
|    episodes        | 1176     |
|    fps             | 298      |
|    time_elapsed    | 397      |
|    total_timesteps | 118800   |
---------------------------------
---------------------------------
| rollout/           |          |
|    ep_len_mean     | 100      |
|    ep_rew_mean     | -100     |
|    success_rate    | 0        |
| time/              |          |
|    episodes        | 1180     |
|    fps             | 298      |
|    time_elapsed    | 397      |
|    total_timesteps | 118800   |
---------------------------------
---------------------------------
| rollout/           |          |
|    ep_len_mean     | 100      |
|    ep_rew_mean     | -100     |
|    success_rate    | 0        |
| time/              |          |
|    episodes        | 1184     |
|    fps             | 298      |
|    time_elapsed    | 397      |
|    total_timesteps | 118800   |
---------------------------------
---------------------------------
| rollout/           |          |
|    ep_len_mean     | 100      |
|    ep_rew_mean     | -100     |
|    success_rate    | 0        |
| time/              |          |
|    episodes        | 1188     |
|    fps             | 298      |
|    time_elapsed    | 397      |
|    total_timesteps | 118800   |
---------------------------------

Running evaluation at 120096 timesteps...
Successfully copied normalization stats
Evaluation results: {'eval/mean_reward': np.float32(-100.0), 'eval/std_reward': np.float32(0.0), 'eval/success_rate': np.float64(0.0)}
---------------------------------
| rollout/           |          |
|    ep_len_mean     | 100      |
|    ep_rew_mean     | -100     |
|    success_rate    | 0        |
| time/              |          |
|    episodes        | 1192     |
|    fps             | 284      |
|    time_elapsed    | 430      |
|    total_timesteps | 122400   |
| train/             |          |
|    actor_loss      | -14.3    |
|    critic_loss     | 0.00732  |
|    ent_coef        | 0.0439   |
|    ent_coef_loss   | -104     |
|    learning_rate   | 0.001    |
|    n_updates       | 3122     |
---------------------------------
---------------------------------
| rollout/           |          |
|    ep_len_mean     | 100      |
|    ep_rew_mean     | -100     |
|    success_rate    | 0        |
| time/              |          |
|    episodes        | 1196     |
|    fps             | 284      |
|    time_elapsed    | 430      |
|    total_timesteps | 122400   |
---------------------------------
---------------------------------
| rollout/           |          |
|    ep_len_mean     | 100      |
|    ep_rew_mean     | -100     |
|    success_rate    | 0        |
| time/              |          |
|    episodes        | 1200     |
|    fps             | 284      |
|    time_elapsed    | 430      |
|    total_timesteps | 122400   |
---------------------------------
---------------------------------
| rollout/           |          |
|    ep_len_mean     | 100      |
|    ep_rew_mean     | -100     |
|    success_rate    | 0        |
| time/              |          |
|    episodes        | 1204     |
|    fps             | 284      |
|    time_elapsed    | 430      |
|    total_timesteps | 122400   |
---------------------------------
---------------------------------
| rollout/           |          |
|    ep_len_mean     | 100      |
|    ep_rew_mean     | -100     |
|    success_rate    | 0        |
| time/              |          |
|    episodes        | 1208     |
|    fps             | 284      |
|    time_elapsed    | 430      |
|    total_timesteps | 122400   |
---------------------------------
---------------------------------
| rollout/           |          |
|    ep_len_mean     | 100      |
|    ep_rew_mean     | -100     |
|    success_rate    | 0        |
| time/              |          |
|    episodes        | 1212     |
|    fps             | 284      |
|    time_elapsed    | 430      |
|    total_timesteps | 122400   |
---------------------------------
---------------------------------
| rollout/           |          |
|    ep_len_mean     | 100      |
|    ep_rew_mean     | -100     |
|    success_rate    | 0        |
| time/              |          |
|    episodes        | 1216     |
|    fps             | 284      |
|    time_elapsed    | 430      |
|    total_timesteps | 122400   |
---------------------------------
---------------------------------
| rollout/           |          |
|    ep_len_mean     | 100      |
|    ep_rew_mean     | -100     |
|    success_rate    | 0        |
| time/              |          |
|    episodes        | 1220     |
|    fps             | 284      |
|    time_elapsed    | 430      |
|    total_timesteps | 122400   |
---------------------------------
---------------------------------
| rollout/           |          |
|    ep_len_mean     | 100      |
|    ep_rew_mean     | -100     |
|    success_rate    | 0        |
| time/              |          |
|    episodes        | 1224     |
|    fps             | 284      |
|    time_elapsed    | 430      |
|    total_timesteps | 122400   |
---------------------------------
---------------------------------
| rollout/           |          |
|    ep_len_mean     | 100      |
|    ep_rew_mean     | -100     |
|    success_rate    | 0        |
| time/              |          |
|    episodes        | 1228     |
|    fps             | 286      |
|    time_elapsed    | 439      |
|    total_timesteps | 126000   |
| train/             |          |
|    actor_loss      | -12.7    |
|    critic_loss     | 0.00493  |
|    ent_coef        | 0.0397   |
|    ent_coef_loss   | -108     |
|    learning_rate   | 0.001    |
|    n_updates       | 3222     |
---------------------------------
---------------------------------
| rollout/           |          |
|    ep_len_mean     | 100      |
|    ep_rew_mean     | -100     |
|    success_rate    | 0        |
| time/              |          |
|    episodes        | 1232     |
|    fps             | 286      |
|    time_elapsed    | 439      |
|    total_timesteps | 126000   |
---------------------------------
---------------------------------
| rollout/           |          |
|    ep_len_mean     | 100      |
|    ep_rew_mean     | -100     |
|    success_rate    | 0        |
| time/              |          |
|    episodes        | 1236     |
|    fps             | 286      |
|    time_elapsed    | 439      |
|    total_timesteps | 126000   |
---------------------------------
---------------------------------
| rollout/           |          |
|    ep_len_mean     | 100      |
|    ep_rew_mean     | -100     |
|    success_rate    | 0        |
| time/              |          |
|    episodes        | 1240     |
|    fps             | 286      |
|    time_elapsed    | 439      |
|    total_timesteps | 126000   |
---------------------------------
---------------------------------
| rollout/           |          |
|    ep_len_mean     | 100      |
|    ep_rew_mean     | -100     |
|    success_rate    | 0        |
| time/              |          |
|    episodes        | 1244     |
|    fps             | 286      |
|    time_elapsed    | 439      |
|    total_timesteps | 126000   |
---------------------------------
---------------------------------
| rollout/           |          |
|    ep_len_mean     | 100      |
|    ep_rew_mean     | -100     |
|    success_rate    | 0        |
| time/              |          |
|    episodes        | 1248     |
|    fps             | 286      |
|    time_elapsed    | 439      |
|    total_timesteps | 126000   |
---------------------------------
---------------------------------
| rollout/           |          |
|    ep_len_mean     | 100      |
|    ep_rew_mean     | -100     |
|    success_rate    | 0        |
| time/              |          |
|    episodes        | 1252     |
|    fps             | 286      |
|    time_elapsed    | 439      |
|    total_timesteps | 126000   |
---------------------------------
---------------------------------
| rollout/           |          |
|    ep_len_mean     | 100      |
|    ep_rew_mean     | -100     |
|    success_rate    | 0        |
| time/              |          |
|    episodes        | 1256     |
|    fps             | 286      |
|    time_elapsed    | 439      |
|    total_timesteps | 126000   |
---------------------------------
---------------------------------
| rollout/           |          |
|    ep_len_mean     | 100      |
|    ep_rew_mean     | -100     |
|    success_rate    | 0        |
| time/              |          |
|    episodes        | 1260     |
|    fps             | 286      |
|    time_elapsed    | 439      |
|    total_timesteps | 126000   |
---------------------------------
---------------------------------
| rollout/           |          |
|    ep_len_mean     | 100      |
|    ep_rew_mean     | -100     |
|    success_rate    | 0        |
| time/              |          |
|    episodes        | 1264     |
|    fps             | 289      |
|    time_elapsed    | 448      |
|    total_timesteps | 129600   |
| train/             |          |
|    actor_loss      | -11.3    |
|    critic_loss     | 0.00417  |
|    ent_coef        | 0.0359   |
|    ent_coef_loss   | -111     |
|    learning_rate   | 0.001    |
|    n_updates       | 3322     |
---------------------------------
---------------------------------
| rollout/           |          |
|    ep_len_mean     | 100      |
|    ep_rew_mean     | -100     |
|    success_rate    | 0        |
| time/              |          |
|    episodes        | 1268     |
|    fps             | 289      |
|    time_elapsed    | 448      |
|    total_timesteps | 129600   |
---------------------------------
---------------------------------
| rollout/           |          |
|    ep_len_mean     | 100      |
|    ep_rew_mean     | -100     |
|    success_rate    | 0        |
| time/              |          |
|    episodes        | 1272     |
|    fps             | 289      |
|    time_elapsed    | 448      |
|    total_timesteps | 129600   |
---------------------------------
---------------------------------
| rollout/           |          |
|    ep_len_mean     | 100      |
|    ep_rew_mean     | -100     |
|    success_rate    | 0        |
| time/              |          |
|    episodes        | 1276     |
|    fps             | 289      |
|    time_elapsed    | 448      |
|    total_timesteps | 129600   |
---------------------------------
---------------------------------
| rollout/           |          |
|    ep_len_mean     | 100      |
|    ep_rew_mean     | -100     |
|    success_rate    | 0        |
| time/              |          |
|    episodes        | 1280     |
|    fps             | 289      |
|    time_elapsed    | 448      |
|    total_timesteps | 129600   |
---------------------------------
---------------------------------
| rollout/           |          |
|    ep_len_mean     | 100      |
|    ep_rew_mean     | -100     |
|    success_rate    | 0        |
| time/              |          |
|    episodes        | 1284     |
|    fps             | 289      |
|    time_elapsed    | 448      |
|    total_timesteps | 129600   |
---------------------------------
---------------------------------
| rollout/           |          |
|    ep_len_mean     | 100      |
|    ep_rew_mean     | -100     |
|    success_rate    | 0        |
| time/              |          |
|    episodes        | 1288     |
|    fps             | 289      |
|    time_elapsed    | 448      |
|    total_timesteps | 129600   |
---------------------------------
---------------------------------
| rollout/           |          |
|    ep_len_mean     | 100      |
|    ep_rew_mean     | -100     |
|    success_rate    | 0        |
| time/              |          |
|    episodes        | 1292     |
|    fps             | 289      |
|    time_elapsed    | 448      |
|    total_timesteps | 129600   |
---------------------------------
---------------------------------
| rollout/           |          |
|    ep_len_mean     | 100      |
|    ep_rew_mean     | -100     |
|    success_rate    | 0        |
| time/              |          |
|    episodes        | 1296     |
|    fps             | 289      |
|    time_elapsed    | 448      |
|    total_timesteps | 129600   |
---------------------------------
---------------------------------
| rollout/           |          |
|    ep_len_mean     | 100      |
|    ep_rew_mean     | -100     |
|    success_rate    | 0        |
| time/              |          |
|    episodes        | 1300     |
|    fps             | 291      |
|    time_elapsed    | 456      |
|    total_timesteps | 133200   |
| train/             |          |
|    actor_loss      | -9.89    |
|    critic_loss     | 0.00337  |
|    ent_coef        | 0.0325   |
|    ent_coef_loss   | -115     |
|    learning_rate   | 0.001    |
|    n_updates       | 3422     |
---------------------------------
---------------------------------
| rollout/           |          |
|    ep_len_mean     | 100      |
|    ep_rew_mean     | -100     |
|    success_rate    | 0        |
| time/              |          |
|    episodes        | 1304     |
|    fps             | 291      |
|    time_elapsed    | 456      |
|    total_timesteps | 133200   |
---------------------------------
---------------------------------
| rollout/           |          |
|    ep_len_mean     | 100      |
|    ep_rew_mean     | -100     |
|    success_rate    | 0        |
| time/              |          |
|    episodes        | 1308     |
|    fps             | 291      |
|    time_elapsed    | 456      |
|    total_timesteps | 133200   |
---------------------------------
---------------------------------
| rollout/           |          |
|    ep_len_mean     | 100      |
|    ep_rew_mean     | -100     |
|    success_rate    | 0        |
| time/              |          |
|    episodes        | 1312     |
|    fps             | 291      |
|    time_elapsed    | 456      |
|    total_timesteps | 133200   |
---------------------------------
---------------------------------
| rollout/           |          |
|    ep_len_mean     | 100      |
|    ep_rew_mean     | -100     |
|    success_rate    | 0        |
| time/              |          |
|    episodes        | 1316     |
|    fps             | 291      |
|    time_elapsed    | 456      |
|    total_timesteps | 133200   |
---------------------------------
---------------------------------
| rollout/           |          |
|    ep_len_mean     | 100      |
|    ep_rew_mean     | -100     |
|    success_rate    | 0        |
| time/              |          |
|    episodes        | 1320     |
|    fps             | 291      |
|    time_elapsed    | 456      |
|    total_timesteps | 133200   |
---------------------------------
---------------------------------
| rollout/           |          |
|    ep_len_mean     | 100      |
|    ep_rew_mean     | -100     |
|    success_rate    | 0        |
| time/              |          |
|    episodes        | 1324     |
|    fps             | 291      |
|    time_elapsed    | 456      |
|    total_timesteps | 133200   |
---------------------------------
---------------------------------
| rollout/           |          |
|    ep_len_mean     | 100      |
|    ep_rew_mean     | -100     |
|    success_rate    | 0        |
| time/              |          |
|    episodes        | 1328     |
|    fps             | 291      |
|    time_elapsed    | 456      |
|    total_timesteps | 133200   |
---------------------------------
---------------------------------
| rollout/           |          |
|    ep_len_mean     | 100      |
|    ep_rew_mean     | -100     |
|    success_rate    | 0        |
| time/              |          |
|    episodes        | 1332     |
|    fps             | 291      |
|    time_elapsed    | 456      |
|    total_timesteps | 133200   |
---------------------------------
---------------------------------
| rollout/           |          |
|    ep_len_mean     | 100      |
|    ep_rew_mean     | -100     |
|    success_rate    | 0        |
| time/              |          |
|    episodes        | 1336     |
|    fps             | 293      |
|    time_elapsed    | 465      |
|    total_timesteps | 136800   |
| train/             |          |
|    actor_loss      | -8.7     |
|    critic_loss     | 0.00301  |
|    ent_coef        | 0.0293   |
|    ent_coef_loss   | -118     |
|    learning_rate   | 0.001    |
|    n_updates       | 3522     |
---------------------------------
---------------------------------
| rollout/           |          |
|    ep_len_mean     | 100      |
|    ep_rew_mean     | -100     |
|    success_rate    | 0        |
| time/              |          |
|    episodes        | 1340     |
|    fps             | 293      |
|    time_elapsed    | 465      |
|    total_timesteps | 136800   |
---------------------------------
---------------------------------
| rollout/           |          |
|    ep_len_mean     | 100      |
|    ep_rew_mean     | -100     |
|    success_rate    | 0        |
| time/              |          |
|    episodes        | 1344     |
|    fps             | 293      |
|    time_elapsed    | 465      |
|    total_timesteps | 136800   |
---------------------------------
---------------------------------
| rollout/           |          |
|    ep_len_mean     | 100      |
|    ep_rew_mean     | -100     |
|    success_rate    | 0        |
| time/              |          |
|    episodes        | 1348     |
|    fps             | 293      |
|    time_elapsed    | 465      |
|    total_timesteps | 136800   |
---------------------------------
---------------------------------
| rollout/           |          |
|    ep_len_mean     | 100      |
|    ep_rew_mean     | -100     |
|    success_rate    | 0        |
| time/              |          |
|    episodes        | 1352     |
|    fps             | 293      |
|    time_elapsed    | 465      |
|    total_timesteps | 136800   |
---------------------------------
---------------------------------
| rollout/           |          |
|    ep_len_mean     | 100      |
|    ep_rew_mean     | -100     |
|    success_rate    | 0        |
| time/              |          |
|    episodes        | 1356     |
|    fps             | 293      |
|    time_elapsed    | 465      |
|    total_timesteps | 136800   |
---------------------------------
---------------------------------
| rollout/           |          |
|    ep_len_mean     | 100      |
|    ep_rew_mean     | -100     |
|    success_rate    | 0        |
| time/              |          |
|    episodes        | 1360     |
|    fps             | 293      |
|    time_elapsed    | 465      |
|    total_timesteps | 136800   |
---------------------------------
---------------------------------
| rollout/           |          |
|    ep_len_mean     | 100      |
|    ep_rew_mean     | -100     |
|    success_rate    | 0        |
| time/              |          |
|    episodes        | 1364     |
|    fps             | 293      |
|    time_elapsed    | 465      |
|    total_timesteps | 136800   |
---------------------------------
---------------------------------
| rollout/           |          |
|    ep_len_mean     | 100      |
|    ep_rew_mean     | -100     |
|    success_rate    | 0        |
| time/              |          |
|    episodes        | 1368     |
|    fps             | 293      |
|    time_elapsed    | 465      |
|    total_timesteps | 136800   |
---------------------------------

Running evaluation at 140112 timesteps...
Successfully copied normalization stats
Evaluation results: {'eval/mean_reward': np.float32(-100.0), 'eval/std_reward': np.float32(0.0), 'eval/success_rate': np.float64(0.0)}
---------------------------------
| rollout/           |          |
|    ep_len_mean     | 100      |
|    ep_rew_mean     | -100     |
|    success_rate    | 0        |
| time/              |          |
|    episodes        | 1372     |
|    fps             | 281      |
|    time_elapsed    | 499      |
|    total_timesteps | 140400   |
| train/             |          |
|    actor_loss      | -7.58    |
|    critic_loss     | 0.00298  |
|    ent_coef        | 0.0265   |
|    ent_coef_loss   | -121     |
|    learning_rate   | 0.001    |
|    n_updates       | 3622     |
---------------------------------
---------------------------------
| rollout/           |          |
|    ep_len_mean     | 100      |
|    ep_rew_mean     | -100     |
|    success_rate    | 0        |
| time/              |          |
|    episodes        | 1376     |
|    fps             | 281      |
|    time_elapsed    | 499      |
|    total_timesteps | 140400   |
---------------------------------
---------------------------------
| rollout/           |          |
|    ep_len_mean     | 100      |
|    ep_rew_mean     | -100     |
|    success_rate    | 0        |
| time/              |          |
|    episodes        | 1380     |
|    fps             | 281      |
|    time_elapsed    | 499      |
|    total_timesteps | 140400   |
---------------------------------
---------------------------------
| rollout/           |          |
|    ep_len_mean     | 100      |
|    ep_rew_mean     | -100     |
|    success_rate    | 0        |
| time/              |          |
|    episodes        | 1384     |
|    fps             | 281      |
|    time_elapsed    | 499      |
|    total_timesteps | 140400   |
---------------------------------
---------------------------------
| rollout/           |          |
|    ep_len_mean     | 100      |
|    ep_rew_mean     | -100     |
|    success_rate    | 0        |
| time/              |          |
|    episodes        | 1388     |
|    fps             | 281      |
|    time_elapsed    | 499      |
|    total_timesteps | 140400   |
---------------------------------
---------------------------------
| rollout/           |          |
|    ep_len_mean     | 100      |
|    ep_rew_mean     | -100     |
|    success_rate    | 0        |
| time/              |          |
|    episodes        | 1392     |
|    fps             | 281      |
|    time_elapsed    | 499      |
|    total_timesteps | 140400   |
---------------------------------
---------------------------------
| rollout/           |          |
|    ep_len_mean     | 100      |
|    ep_rew_mean     | -100     |
|    success_rate    | 0        |
| time/              |          |
|    episodes        | 1396     |
|    fps             | 281      |
|    time_elapsed    | 499      |
|    total_timesteps | 140400   |
---------------------------------
---------------------------------
| rollout/           |          |
|    ep_len_mean     | 100      |
|    ep_rew_mean     | -100     |
|    success_rate    | 0        |
| time/              |          |
|    episodes        | 1400     |
|    fps             | 281      |
|    time_elapsed    | 499      |
|    total_timesteps | 140400   |
---------------------------------
---------------------------------
| rollout/           |          |
|    ep_len_mean     | 100      |
|    ep_rew_mean     | -100     |
|    success_rate    | 0        |
| time/              |          |
|    episodes        | 1404     |
|    fps             | 281      |
|    time_elapsed    | 499      |
|    total_timesteps | 140400   |
---------------------------------
---------------------------------
| rollout/           |          |
|    ep_len_mean     | 100      |
|    ep_rew_mean     | -100     |
|    success_rate    | 0        |
| time/              |          |
|    episodes        | 1408     |
|    fps             | 283      |
|    time_elapsed    | 507      |
|    total_timesteps | 144000   |
| train/             |          |
|    actor_loss      | -6.62    |
|    critic_loss     | 0.00273  |
|    ent_coef        | 0.024    |
|    ent_coef_loss   | -125     |
|    learning_rate   | 0.001    |
|    n_updates       | 3722     |
---------------------------------
---------------------------------
| rollout/           |          |
|    ep_len_mean     | 100      |
|    ep_rew_mean     | -100     |
|    success_rate    | 0        |
| time/              |          |
|    episodes        | 1412     |
|    fps             | 283      |
|    time_elapsed    | 507      |
|    total_timesteps | 144000   |
---------------------------------
---------------------------------
| rollout/           |          |
|    ep_len_mean     | 100      |
|    ep_rew_mean     | -100     |
|    success_rate    | 0        |
| time/              |          |
|    episodes        | 1416     |
|    fps             | 283      |
|    time_elapsed    | 507      |
|    total_timesteps | 144000   |
---------------------------------
---------------------------------
| rollout/           |          |
|    ep_len_mean     | 100      |
|    ep_rew_mean     | -100     |
|    success_rate    | 0        |
| time/              |          |
|    episodes        | 1420     |
|    fps             | 283      |
|    time_elapsed    | 507      |
|    total_timesteps | 144000   |
---------------------------------
---------------------------------
| rollout/           |          |
|    ep_len_mean     | 100      |
|    ep_rew_mean     | -100     |
|    success_rate    | 0        |
| time/              |          |
|    episodes        | 1424     |
|    fps             | 283      |
|    time_elapsed    | 507      |
|    total_timesteps | 144000   |
---------------------------------
---------------------------------
| rollout/           |          |
|    ep_len_mean     | 100      |
|    ep_rew_mean     | -100     |
|    success_rate    | 0        |
| time/              |          |
|    episodes        | 1428     |
|    fps             | 283      |
|    time_elapsed    | 507      |
|    total_timesteps | 144000   |
---------------------------------
---------------------------------
| rollout/           |          |
|    ep_len_mean     | 100      |
|    ep_rew_mean     | -100     |
|    success_rate    | 0        |
| time/              |          |
|    episodes        | 1432     |
|    fps             | 283      |
|    time_elapsed    | 507      |
|    total_timesteps | 144000   |
---------------------------------
---------------------------------
| rollout/           |          |
|    ep_len_mean     | 100      |
|    ep_rew_mean     | -100     |
|    success_rate    | 0        |
| time/              |          |
|    episodes        | 1436     |
|    fps             | 283      |
|    time_elapsed    | 507      |
|    total_timesteps | 144000   |
---------------------------------
---------------------------------
| rollout/           |          |
|    ep_len_mean     | 100      |
|    ep_rew_mean     | -100     |
|    success_rate    | 0        |
| time/              |          |
|    episodes        | 1440     |
|    fps             | 283      |
|    time_elapsed    | 507      |
|    total_timesteps | 144000   |
---------------------------------
---------------------------------
| rollout/           |          |
|    ep_len_mean     | 100      |
|    ep_rew_mean     | -100     |
|    success_rate    | 0        |
| time/              |          |
|    episodes        | 1444     |
|    fps             | 285      |
|    time_elapsed    | 516      |
|    total_timesteps | 147600   |
| train/             |          |
|    actor_loss      | -5.75    |
|    critic_loss     | 0.00252  |
|    ent_coef        | 0.0217   |
|    ent_coef_loss   | -128     |
|    learning_rate   | 0.001    |
|    n_updates       | 3822     |
---------------------------------
---------------------------------
| rollout/           |          |
|    ep_len_mean     | 100      |
|    ep_rew_mean     | -100     |
|    success_rate    | 0        |
| time/              |          |
|    episodes        | 1448     |
|    fps             | 285      |
|    time_elapsed    | 516      |
|    total_timesteps | 147600   |
---------------------------------
---------------------------------
| rollout/           |          |
|    ep_len_mean     | 100      |
|    ep_rew_mean     | -100     |
|    success_rate    | 0        |
| time/              |          |
|    episodes        | 1452     |
|    fps             | 285      |
|    time_elapsed    | 516      |
|    total_timesteps | 147600   |
---------------------------------
---------------------------------
| rollout/           |          |
|    ep_len_mean     | 100      |
|    ep_rew_mean     | -100     |
|    success_rate    | 0        |
| time/              |          |
|    episodes        | 1456     |
|    fps             | 285      |
|    time_elapsed    | 516      |
|    total_timesteps | 147600   |
---------------------------------
---------------------------------
| rollout/           |          |
|    ep_len_mean     | 100      |
|    ep_rew_mean     | -100     |
|    success_rate    | 0        |
| time/              |          |
|    episodes        | 1460     |
|    fps             | 285      |
|    time_elapsed    | 516      |
|    total_timesteps | 147600   |
---------------------------------
---------------------------------
| rollout/           |          |
|    ep_len_mean     | 100      |
|    ep_rew_mean     | -100     |
|    success_rate    | 0        |
| time/              |          |
|    episodes        | 1464     |
|    fps             | 285      |
|    time_elapsed    | 516      |
|    total_timesteps | 147600   |
---------------------------------
---------------------------------
| rollout/           |          |
|    ep_len_mean     | 100      |
|    ep_rew_mean     | -100     |
|    success_rate    | 0        |
| time/              |          |
|    episodes        | 1468     |
|    fps             | 285      |
|    time_elapsed    | 516      |
|    total_timesteps | 147600   |
---------------------------------
---------------------------------
| rollout/           |          |
|    ep_len_mean     | 100      |
|    ep_rew_mean     | -100     |
|    success_rate    | 0        |
| time/              |          |
|    episodes        | 1472     |
|    fps             | 285      |
|    time_elapsed    | 516      |
|    total_timesteps | 147600   |
---------------------------------
---------------------------------
| rollout/           |          |
|    ep_len_mean     | 100      |
|    ep_rew_mean     | -100     |
|    success_rate    | 0        |
| time/              |          |
|    episodes        | 1476     |
|    fps             | 285      |
|    time_elapsed    | 516      |
|    total_timesteps | 147600   |
---------------------------------
---------------------------------
| rollout/           |          |
|    ep_len_mean     | 100      |
|    ep_rew_mean     | -100     |
|    success_rate    | 0        |
| time/              |          |
|    episodes        | 1480     |
|    fps             | 287      |
|    time_elapsed    | 525      |
|    total_timesteps | 151200   |
| train/             |          |
|    actor_loss      | -4.91    |
|    critic_loss     | 0.00251  |
|    ent_coef        | 0.0196   |
|    ent_coef_loss   | -131     |
|    learning_rate   | 0.001    |
|    n_updates       | 3922     |
---------------------------------
---------------------------------
| rollout/           |          |
|    ep_len_mean     | 100      |
|    ep_rew_mean     | -100     |
|    success_rate    | 0        |
| time/              |          |
|    episodes        | 1484     |
|    fps             | 287      |
|    time_elapsed    | 525      |
|    total_timesteps | 151200   |
---------------------------------
---------------------------------
| rollout/           |          |
|    ep_len_mean     | 100      |
|    ep_rew_mean     | -100     |
|    success_rate    | 0        |
| time/              |          |
|    episodes        | 1488     |
|    fps             | 287      |
|    time_elapsed    | 525      |
|    total_timesteps | 151200   |
---------------------------------
---------------------------------
| rollout/           |          |
|    ep_len_mean     | 100      |
|    ep_rew_mean     | -100     |
|    success_rate    | 0        |
| time/              |          |
|    episodes        | 1492     |
|    fps             | 287      |
|    time_elapsed    | 525      |
|    total_timesteps | 151200   |
---------------------------------
---------------------------------
| rollout/           |          |
|    ep_len_mean     | 100      |
|    ep_rew_mean     | -100     |
|    success_rate    | 0        |
| time/              |          |
|    episodes        | 1496     |
|    fps             | 287      |
|    time_elapsed    | 525      |
|    total_timesteps | 151200   |
---------------------------------
---------------------------------
| rollout/           |          |
|    ep_len_mean     | 100      |
|    ep_rew_mean     | -100     |
|    success_rate    | 0        |
| time/              |          |
|    episodes        | 1500     |
|    fps             | 287      |
|    time_elapsed    | 525      |
|    total_timesteps | 151200   |
---------------------------------
---------------------------------
| rollout/           |          |
|    ep_len_mean     | 100      |
|    ep_rew_mean     | -100     |
|    success_rate    | 0        |
| time/              |          |
|    episodes        | 1504     |
|    fps             | 287      |
|    time_elapsed    | 525      |
|    total_timesteps | 151200   |
---------------------------------
---------------------------------
| rollout/           |          |
|    ep_len_mean     | 100      |
|    ep_rew_mean     | -100     |
|    success_rate    | 0        |
| time/              |          |
|    episodes        | 1508     |
|    fps             | 287      |
|    time_elapsed    | 525      |
|    total_timesteps | 151200   |
---------------------------------
---------------------------------
| rollout/           |          |
|    ep_len_mean     | 100      |
|    ep_rew_mean     | -100     |
|    success_rate    | 0        |
| time/              |          |
|    episodes        | 1512     |
|    fps             | 287      |
|    time_elapsed    | 525      |
|    total_timesteps | 151200   |
---------------------------------
---------------------------------
| rollout/           |          |
|    ep_len_mean     | 100      |
|    ep_rew_mean     | -100     |
|    success_rate    | 0        |
| time/              |          |
|    episodes        | 1516     |
|    fps             | 289      |
|    time_elapsed    | 534      |
|    total_timesteps | 154800   |
| train/             |          |
|    actor_loss      | -4.15    |
|    critic_loss     | 0.00248  |
|    ent_coef        | 0.0178   |
|    ent_coef_loss   | -135     |
|    learning_rate   | 0.001    |
|    n_updates       | 4022     |
---------------------------------
---------------------------------
| rollout/           |          |
|    ep_len_mean     | 100      |
|    ep_rew_mean     | -100     |
|    success_rate    | 0        |
| time/              |          |
|    episodes        | 1520     |
|    fps             | 289      |
|    time_elapsed    | 534      |
|    total_timesteps | 154800   |
---------------------------------
---------------------------------
| rollout/           |          |
|    ep_len_mean     | 100      |
|    ep_rew_mean     | -100     |
|    success_rate    | 0        |
| time/              |          |
|    episodes        | 1524     |
|    fps             | 289      |
|    time_elapsed    | 534      |
|    total_timesteps | 154800   |
---------------------------------
---------------------------------
| rollout/           |          |
|    ep_len_mean     | 100      |
|    ep_rew_mean     | -100     |
|    success_rate    | 0        |
| time/              |          |
|    episodes        | 1528     |
|    fps             | 289      |
|    time_elapsed    | 534      |
|    total_timesteps | 154800   |
---------------------------------
---------------------------------
| rollout/           |          |
|    ep_len_mean     | 100      |
|    ep_rew_mean     | -100     |
|    success_rate    | 0        |
| time/              |          |
|    episodes        | 1532     |
|    fps             | 289      |
|    time_elapsed    | 534      |
|    total_timesteps | 154800   |
---------------------------------
---------------------------------
| rollout/           |          |
|    ep_len_mean     | 100      |
|    ep_rew_mean     | -100     |
|    success_rate    | 0        |
| time/              |          |
|    episodes        | 1536     |
|    fps             | 289      |
|    time_elapsed    | 534      |
|    total_timesteps | 154800   |
---------------------------------
---------------------------------
| rollout/           |          |
|    ep_len_mean     | 100      |
|    ep_rew_mean     | -100     |
|    success_rate    | 0        |
| time/              |          |
|    episodes        | 1540     |
|    fps             | 289      |
|    time_elapsed    | 534      |
|    total_timesteps | 154800   |
---------------------------------
---------------------------------
| rollout/           |          |
|    ep_len_mean     | 100      |
|    ep_rew_mean     | -100     |
|    success_rate    | 0        |
| time/              |          |
|    episodes        | 1544     |
|    fps             | 289      |
|    time_elapsed    | 534      |
|    total_timesteps | 154800   |
---------------------------------
---------------------------------
| rollout/           |          |
|    ep_len_mean     | 100      |
|    ep_rew_mean     | -100     |
|    success_rate    | 0        |
| time/              |          |
|    episodes        | 1548     |
|    fps             | 289      |
|    time_elapsed    | 534      |
|    total_timesteps | 154800   |
---------------------------------
---------------------------------
| rollout/           |          |
|    ep_len_mean     | 100      |
|    ep_rew_mean     | -100     |
|    success_rate    | 0        |
| time/              |          |
|    episodes        | 1552     |
|    fps             | 292      |
|    time_elapsed    | 542      |
|    total_timesteps | 158400   |
| train/             |          |
|    actor_loss      | -3.46    |
|    critic_loss     | 0.00242  |
|    ent_coef        | 0.0161   |
|    ent_coef_loss   | -138     |
|    learning_rate   | 0.001    |
|    n_updates       | 4122     |
---------------------------------
---------------------------------
| rollout/           |          |
|    ep_len_mean     | 100      |
|    ep_rew_mean     | -100     |
|    success_rate    | 0        |
| time/              |          |
|    episodes        | 1556     |
|    fps             | 292      |
|    time_elapsed    | 542      |
|    total_timesteps | 158400   |
---------------------------------
---------------------------------
| rollout/           |          |
|    ep_len_mean     | 100      |
|    ep_rew_mean     | -100     |
|    success_rate    | 0        |
| time/              |          |
|    episodes        | 1560     |
|    fps             | 292      |
|    time_elapsed    | 542      |
|    total_timesteps | 158400   |
---------------------------------
---------------------------------
| rollout/           |          |
|    ep_len_mean     | 100      |
|    ep_rew_mean     | -100     |
|    success_rate    | 0        |
| time/              |          |
|    episodes        | 1564     |
|    fps             | 292      |
|    time_elapsed    | 542      |
|    total_timesteps | 158400   |
---------------------------------
---------------------------------
| rollout/           |          |
|    ep_len_mean     | 100      |
|    ep_rew_mean     | -100     |
|    success_rate    | 0        |
| time/              |          |
|    episodes        | 1568     |
|    fps             | 292      |
|    time_elapsed    | 542      |
|    total_timesteps | 158400   |
---------------------------------
---------------------------------
| rollout/           |          |
|    ep_len_mean     | 100      |
|    ep_rew_mean     | -100     |
|    success_rate    | 0        |
| time/              |          |
|    episodes        | 1572     |
|    fps             | 292      |
|    time_elapsed    | 542      |
|    total_timesteps | 158400   |
---------------------------------
---------------------------------
| rollout/           |          |
|    ep_len_mean     | 100      |
|    ep_rew_mean     | -100     |
|    success_rate    | 0        |
| time/              |          |
|    episodes        | 1576     |
|    fps             | 292      |
|    time_elapsed    | 542      |
|    total_timesteps | 158400   |
---------------------------------
---------------------------------
| rollout/           |          |
|    ep_len_mean     | 100      |
|    ep_rew_mean     | -100     |
|    success_rate    | 0        |
| time/              |          |
|    episodes        | 1580     |
|    fps             | 292      |
|    time_elapsed    | 542      |
|    total_timesteps | 158400   |
---------------------------------
---------------------------------
| rollout/           |          |
|    ep_len_mean     | 100      |
|    ep_rew_mean     | -100     |
|    success_rate    | 0        |
| time/              |          |
|    episodes        | 1584     |
|    fps             | 292      |
|    time_elapsed    | 542      |
|    total_timesteps | 158400   |
---------------------------------

Running evaluation at 160128 timesteps...
Successfully copied normalization stats
Evaluation results: {'eval/mean_reward': np.float32(-100.0), 'eval/std_reward': np.float32(0.0), 'eval/success_rate': np.float64(0.0)}
---------------------------------
| rollout/           |          |
|    ep_len_mean     | 100      |
|    ep_rew_mean     | -100     |
|    success_rate    | 0        |
| time/              |          |
|    episodes        | 1588     |
|    fps             | 281      |
|    time_elapsed    | 576      |
|    total_timesteps | 162000   |
| train/             |          |
|    actor_loss      | -2.88    |
|    critic_loss     | 0.0023   |
|    ent_coef        | 0.0145   |
|    ent_coef_loss   | -141     |
|    learning_rate   | 0.001    |
|    n_updates       | 4222     |
---------------------------------
---------------------------------
| rollout/           |          |
|    ep_len_mean     | 100      |
|    ep_rew_mean     | -100     |
|    success_rate    | 0        |
| time/              |          |
|    episodes        | 1592     |
|    fps             | 281      |
|    time_elapsed    | 576      |
|    total_timesteps | 162000   |
---------------------------------
---------------------------------
| rollout/           |          |
|    ep_len_mean     | 100      |
|    ep_rew_mean     | -100     |
|    success_rate    | 0        |
| time/              |          |
|    episodes        | 1596     |
|    fps             | 281      |
|    time_elapsed    | 576      |
|    total_timesteps | 162000   |
---------------------------------
---------------------------------
| rollout/           |          |
|    ep_len_mean     | 100      |
|    ep_rew_mean     | -100     |
|    success_rate    | 0        |
| time/              |          |
|    episodes        | 1600     |
|    fps             | 281      |
|    time_elapsed    | 576      |
|    total_timesteps | 162000   |
---------------------------------
---------------------------------
| rollout/           |          |
|    ep_len_mean     | 100      |
|    ep_rew_mean     | -100     |
|    success_rate    | 0        |
| time/              |          |
|    episodes        | 1604     |
|    fps             | 281      |
|    time_elapsed    | 576      |
|    total_timesteps | 162000   |
---------------------------------
---------------------------------
| rollout/           |          |
|    ep_len_mean     | 100      |
|    ep_rew_mean     | -100     |
|    success_rate    | 0        |
| time/              |          |
|    episodes        | 1608     |
|    fps             | 281      |
|    time_elapsed    | 576      |
|    total_timesteps | 162000   |
---------------------------------
---------------------------------
| rollout/           |          |
|    ep_len_mean     | 100      |
|    ep_rew_mean     | -100     |
|    success_rate    | 0        |
| time/              |          |
|    episodes        | 1612     |
|    fps             | 281      |
|    time_elapsed    | 576      |
|    total_timesteps | 162000   |
---------------------------------
---------------------------------
| rollout/           |          |
|    ep_len_mean     | 100      |
|    ep_rew_mean     | -100     |
|    success_rate    | 0        |
| time/              |          |
|    episodes        | 1616     |
|    fps             | 281      |
|    time_elapsed    | 576      |
|    total_timesteps | 162000   |
---------------------------------
---------------------------------
| rollout/           |          |
|    ep_len_mean     | 100      |
|    ep_rew_mean     | -100     |
|    success_rate    | 0        |
| time/              |          |
|    episodes        | 1620     |
|    fps             | 281      |
|    time_elapsed    | 576      |
|    total_timesteps | 162000   |
---------------------------------
---------------------------------
| rollout/           |          |
|    ep_len_mean     | 100      |
|    ep_rew_mean     | -100     |
|    success_rate    | 0        |
| time/              |          |
|    episodes        | 1624     |
|    fps             | 283      |
|    time_elapsed    | 584      |
|    total_timesteps | 165600   |
| train/             |          |
|    actor_loss      | -2.33    |
|    critic_loss     | 0.00227  |
|    ent_coef        | 0.0132   |
|    ent_coef_loss   | -144     |
|    learning_rate   | 0.001    |
|    n_updates       | 4322     |
---------------------------------
---------------------------------
| rollout/           |          |
|    ep_len_mean     | 100      |
|    ep_rew_mean     | -100     |
|    success_rate    | 0        |
| time/              |          |
|    episodes        | 1628     |
|    fps             | 283      |
|    time_elapsed    | 584      |
|    total_timesteps | 165600   |
---------------------------------
---------------------------------
| rollout/           |          |
|    ep_len_mean     | 100      |
|    ep_rew_mean     | -100     |
|    success_rate    | 0        |
| time/              |          |
|    episodes        | 1632     |
|    fps             | 283      |
|    time_elapsed    | 584      |
|    total_timesteps | 165600   |
---------------------------------
---------------------------------
| rollout/           |          |
|    ep_len_mean     | 100      |
|    ep_rew_mean     | -100     |
|    success_rate    | 0        |
| time/              |          |
|    episodes        | 1636     |
|    fps             | 283      |
|    time_elapsed    | 584      |
|    total_timesteps | 165600   |
---------------------------------
---------------------------------
| rollout/           |          |
|    ep_len_mean     | 100      |
|    ep_rew_mean     | -100     |
|    success_rate    | 0        |
| time/              |          |
|    episodes        | 1640     |
|    fps             | 283      |
|    time_elapsed    | 584      |
|    total_timesteps | 165600   |
---------------------------------
---------------------------------
| rollout/           |          |
|    ep_len_mean     | 100      |
|    ep_rew_mean     | -100     |
|    success_rate    | 0        |
| time/              |          |
|    episodes        | 1644     |
|    fps             | 283      |
|    time_elapsed    | 584      |
|    total_timesteps | 165600   |
---------------------------------
---------------------------------
| rollout/           |          |
|    ep_len_mean     | 100      |
|    ep_rew_mean     | -100     |
|    success_rate    | 0        |
| time/              |          |
|    episodes        | 1648     |
|    fps             | 283      |
|    time_elapsed    | 584      |
|    total_timesteps | 165600   |
---------------------------------
---------------------------------
| rollout/           |          |
|    ep_len_mean     | 100      |
|    ep_rew_mean     | -100     |
|    success_rate    | 0        |
| time/              |          |
|    episodes        | 1652     |
|    fps             | 283      |
|    time_elapsed    | 584      |
|    total_timesteps | 165600   |
---------------------------------
---------------------------------
| rollout/           |          |
|    ep_len_mean     | 100      |
|    ep_rew_mean     | -100     |
|    success_rate    | 0        |
| time/              |          |
|    episodes        | 1656     |
|    fps             | 283      |
|    time_elapsed    | 584      |
|    total_timesteps | 165600   |
---------------------------------
---------------------------------
| rollout/           |          |
|    ep_len_mean     | 100      |
|    ep_rew_mean     | -100     |
|    success_rate    | 0        |
| time/              |          |
|    episodes        | 1660     |
|    fps             | 285      |
|    time_elapsed    | 593      |
|    total_timesteps | 169200   |
| train/             |          |
|    actor_loss      | -1.85    |
|    critic_loss     | 0.00215  |
|    ent_coef        | 0.0119   |
|    ent_coef_loss   | -147     |
|    learning_rate   | 0.001    |
|    n_updates       | 4422     |
---------------------------------
---------------------------------
| rollout/           |          |
|    ep_len_mean     | 100      |
|    ep_rew_mean     | -100     |
|    success_rate    | 0        |
| time/              |          |
|    episodes        | 1664     |
|    fps             | 285      |
|    time_elapsed    | 593      |
|    total_timesteps | 169200   |
---------------------------------
---------------------------------
| rollout/           |          |
|    ep_len_mean     | 100      |
|    ep_rew_mean     | -100     |
|    success_rate    | 0        |
| time/              |          |
|    episodes        | 1668     |
|    fps             | 285      |
|    time_elapsed    | 593      |
|    total_timesteps | 169200   |
---------------------------------
---------------------------------
| rollout/           |          |
|    ep_len_mean     | 100      |
|    ep_rew_mean     | -100     |
|    success_rate    | 0        |
| time/              |          |
|    episodes        | 1672     |
|    fps             | 285      |
|    time_elapsed    | 593      |
|    total_timesteps | 169200   |
---------------------------------
---------------------------------
| rollout/           |          |
|    ep_len_mean     | 100      |
|    ep_rew_mean     | -100     |
|    success_rate    | 0        |
| time/              |          |
|    episodes        | 1676     |
|    fps             | 285      |
|    time_elapsed    | 593      |
|    total_timesteps | 169200   |
---------------------------------
---------------------------------
| rollout/           |          |
|    ep_len_mean     | 100      |
|    ep_rew_mean     | -100     |
|    success_rate    | 0        |
| time/              |          |
|    episodes        | 1680     |
|    fps             | 285      |
|    time_elapsed    | 593      |
|    total_timesteps | 169200   |
---------------------------------
---------------------------------
| rollout/           |          |
|    ep_len_mean     | 100      |
|    ep_rew_mean     | -100     |
|    success_rate    | 0        |
| time/              |          |
|    episodes        | 1684     |
|    fps             | 285      |
|    time_elapsed    | 593      |
|    total_timesteps | 169200   |
---------------------------------
---------------------------------
| rollout/           |          |
|    ep_len_mean     | 100      |
|    ep_rew_mean     | -100     |
|    success_rate    | 0        |
| time/              |          |
|    episodes        | 1688     |
|    fps             | 285      |
|    time_elapsed    | 593      |
|    total_timesteps | 169200   |
---------------------------------
---------------------------------
| rollout/           |          |
|    ep_len_mean     | 100      |
|    ep_rew_mean     | -100     |
|    success_rate    | 0        |
| time/              |          |
|    episodes        | 1692     |
|    fps             | 285      |
|    time_elapsed    | 593      |
|    total_timesteps | 169200   |
---------------------------------
---------------------------------
| rollout/           |          |
|    ep_len_mean     | 100      |
|    ep_rew_mean     | -100     |
|    success_rate    | 0        |
| time/              |          |
|    episodes        | 1696     |
|    fps             | 287      |
|    time_elapsed    | 601      |
|    total_timesteps | 172800   |
| train/             |          |
|    actor_loss      | -1.42    |
|    critic_loss     | 0.00253  |
|    ent_coef        | 0.0108   |
|    ent_coef_loss   | -150     |
|    learning_rate   | 0.001    |
|    n_updates       | 4522     |
---------------------------------
---------------------------------
| rollout/           |          |
|    ep_len_mean     | 100      |
|    ep_rew_mean     | -100     |
|    success_rate    | 0        |
| time/              |          |
|    episodes        | 1700     |
|    fps             | 287      |
|    time_elapsed    | 601      |
|    total_timesteps | 172800   |
---------------------------------
---------------------------------
| rollout/           |          |
|    ep_len_mean     | 100      |
|    ep_rew_mean     | -100     |
|    success_rate    | 0        |
| time/              |          |
|    episodes        | 1704     |
|    fps             | 287      |
|    time_elapsed    | 601      |
|    total_timesteps | 172800   |
---------------------------------
---------------------------------
| rollout/           |          |
|    ep_len_mean     | 100      |
|    ep_rew_mean     | -100     |
|    success_rate    | 0        |
| time/              |          |
|    episodes        | 1708     |
|    fps             | 287      |
|    time_elapsed    | 601      |
|    total_timesteps | 172800   |
---------------------------------
---------------------------------
| rollout/           |          |
|    ep_len_mean     | 100      |
|    ep_rew_mean     | -100     |
|    success_rate    | 0        |
| time/              |          |
|    episodes        | 1712     |
|    fps             | 287      |
|    time_elapsed    | 601      |
|    total_timesteps | 172800   |
---------------------------------
---------------------------------
| rollout/           |          |
|    ep_len_mean     | 100      |
|    ep_rew_mean     | -100     |
|    success_rate    | 0        |
| time/              |          |
|    episodes        | 1716     |
|    fps             | 287      |
|    time_elapsed    | 601      |
|    total_timesteps | 172800   |
---------------------------------
---------------------------------
| rollout/           |          |
|    ep_len_mean     | 100      |
|    ep_rew_mean     | -100     |
|    success_rate    | 0        |
| time/              |          |
|    episodes        | 1720     |
|    fps             | 287      |
|    time_elapsed    | 601      |
|    total_timesteps | 172800   |
---------------------------------
---------------------------------
| rollout/           |          |
|    ep_len_mean     | 100      |
|    ep_rew_mean     | -100     |
|    success_rate    | 0        |
| time/              |          |
|    episodes        | 1724     |
|    fps             | 287      |
|    time_elapsed    | 601      |
|    total_timesteps | 172800   |
---------------------------------
---------------------------------
| rollout/           |          |
|    ep_len_mean     | 100      |
|    ep_rew_mean     | -100     |
|    success_rate    | 0        |
| time/              |          |
|    episodes        | 1728     |
|    fps             | 287      |
|    time_elapsed    | 601      |
|    total_timesteps | 172800   |
---------------------------------
---------------------------------
| rollout/           |          |
|    ep_len_mean     | 100      |
|    ep_rew_mean     | -100     |
|    success_rate    | 0        |
| time/              |          |
|    episodes        | 1732     |
|    fps             | 289      |
|    time_elapsed    | 610      |
|    total_timesteps | 176400   |
| train/             |          |
|    actor_loss      | -0.981   |
|    critic_loss     | 0.00228  |
|    ent_coef        | 0.00977  |
|    ent_coef_loss   | -152     |
|    learning_rate   | 0.001    |
|    n_updates       | 4622     |
---------------------------------
---------------------------------
| rollout/           |          |
|    ep_len_mean     | 100      |
|    ep_rew_mean     | -100     |
|    success_rate    | 0        |
| time/              |          |
|    episodes        | 1736     |
|    fps             | 289      |
|    time_elapsed    | 610      |
|    total_timesteps | 176400   |
---------------------------------
---------------------------------
| rollout/           |          |
|    ep_len_mean     | 100      |
|    ep_rew_mean     | -100     |
|    success_rate    | 0        |
| time/              |          |
|    episodes        | 1740     |
|    fps             | 289      |
|    time_elapsed    | 610      |
|    total_timesteps | 176400   |
---------------------------------
---------------------------------
| rollout/           |          |
|    ep_len_mean     | 100      |
|    ep_rew_mean     | -100     |
|    success_rate    | 0        |
| time/              |          |
|    episodes        | 1744     |
|    fps             | 289      |
|    time_elapsed    | 610      |
|    total_timesteps | 176400   |
---------------------------------
---------------------------------
| rollout/           |          |
|    ep_len_mean     | 100      |
|    ep_rew_mean     | -100     |
|    success_rate    | 0        |
| time/              |          |
|    episodes        | 1748     |
|    fps             | 289      |
|    time_elapsed    | 610      |
|    total_timesteps | 176400   |
---------------------------------
---------------------------------
| rollout/           |          |
|    ep_len_mean     | 100      |
|    ep_rew_mean     | -100     |
|    success_rate    | 0        |
| time/              |          |
|    episodes        | 1752     |
|    fps             | 289      |
|    time_elapsed    | 610      |
|    total_timesteps | 176400   |
---------------------------------
---------------------------------
| rollout/           |          |
|    ep_len_mean     | 100      |
|    ep_rew_mean     | -100     |
|    success_rate    | 0        |
| time/              |          |
|    episodes        | 1756     |
|    fps             | 289      |
|    time_elapsed    | 610      |
|    total_timesteps | 176400   |
---------------------------------
---------------------------------
| rollout/           |          |
|    ep_len_mean     | 100      |
|    ep_rew_mean     | -100     |
|    success_rate    | 0        |
| time/              |          |
|    episodes        | 1760     |
|    fps             | 289      |
|    time_elapsed    | 610      |
|    total_timesteps | 176400   |
---------------------------------
---------------------------------
| rollout/           |          |
|    ep_len_mean     | 100      |
|    ep_rew_mean     | -100     |
|    success_rate    | 0        |
| time/              |          |
|    episodes        | 1764     |
|    fps             | 289      |
|    time_elapsed    | 610      |
|    total_timesteps | 176400   |
---------------------------------
---------------------------------
| rollout/           |          |
|    ep_len_mean     | 100      |
|    ep_rew_mean     | -100     |
|    success_rate    | 0        |
| time/              |          |
|    episodes        | 1768     |
|    fps             | 290      |
|    time_elapsed    | 618      |
|    total_timesteps | 180000   |
| train/             |          |
|    actor_loss      | -0.784   |
|    critic_loss     | 0.00268  |
|    ent_coef        | 0.00885  |
|    ent_coef_loss   | -156     |
|    learning_rate   | 0.001    |
|    n_updates       | 4722     |
---------------------------------
---------------------------------
| rollout/           |          |
|    ep_len_mean     | 100      |
|    ep_rew_mean     | -100     |
|    success_rate    | 0        |
| time/              |          |
|    episodes        | 1772     |
|    fps             | 290      |
|    time_elapsed    | 618      |
|    total_timesteps | 180000   |
---------------------------------
---------------------------------
| rollout/           |          |
|    ep_len_mean     | 100      |
|    ep_rew_mean     | -100     |
|    success_rate    | 0        |
| time/              |          |
|    episodes        | 1776     |
|    fps             | 290      |
|    time_elapsed    | 618      |
|    total_timesteps | 180000   |
---------------------------------
---------------------------------
| rollout/           |          |
|    ep_len_mean     | 100      |
|    ep_rew_mean     | -100     |
|    success_rate    | 0        |
| time/              |          |
|    episodes        | 1780     |
|    fps             | 290      |
|    time_elapsed    | 618      |
|    total_timesteps | 180000   |
---------------------------------
---------------------------------
| rollout/           |          |
|    ep_len_mean     | 100      |
|    ep_rew_mean     | -100     |
|    success_rate    | 0        |
| time/              |          |
|    episodes        | 1784     |
|    fps             | 290      |
|    time_elapsed    | 618      |
|    total_timesteps | 180000   |
---------------------------------
---------------------------------
| rollout/           |          |
|    ep_len_mean     | 100      |
|    ep_rew_mean     | -100     |
|    success_rate    | 0        |
| time/              |          |
|    episodes        | 1788     |
|    fps             | 290      |
|    time_elapsed    | 618      |
|    total_timesteps | 180000   |
---------------------------------
---------------------------------
| rollout/           |          |
|    ep_len_mean     | 100      |
|    ep_rew_mean     | -100     |
|    success_rate    | 0        |
| time/              |          |
|    episodes        | 1792     |
|    fps             | 290      |
|    time_elapsed    | 618      |
|    total_timesteps | 180000   |
---------------------------------
---------------------------------
| rollout/           |          |
|    ep_len_mean     | 100      |
|    ep_rew_mean     | -100     |
|    success_rate    | 0        |
| time/              |          |
|    episodes        | 1796     |
|    fps             | 290      |
|    time_elapsed    | 618      |
|    total_timesteps | 180000   |
---------------------------------
---------------------------------
| rollout/           |          |
|    ep_len_mean     | 100      |
|    ep_rew_mean     | -100     |
|    success_rate    | 0        |
| time/              |          |
|    episodes        | 1800     |
|    fps             | 290      |
|    time_elapsed    | 618      |
|    total_timesteps | 180000   |
---------------------------------

Running evaluation at 180144 timesteps...
Successfully copied normalization stats
Evaluation results: {'eval/mean_reward': np.float32(-100.0), 'eval/std_reward': np.float32(0.0), 'eval/success_rate': np.float64(0.0)}
---------------------------------
| rollout/           |          |
|    ep_len_mean     | 100      |
|    ep_rew_mean     | -100     |
|    success_rate    | 0        |
| time/              |          |
|    episodes        | 1804     |
|    fps             | 281      |
|    time_elapsed    | 653      |
|    total_timesteps | 183600   |
| train/             |          |
|    actor_loss      | -0.559   |
|    critic_loss     | 0.00354  |
|    ent_coef        | 0.00801  |
|    ent_coef_loss   | -158     |
|    learning_rate   | 0.001    |
|    n_updates       | 4822     |
---------------------------------
---------------------------------
| rollout/           |          |
|    ep_len_mean     | 100      |
|    ep_rew_mean     | -100     |
|    success_rate    | 0        |
| time/              |          |
|    episodes        | 1808     |
|    fps             | 281      |
|    time_elapsed    | 653      |
|    total_timesteps | 183600   |
---------------------------------
---------------------------------
| rollout/           |          |
|    ep_len_mean     | 100      |
|    ep_rew_mean     | -100     |
|    success_rate    | 0        |
| time/              |          |
|    episodes        | 1812     |
|    fps             | 281      |
|    time_elapsed    | 653      |
|    total_timesteps | 183600   |
---------------------------------
---------------------------------
| rollout/           |          |
|    ep_len_mean     | 100      |
|    ep_rew_mean     | -100     |
|    success_rate    | 0        |
| time/              |          |
|    episodes        | 1816     |
|    fps             | 281      |
|    time_elapsed    | 653      |
|    total_timesteps | 183600   |
---------------------------------
---------------------------------
| rollout/           |          |
|    ep_len_mean     | 100      |
|    ep_rew_mean     | -100     |
|    success_rate    | 0        |
| time/              |          |
|    episodes        | 1820     |
|    fps             | 281      |
|    time_elapsed    | 653      |
|    total_timesteps | 183600   |
---------------------------------
---------------------------------
| rollout/           |          |
|    ep_len_mean     | 100      |
|    ep_rew_mean     | -100     |
|    success_rate    | 0        |
| time/              |          |
|    episodes        | 1824     |
|    fps             | 281      |
|    time_elapsed    | 653      |
|    total_timesteps | 183600   |
---------------------------------
---------------------------------
| rollout/           |          |
|    ep_len_mean     | 100      |
|    ep_rew_mean     | -100     |
|    success_rate    | 0        |
| time/              |          |
|    episodes        | 1828     |
|    fps             | 281      |
|    time_elapsed    | 653      |
|    total_timesteps | 183600   |
---------------------------------
---------------------------------
| rollout/           |          |
|    ep_len_mean     | 100      |
|    ep_rew_mean     | -100     |
|    success_rate    | 0        |
| time/              |          |
|    episodes        | 1832     |
|    fps             | 281      |
|    time_elapsed    | 653      |
|    total_timesteps | 183600   |
---------------------------------
---------------------------------
| rollout/           |          |
|    ep_len_mean     | 100      |
|    ep_rew_mean     | -100     |
|    success_rate    | 0        |
| time/              |          |
|    episodes        | 1836     |
|    fps             | 281      |
|    time_elapsed    | 653      |
|    total_timesteps | 183600   |
---------------------------------
---------------------------------
| rollout/           |          |
|    ep_len_mean     | 100      |
|    ep_rew_mean     | -100     |
|    success_rate    | 0        |
| time/              |          |
|    episodes        | 1840     |
|    fps             | 282      |
|    time_elapsed    | 661      |
|    total_timesteps | 187200   |
| train/             |          |
|    actor_loss      | -0.375   |
|    critic_loss     | 0.00395  |
|    ent_coef        | 0.00726  |
|    ent_coef_loss   | -161     |
|    learning_rate   | 0.001    |
|    n_updates       | 4922     |
---------------------------------
---------------------------------
| rollout/           |          |
|    ep_len_mean     | 100      |
|    ep_rew_mean     | -100     |
|    success_rate    | 0        |
| time/              |          |
|    episodes        | 1844     |
|    fps             | 282      |
|    time_elapsed    | 661      |
|    total_timesteps | 187200   |
---------------------------------
---------------------------------
| rollout/           |          |
|    ep_len_mean     | 100      |
|    ep_rew_mean     | -100     |
|    success_rate    | 0        |
| time/              |          |
|    episodes        | 1848     |
|    fps             | 282      |
|    time_elapsed    | 661      |
|    total_timesteps | 187200   |
---------------------------------
---------------------------------
| rollout/           |          |
|    ep_len_mean     | 100      |
|    ep_rew_mean     | -100     |
|    success_rate    | 0        |
| time/              |          |
|    episodes        | 1852     |
|    fps             | 282      |
|    time_elapsed    | 661      |
|    total_timesteps | 187200   |
---------------------------------
---------------------------------
| rollout/           |          |
|    ep_len_mean     | 100      |
|    ep_rew_mean     | -100     |
|    success_rate    | 0        |
| time/              |          |
|    episodes        | 1856     |
|    fps             | 282      |
|    time_elapsed    | 661      |
|    total_timesteps | 187200   |
---------------------------------
---------------------------------
| rollout/           |          |
|    ep_len_mean     | 100      |
|    ep_rew_mean     | -100     |
|    success_rate    | 0        |
| time/              |          |
|    episodes        | 1860     |
|    fps             | 282      |
|    time_elapsed    | 661      |
|    total_timesteps | 187200   |
---------------------------------
---------------------------------
| rollout/           |          |
|    ep_len_mean     | 100      |
|    ep_rew_mean     | -100     |
|    success_rate    | 0        |
| time/              |          |
|    episodes        | 1864     |
|    fps             | 282      |
|    time_elapsed    | 661      |
|    total_timesteps | 187200   |
---------------------------------
---------------------------------
| rollout/           |          |
|    ep_len_mean     | 100      |
|    ep_rew_mean     | -100     |
|    success_rate    | 0        |
| time/              |          |
|    episodes        | 1868     |
|    fps             | 282      |
|    time_elapsed    | 661      |
|    total_timesteps | 187200   |
---------------------------------
---------------------------------
| rollout/           |          |
|    ep_len_mean     | 100      |
|    ep_rew_mean     | -100     |
|    success_rate    | 0        |
| time/              |          |
|    episodes        | 1872     |
|    fps             | 282      |
|    time_elapsed    | 661      |
|    total_timesteps | 187200   |
---------------------------------
---------------------------------
| rollout/           |          |
|    ep_len_mean     | 100      |
|    ep_rew_mean     | -100     |
|    success_rate    | 0        |
| time/              |          |
|    episodes        | 1876     |
|    fps             | 284      |
|    time_elapsed    | 670      |
|    total_timesteps | 190800   |
| train/             |          |
|    actor_loss      | -0.194   |
|    critic_loss     | 0.00439  |
|    ent_coef        | 0.00658  |
|    ent_coef_loss   | -163     |
|    learning_rate   | 0.001    |
|    n_updates       | 5022     |
---------------------------------
---------------------------------
| rollout/           |          |
|    ep_len_mean     | 100      |
|    ep_rew_mean     | -100     |
|    success_rate    | 0        |
| time/              |          |
|    episodes        | 1880     |
|    fps             | 284      |
|    time_elapsed    | 670      |
|    total_timesteps | 190800   |
---------------------------------
---------------------------------
| rollout/           |          |
|    ep_len_mean     | 100      |
|    ep_rew_mean     | -100     |
|    success_rate    | 0        |
| time/              |          |
|    episodes        | 1884     |
|    fps             | 284      |
|    time_elapsed    | 670      |
|    total_timesteps | 190800   |
---------------------------------
---------------------------------
| rollout/           |          |
|    ep_len_mean     | 100      |
|    ep_rew_mean     | -100     |
|    success_rate    | 0        |
| time/              |          |
|    episodes        | 1888     |
|    fps             | 284      |
|    time_elapsed    | 670      |
|    total_timesteps | 190800   |
---------------------------------
---------------------------------
| rollout/           |          |
|    ep_len_mean     | 100      |
|    ep_rew_mean     | -100     |
|    success_rate    | 0        |
| time/              |          |
|    episodes        | 1892     |
|    fps             | 284      |
|    time_elapsed    | 670      |
|    total_timesteps | 190800   |
---------------------------------
---------------------------------
| rollout/           |          |
|    ep_len_mean     | 100      |
|    ep_rew_mean     | -100     |
|    success_rate    | 0        |
| time/              |          |
|    episodes        | 1896     |
|    fps             | 284      |
|    time_elapsed    | 670      |
|    total_timesteps | 190800   |
---------------------------------
---------------------------------
| rollout/           |          |
|    ep_len_mean     | 100      |
|    ep_rew_mean     | -100     |
|    success_rate    | 0        |
| time/              |          |
|    episodes        | 1900     |
|    fps             | 284      |
|    time_elapsed    | 670      |
|    total_timesteps | 190800   |
---------------------------------
---------------------------------
| rollout/           |          |
|    ep_len_mean     | 100      |
|    ep_rew_mean     | -100     |
|    success_rate    | 0        |
| time/              |          |
|    episodes        | 1904     |
|    fps             | 284      |
|    time_elapsed    | 670      |
|    total_timesteps | 190800   |
---------------------------------
---------------------------------
| rollout/           |          |
|    ep_len_mean     | 100      |
|    ep_rew_mean     | -100     |
|    success_rate    | 0        |
| time/              |          |
|    episodes        | 1908     |
|    fps             | 284      |
|    time_elapsed    | 670      |
|    total_timesteps | 190800   |
---------------------------------
---------------------------------
| rollout/           |          |
|    ep_len_mean     | 100      |
|    ep_rew_mean     | -100     |
|    success_rate    | 0        |
| time/              |          |
|    episodes        | 1912     |
|    fps             | 286      |
|    time_elapsed    | 679      |
|    total_timesteps | 194400   |
| train/             |          |
|    actor_loss      | -0.0281  |
|    critic_loss     | 0.00455  |
|    ent_coef        | 0.00597  |
|    ent_coef_loss   | -166     |
|    learning_rate   | 0.001    |
|    n_updates       | 5122     |
---------------------------------
---------------------------------
| rollout/           |          |
|    ep_len_mean     | 100      |
|    ep_rew_mean     | -100     |
|    success_rate    | 0        |
| time/              |          |
|    episodes        | 1916     |
|    fps             | 286      |
|    time_elapsed    | 679      |
|    total_timesteps | 194400   |
---------------------------------
---------------------------------
| rollout/           |          |
|    ep_len_mean     | 100      |
|    ep_rew_mean     | -100     |
|    success_rate    | 0        |
| time/              |          |
|    episodes        | 1920     |
|    fps             | 286      |
|    time_elapsed    | 679      |
|    total_timesteps | 194400   |
---------------------------------
---------------------------------
| rollout/           |          |
|    ep_len_mean     | 100      |
|    ep_rew_mean     | -100     |
|    success_rate    | 0        |
| time/              |          |
|    episodes        | 1924     |
|    fps             | 286      |
|    time_elapsed    | 679      |
|    total_timesteps | 194400   |
---------------------------------
---------------------------------
| rollout/           |          |
|    ep_len_mean     | 100      |
|    ep_rew_mean     | -100     |
|    success_rate    | 0        |
| time/              |          |
|    episodes        | 1928     |
|    fps             | 286      |
|    time_elapsed    | 679      |
|    total_timesteps | 194400   |
---------------------------------
---------------------------------
| rollout/           |          |
|    ep_len_mean     | 100      |
|    ep_rew_mean     | -100     |
|    success_rate    | 0        |
| time/              |          |
|    episodes        | 1932     |
|    fps             | 286      |
|    time_elapsed    | 679      |
|    total_timesteps | 194400   |
---------------------------------
---------------------------------
| rollout/           |          |
|    ep_len_mean     | 100      |
|    ep_rew_mean     | -100     |
|    success_rate    | 0        |
| time/              |          |
|    episodes        | 1936     |
|    fps             | 286      |
|    time_elapsed    | 679      |
|    total_timesteps | 194400   |
---------------------------------
---------------------------------
| rollout/           |          |
|    ep_len_mean     | 100      |
|    ep_rew_mean     | -100     |
|    success_rate    | 0        |
| time/              |          |
|    episodes        | 1940     |
|    fps             | 286      |
|    time_elapsed    | 679      |
|    total_timesteps | 194400   |
---------------------------------
---------------------------------
| rollout/           |          |
|    ep_len_mean     | 100      |
|    ep_rew_mean     | -100     |
|    success_rate    | 0        |
| time/              |          |
|    episodes        | 1944     |
|    fps             | 286      |
|    time_elapsed    | 679      |
|    total_timesteps | 194400   |
---------------------------------
---------------------------------
| rollout/           |          |
|    ep_len_mean     | 100      |
|    ep_rew_mean     | -100     |
|    success_rate    | 0        |
| time/              |          |
|    episodes        | 1948     |
|    fps             | 287      |
|    time_elapsed    | 687      |
|    total_timesteps | 198000   |
| train/             |          |
|    actor_loss      | 0.0857   |
|    critic_loss     | 0.00477  |
|    ent_coef        | 0.00541  |
|    ent_coef_loss   | -168     |
|    learning_rate   | 0.001    |
|    n_updates       | 5222     |
---------------------------------
---------------------------------
| rollout/           |          |
|    ep_len_mean     | 100      |
|    ep_rew_mean     | -100     |
|    success_rate    | 0        |
| time/              |          |
|    episodes        | 1952     |
|    fps             | 287      |
|    time_elapsed    | 687      |
|    total_timesteps | 198000   |
---------------------------------
---------------------------------
| rollout/           |          |
|    ep_len_mean     | 100      |
|    ep_rew_mean     | -100     |
|    success_rate    | 0        |
| time/              |          |
|    episodes        | 1956     |
|    fps             | 287      |
|    time_elapsed    | 687      |
|    total_timesteps | 198000   |
---------------------------------
---------------------------------
| rollout/           |          |
|    ep_len_mean     | 100      |
|    ep_rew_mean     | -100     |
|    success_rate    | 0        |
| time/              |          |
|    episodes        | 1960     |
|    fps             | 287      |
|    time_elapsed    | 687      |
|    total_timesteps | 198000   |
---------------------------------
---------------------------------
| rollout/           |          |
|    ep_len_mean     | 100      |
|    ep_rew_mean     | -100     |
|    success_rate    | 0        |
| time/              |          |
|    episodes        | 1964     |
|    fps             | 287      |
|    time_elapsed    | 687      |
|    total_timesteps | 198000   |
---------------------------------
---------------------------------
| rollout/           |          |
|    ep_len_mean     | 100      |
|    ep_rew_mean     | -100     |
|    success_rate    | 0        |
| time/              |          |
|    episodes        | 1968     |
|    fps             | 287      |
|    time_elapsed    | 687      |
|    total_timesteps | 198000   |
---------------------------------
---------------------------------
| rollout/           |          |
|    ep_len_mean     | 100      |
|    ep_rew_mean     | -100     |
|    success_rate    | 0        |
| time/              |          |
|    episodes        | 1972     |
|    fps             | 287      |
|    time_elapsed    | 687      |
|    total_timesteps | 198000   |
---------------------------------
---------------------------------
| rollout/           |          |
|    ep_len_mean     | 100      |
|    ep_rew_mean     | -100     |
|    success_rate    | 0        |
| time/              |          |
|    episodes        | 1976     |
|    fps             | 287      |
|    time_elapsed    | 687      |
|    total_timesteps | 198000   |
---------------------------------
---------------------------------
| rollout/           |          |
|    ep_len_mean     | 100      |
|    ep_rew_mean     | -100     |
|    success_rate    | 0        |
| time/              |          |
|    episodes        | 1980     |
|    fps             | 287      |
|    time_elapsed    | 687      |
|    total_timesteps | 198000   |
---------------------------------
Saved VecNormalize stats to /work/hdd/bewv/smahesh1/ShadowHand-TQC/generated/studies/sphere_v1_demo/candidates/n1000_a0p1_b0p9/obj_size_small_ar_high_macro_low_rough_high/rigid/models/n1000_a0p1_b0p9_obj_size_small_ar_high_macro_low_rough_high_rigid/vecnorm_200016.pkl
Saved model to /work/hdd/bewv/smahesh1/ShadowHand-TQC/generated/studies/sphere_v1_demo/candidates/n1000_a0p1_b0p9/obj_size_small_ar_high_macro_low_rough_high/rigid/models/n1000_a0p1_b0p9_obj_size_small_ar_high_macro_low_rough_high_rigid/model_200016_steps.zip

Running evaluation at 200160 timesteps...
Successfully copied normalization stats
Evaluation results: {'eval/mean_reward': np.float32(-100.0), 'eval/std_reward': np.float32(0.0), 'eval/success_rate': np.float64(0.0)}
---------------------------------
| rollout/           |          |
|    ep_len_mean     | 100      |
|    ep_rew_mean     | -100     |
|    success_rate    | 0        |
| time/              |          |
|    episodes        | 1984     |
|    fps             | 279      |
|    time_elapsed    | 721      |
|    total_timesteps | 201600   |
| train/             |          |
|    actor_loss      | 0.271    |
|    critic_loss     | 0.00485  |
|    ent_coef        | 0.00491  |
|    ent_coef_loss   | -168     |
|    learning_rate   | 0.001    |
|    n_updates       | 5322     |
---------------------------------
---------------------------------
| rollout/           |          |
|    ep_len_mean     | 100      |
|    ep_rew_mean     | -100     |
|    success_rate    | 0        |
| time/              |          |
|    episodes        | 1988     |
|    fps             | 279      |
|    time_elapsed    | 721      |
|    total_timesteps | 201600   |
---------------------------------
---------------------------------
| rollout/           |          |
|    ep_len_mean     | 100      |
|    ep_rew_mean     | -100     |
|    success_rate    | 0        |
| time/              |          |
|    episodes        | 1992     |
|    fps             | 279      |
|    time_elapsed    | 721      |
|    total_timesteps | 201600   |
---------------------------------
---------------------------------
| rollout/           |          |
|    ep_len_mean     | 100      |
|    ep_rew_mean     | -100     |
|    success_rate    | 0        |
| time/              |          |
|    episodes        | 1996     |
|    fps             | 279      |
|    time_elapsed    | 721      |
|    total_timesteps | 201600   |
---------------------------------
---------------------------------
| rollout/           |          |
|    ep_len_mean     | 100      |
|    ep_rew_mean     | -100     |
|    success_rate    | 0        |
| time/              |          |
|    episodes        | 2000     |
|    fps             | 279      |
|    time_elapsed    | 721      |
|    total_timesteps | 201600   |
---------------------------------
---------------------------------
| rollout/           |          |
|    ep_len_mean     | 100      |
|    ep_rew_mean     | -100     |
|    success_rate    | 0        |
| time/              |          |
|    episodes        | 2004     |
|    fps             | 279      |
|    time_elapsed    | 721      |
|    total_timesteps | 201600   |
---------------------------------
---------------------------------
| rollout/           |          |
|    ep_len_mean     | 100      |
|    ep_rew_mean     | -100     |
|    success_rate    | 0        |
| time/              |          |
|    episodes        | 2008     |
|    fps             | 279      |
|    time_elapsed    | 721      |
|    total_timesteps | 201600   |
---------------------------------
---------------------------------
| rollout/           |          |
|    ep_len_mean     | 100      |
|    ep_rew_mean     | -100     |
|    success_rate    | 0        |
| time/              |          |
|    episodes        | 2012     |
|    fps             | 279      |
|    time_elapsed    | 721      |
|    total_timesteps | 201600   |
---------------------------------
---------------------------------
| rollout/           |          |
|    ep_len_mean     | 100      |
|    ep_rew_mean     | -100     |
|    success_rate    | 0        |
| time/              |          |
|    episodes        | 2016     |
|    fps             | 279      |
|    time_elapsed    | 721      |
|    total_timesteps | 201600   |
---------------------------------
---------------------------------
| rollout/           |          |
|    ep_len_mean     | 100      |
|    ep_rew_mean     | -100     |
|    success_rate    | 0        |
| time/              |          |
|    episodes        | 2020     |
|    fps             | 281      |
|    time_elapsed    | 730      |
|    total_timesteps | 205200   |
| train/             |          |
|    actor_loss      | 0.356    |
|    critic_loss     | 0.00492  |
|    ent_coef        | 0.00445  |
|    ent_coef_loss   | -171     |
|    learning_rate   | 0.001    |
|    n_updates       | 5422     |
---------------------------------
---------------------------------
| rollout/           |          |
|    ep_len_mean     | 100      |
|    ep_rew_mean     | -100     |
|    success_rate    | 0        |
| time/              |          |
|    episodes        | 2024     |
|    fps             | 281      |
|    time_elapsed    | 730      |
|    total_timesteps | 205200   |
---------------------------------
---------------------------------
| rollout/           |          |
|    ep_len_mean     | 100      |
|    ep_rew_mean     | -100     |
|    success_rate    | 0        |
| time/              |          |
|    episodes        | 2028     |
|    fps             | 281      |
|    time_elapsed    | 730      |
|    total_timesteps | 205200   |
---------------------------------
---------------------------------
| rollout/           |          |
|    ep_len_mean     | 100      |
|    ep_rew_mean     | -100     |
|    success_rate    | 0        |
| time/              |          |
|    episodes        | 2032     |
|    fps             | 281      |
|    time_elapsed    | 730      |
|    total_timesteps | 205200   |
---------------------------------
---------------------------------
| rollout/           |          |
|    ep_len_mean     | 100      |
|    ep_rew_mean     | -100     |
|    success_rate    | 0        |
| time/              |          |
|    episodes        | 2036     |
|    fps             | 281      |
|    time_elapsed    | 730      |
|    total_timesteps | 205200   |
---------------------------------
---------------------------------
| rollout/           |          |
|    ep_len_mean     | 100      |
|    ep_rew_mean     | -100     |
|    success_rate    | 0        |
| time/              |          |
|    episodes        | 2040     |
|    fps             | 281      |
|    time_elapsed    | 730      |
|    total_timesteps | 205200   |
---------------------------------
---------------------------------
| rollout/           |          |
|    ep_len_mean     | 100      |
|    ep_rew_mean     | -100     |
|    success_rate    | 0        |
| time/              |          |
|    episodes        | 2044     |
|    fps             | 281      |
|    time_elapsed    | 730      |
|    total_timesteps | 205200   |
---------------------------------
---------------------------------
| rollout/           |          |
|    ep_len_mean     | 100      |
|    ep_rew_mean     | -100     |
|    success_rate    | 0        |
| time/              |          |
|    episodes        | 2048     |
|    fps             | 281      |
|    time_elapsed    | 730      |
|    total_timesteps | 205200   |
---------------------------------
---------------------------------
| rollout/           |          |
|    ep_len_mean     | 100      |
|    ep_rew_mean     | -100     |
|    success_rate    | 0        |
| time/              |          |
|    episodes        | 2052     |
|    fps             | 281      |
|    time_elapsed    | 730      |
|    total_timesteps | 205200   |
---------------------------------
---------------------------------
| rollout/           |          |
|    ep_len_mean     | 100      |
|    ep_rew_mean     | -100     |
|    success_rate    | 0        |
| time/              |          |
|    episodes        | 2056     |
|    fps             | 282      |
|    time_elapsed    | 738      |
|    total_timesteps | 208800   |
| train/             |          |
|    actor_loss      | 0.513    |
|    critic_loss     | 0.00505  |
|    ent_coef        | 0.00404  |
|    ent_coef_loss   | -175     |
|    learning_rate   | 0.001    |
|    n_updates       | 5522     |
---------------------------------
---------------------------------
| rollout/           |          |
|    ep_len_mean     | 100      |
|    ep_rew_mean     | -100     |
|    success_rate    | 0        |
| time/              |          |
|    episodes        | 2060     |
|    fps             | 282      |
|    time_elapsed    | 738      |
|    total_timesteps | 208800   |
---------------------------------
---------------------------------
| rollout/           |          |
|    ep_len_mean     | 100      |
|    ep_rew_mean     | -100     |
|    success_rate    | 0        |
| time/              |          |
|    episodes        | 2064     |
|    fps             | 282      |
|    time_elapsed    | 738      |
|    total_timesteps | 208800   |
---------------------------------
---------------------------------
| rollout/           |          |
|    ep_len_mean     | 100      |
|    ep_rew_mean     | -100     |
|    success_rate    | 0        |
| time/              |          |
|    episodes        | 2068     |
|    fps             | 282      |
|    time_elapsed    | 738      |
|    total_timesteps | 208800   |
---------------------------------
---------------------------------
| rollout/           |          |
|    ep_len_mean     | 100      |
|    ep_rew_mean     | -100     |
|    success_rate    | 0        |
| time/              |          |
|    episodes        | 2072     |
|    fps             | 282      |
|    time_elapsed    | 738      |
|    total_timesteps | 208800   |
---------------------------------
---------------------------------
| rollout/           |          |
|    ep_len_mean     | 100      |
|    ep_rew_mean     | -100     |
|    success_rate    | 0        |
| time/              |          |
|    episodes        | 2076     |
|    fps             | 282      |
|    time_elapsed    | 738      |
|    total_timesteps | 208800   |
---------------------------------
---------------------------------
| rollout/           |          |
|    ep_len_mean     | 100      |
|    ep_rew_mean     | -100     |
|    success_rate    | 0        |
| time/              |          |
|    episodes        | 2080     |
|    fps             | 282      |
|    time_elapsed    | 738      |
|    total_timesteps | 208800   |
---------------------------------
---------------------------------
| rollout/           |          |
|    ep_len_mean     | 100      |
|    ep_rew_mean     | -100     |
|    success_rate    | 0        |
| time/              |          |
|    episodes        | 2084     |
|    fps             | 282      |
|    time_elapsed    | 738      |
|    total_timesteps | 208800   |
---------------------------------
---------------------------------
| rollout/           |          |
|    ep_len_mean     | 100      |
|    ep_rew_mean     | -100     |
|    success_rate    | 0        |
| time/              |          |
|    episodes        | 2088     |
|    fps             | 282      |
|    time_elapsed    | 738      |
|    total_timesteps | 208800   |
---------------------------------
---------------------------------
| rollout/           |          |
|    ep_len_mean     | 100      |
|    ep_rew_mean     | -100     |
|    success_rate    | 0        |
| time/              |          |
|    episodes        | 2092     |
|    fps             | 284      |
|    time_elapsed    | 747      |
|    total_timesteps | 212400   |
| train/             |          |
|    actor_loss      | 0.646    |
|    critic_loss     | 0.00364  |
|    ent_coef        | 0.00367  |
|    ent_coef_loss   | -174     |
|    learning_rate   | 0.001    |
|    n_updates       | 5622     |
---------------------------------
---------------------------------
| rollout/           |          |
|    ep_len_mean     | 100      |
|    ep_rew_mean     | -100     |
|    success_rate    | 0        |
| time/              |          |
|    episodes        | 2096     |
|    fps             | 284      |
|    time_elapsed    | 747      |
|    total_timesteps | 212400   |
---------------------------------
---------------------------------
| rollout/           |          |
|    ep_len_mean     | 100      |
|    ep_rew_mean     | -100     |
|    success_rate    | 0        |
| time/              |          |
|    episodes        | 2100     |
|    fps             | 284      |
|    time_elapsed    | 747      |
|    total_timesteps | 212400   |
---------------------------------
---------------------------------
| rollout/           |          |
|    ep_len_mean     | 100      |
|    ep_rew_mean     | -100     |
|    success_rate    | 0        |
| time/              |          |
|    episodes        | 2104     |
|    fps             | 284      |
|    time_elapsed    | 747      |
|    total_timesteps | 212400   |
---------------------------------
---------------------------------
| rollout/           |          |
|    ep_len_mean     | 100      |
|    ep_rew_mean     | -100     |
|    success_rate    | 0        |
| time/              |          |
|    episodes        | 2108     |
|    fps             | 284      |
|    time_elapsed    | 747      |
|    total_timesteps | 212400   |
---------------------------------
---------------------------------
| rollout/           |          |
|    ep_len_mean     | 100      |
|    ep_rew_mean     | -100     |
|    success_rate    | 0        |
| time/              |          |
|    episodes        | 2112     |
|    fps             | 284      |
|    time_elapsed    | 747      |
|    total_timesteps | 212400   |
---------------------------------
---------------------------------
| rollout/           |          |
|    ep_len_mean     | 100      |
|    ep_rew_mean     | -100     |
|    success_rate    | 0        |
| time/              |          |
|    episodes        | 2116     |
|    fps             | 284      |
|    time_elapsed    | 747      |
|    total_timesteps | 212400   |
---------------------------------
---------------------------------
| rollout/           |          |
|    ep_len_mean     | 100      |
|    ep_rew_mean     | -100     |
|    success_rate    | 0        |
| time/              |          |
|    episodes        | 2120     |
|    fps             | 284      |
|    time_elapsed    | 747      |
|    total_timesteps | 212400   |
---------------------------------
---------------------------------
| rollout/           |          |
|    ep_len_mean     | 100      |
|    ep_rew_mean     | -100     |
|    success_rate    | 0        |
| time/              |          |
|    episodes        | 2124     |
|    fps             | 284      |
|    time_elapsed    | 747      |
|    total_timesteps | 212400   |
---------------------------------
---------------------------------
| rollout/           |          |
|    ep_len_mean     | 100      |
|    ep_rew_mean     | -100     |
|    success_rate    | 0        |
| time/              |          |
|    episodes        | 2128     |
|    fps             | 285      |
|    time_elapsed    | 756      |
|    total_timesteps | 216000   |
| train/             |          |
|    actor_loss      | 0.876    |
|    critic_loss     | 0.00245  |
|    ent_coef        | 0.00334  |
|    ent_coef_loss   | -175     |
|    learning_rate   | 0.001    |
|    n_updates       | 5722     |
---------------------------------
---------------------------------
| rollout/           |          |
|    ep_len_mean     | 100      |
|    ep_rew_mean     | -100     |
|    success_rate    | 0        |
| time/              |          |
|    episodes        | 2132     |
|    fps             | 285      |
|    time_elapsed    | 756      |
|    total_timesteps | 216000   |
---------------------------------
---------------------------------
| rollout/           |          |
|    ep_len_mean     | 100      |
|    ep_rew_mean     | -100     |
|    success_rate    | 0        |
| time/              |          |
|    episodes        | 2136     |
|    fps             | 285      |
|    time_elapsed    | 756      |
|    total_timesteps | 216000   |
---------------------------------
---------------------------------
| rollout/           |          |
|    ep_len_mean     | 100      |
|    ep_rew_mean     | -100     |
|    success_rate    | 0        |
| time/              |          |
|    episodes        | 2140     |
|    fps             | 285      |
|    time_elapsed    | 756      |
|    total_timesteps | 216000   |
---------------------------------
---------------------------------
| rollout/           |          |
|    ep_len_mean     | 100      |
|    ep_rew_mean     | -100     |
|    success_rate    | 0        |
| time/              |          |
|    episodes        | 2144     |
|    fps             | 285      |
|    time_elapsed    | 756      |
|    total_timesteps | 216000   |
---------------------------------
---------------------------------
| rollout/           |          |
|    ep_len_mean     | 100      |
|    ep_rew_mean     | -100     |
|    success_rate    | 0        |
| time/              |          |
|    episodes        | 2148     |
|    fps             | 285      |
|    time_elapsed    | 756      |
|    total_timesteps | 216000   |
---------------------------------
---------------------------------
| rollout/           |          |
|    ep_len_mean     | 100      |
|    ep_rew_mean     | -100     |
|    success_rate    | 0        |
| time/              |          |
|    episodes        | 2152     |
|    fps             | 285      |
|    time_elapsed    | 756      |
|    total_timesteps | 216000   |
---------------------------------
---------------------------------
| rollout/           |          |
|    ep_len_mean     | 100      |
|    ep_rew_mean     | -100     |
|    success_rate    | 0        |
| time/              |          |
|    episodes        | 2156     |
|    fps             | 285      |
|    time_elapsed    | 756      |
|    total_timesteps | 216000   |
---------------------------------
---------------------------------
| rollout/           |          |
|    ep_len_mean     | 100      |
|    ep_rew_mean     | -100     |
|    success_rate    | 0        |
| time/              |          |
|    episodes        | 2160     |
|    fps             | 285      |
|    time_elapsed    | 756      |
|    total_timesteps | 216000   |
---------------------------------
---------------------------------
| rollout/           |          |
|    ep_len_mean     | 100      |
|    ep_rew_mean     | -100     |
|    success_rate    | 0        |
| time/              |          |
|    episodes        | 2164     |
|    fps             | 287      |
|    time_elapsed    | 765      |
|    total_timesteps | 219600   |
| train/             |          |
|    actor_loss      | 1.1      |
|    critic_loss     | 0.00266  |
|    ent_coef        | 0.00304  |
|    ent_coef_loss   | -174     |
|    learning_rate   | 0.001    |
|    n_updates       | 5822     |
---------------------------------
---------------------------------
| rollout/           |          |
|    ep_len_mean     | 100      |
|    ep_rew_mean     | -100     |
|    success_rate    | 0        |
| time/              |          |
|    episodes        | 2168     |
|    fps             | 287      |
|    time_elapsed    | 765      |
|    total_timesteps | 219600   |
---------------------------------
---------------------------------
| rollout/           |          |
|    ep_len_mean     | 100      |
|    ep_rew_mean     | -100     |
|    success_rate    | 0        |
| time/              |          |
|    episodes        | 2172     |
|    fps             | 287      |
|    time_elapsed    | 765      |
|    total_timesteps | 219600   |
---------------------------------
---------------------------------
| rollout/           |          |
|    ep_len_mean     | 100      |
|    ep_rew_mean     | -100     |
|    success_rate    | 0        |
| time/              |          |
|    episodes        | 2176     |
|    fps             | 287      |
|    time_elapsed    | 765      |
|    total_timesteps | 219600   |
---------------------------------
---------------------------------
| rollout/           |          |
|    ep_len_mean     | 100      |
|    ep_rew_mean     | -100     |
|    success_rate    | 0        |
| time/              |          |
|    episodes        | 2180     |
|    fps             | 287      |
|    time_elapsed    | 765      |
|    total_timesteps | 219600   |
---------------------------------
---------------------------------
| rollout/           |          |
|    ep_len_mean     | 100      |
|    ep_rew_mean     | -100     |
|    success_rate    | 0        |
| time/              |          |
|    episodes        | 2184     |
|    fps             | 287      |
|    time_elapsed    | 765      |
|    total_timesteps | 219600   |
---------------------------------
---------------------------------
| rollout/           |          |
|    ep_len_mean     | 100      |
|    ep_rew_mean     | -100     |
|    success_rate    | 0        |
| time/              |          |
|    episodes        | 2188     |
|    fps             | 287      |
|    time_elapsed    | 765      |
|    total_timesteps | 219600   |
---------------------------------
---------------------------------
| rollout/           |          |
|    ep_len_mean     | 100      |
|    ep_rew_mean     | -100     |
|    success_rate    | 0        |
| time/              |          |
|    episodes        | 2192     |
|    fps             | 287      |
|    time_elapsed    | 765      |
|    total_timesteps | 219600   |
---------------------------------
---------------------------------
| rollout/           |          |
|    ep_len_mean     | 100      |
|    ep_rew_mean     | -100     |
|    success_rate    | 0        |
| time/              |          |
|    episodes        | 2196     |
|    fps             | 287      |
|    time_elapsed    | 765      |
|    total_timesteps | 219600   |
---------------------------------

Running evaluation at 220176 timesteps...
Successfully copied normalization stats
Evaluation results: {'eval/mean_reward': np.float32(-100.0), 'eval/std_reward': np.float32(0.0), 'eval/success_rate': np.float64(0.0)}
---------------------------------
| rollout/           |          |
|    ep_len_mean     | 100      |
|    ep_rew_mean     | -100     |
|    success_rate    | 0        |
| time/              |          |
|    episodes        | 2200     |
|    fps             | 280      |
|    time_elapsed    | 796      |
|    total_timesteps | 223200   |
| train/             |          |
|    actor_loss      | 1.23     |
|    critic_loss     | 0.00292  |
|    ent_coef        | 0.00277  |
|    ent_coef_loss   | -172     |
|    learning_rate   | 0.001    |
|    n_updates       | 5922     |
---------------------------------
---------------------------------
| rollout/           |          |
|    ep_len_mean     | 100      |
|    ep_rew_mean     | -100     |
|    success_rate    | 0        |
| time/              |          |
|    episodes        | 2204     |
|    fps             | 280      |
|    time_elapsed    | 796      |
|    total_timesteps | 223200   |
---------------------------------
---------------------------------
| rollout/           |          |
|    ep_len_mean     | 100      |
|    ep_rew_mean     | -100     |
|    success_rate    | 0        |
| time/              |          |
|    episodes        | 2208     |
|    fps             | 280      |
|    time_elapsed    | 796      |
|    total_timesteps | 223200   |
---------------------------------
---------------------------------
| rollout/           |          |
|    ep_len_mean     | 100      |
|    ep_rew_mean     | -100     |
|    success_rate    | 0        |
| time/              |          |
|    episodes        | 2212     |
|    fps             | 280      |
|    time_elapsed    | 796      |
|    total_timesteps | 223200   |
---------------------------------
---------------------------------
| rollout/           |          |
|    ep_len_mean     | 100      |
|    ep_rew_mean     | -100     |
|    success_rate    | 0        |
| time/              |          |
|    episodes        | 2216     |
|    fps             | 280      |
|    time_elapsed    | 796      |
|    total_timesteps | 223200   |
---------------------------------
---------------------------------
| rollout/           |          |
|    ep_len_mean     | 100      |
|    ep_rew_mean     | -100     |
|    success_rate    | 0        |
| time/              |          |
|    episodes        | 2220     |
|    fps             | 280      |
|    time_elapsed    | 796      |
|    total_timesteps | 223200   |
---------------------------------
---------------------------------
| rollout/           |          |
|    ep_len_mean     | 100      |
|    ep_rew_mean     | -100     |
|    success_rate    | 0        |
| time/              |          |
|    episodes        | 2224     |
|    fps             | 280      |
|    time_elapsed    | 796      |
|    total_timesteps | 223200   |
---------------------------------
---------------------------------
| rollout/           |          |
|    ep_len_mean     | 100      |
|    ep_rew_mean     | -100     |
|    success_rate    | 0        |
| time/              |          |
|    episodes        | 2228     |
|    fps             | 280      |
|    time_elapsed    | 796      |
|    total_timesteps | 223200   |
---------------------------------
---------------------------------
| rollout/           |          |
|    ep_len_mean     | 100      |
|    ep_rew_mean     | -100     |
|    success_rate    | 0        |
| time/              |          |
|    episodes        | 2232     |
|    fps             | 280      |
|    time_elapsed    | 796      |
|    total_timesteps | 223200   |
---------------------------------
---------------------------------
| rollout/           |          |
|    ep_len_mean     | 100      |
|    ep_rew_mean     | -100     |
|    success_rate    | 0        |
| time/              |          |
|    episodes        | 2236     |
|    fps             | 281      |
|    time_elapsed    | 805      |
|    total_timesteps | 226800   |
| train/             |          |
|    actor_loss      | 1.37     |
|    critic_loss     | 0.00311  |
|    ent_coef        | 0.00253  |
|    ent_coef_loss   | -168     |
|    learning_rate   | 0.001    |
|    n_updates       | 6022     |
---------------------------------
---------------------------------
| rollout/           |          |
|    ep_len_mean     | 100      |
|    ep_rew_mean     | -100     |
|    success_rate    | 0        |
| time/              |          |
|    episodes        | 2240     |
|    fps             | 281      |
|    time_elapsed    | 805      |
|    total_timesteps | 226800   |
---------------------------------
---------------------------------
| rollout/           |          |
|    ep_len_mean     | 100      |
|    ep_rew_mean     | -100     |
|    success_rate    | 0        |
| time/              |          |
|    episodes        | 2244     |
|    fps             | 281      |
|    time_elapsed    | 805      |
|    total_timesteps | 226800   |
---------------------------------
---------------------------------
| rollout/           |          |
|    ep_len_mean     | 100      |
|    ep_rew_mean     | -100     |
|    success_rate    | 0        |
| time/              |          |
|    episodes        | 2248     |
|    fps             | 281      |
|    time_elapsed    | 805      |
|    total_timesteps | 226800   |
---------------------------------
---------------------------------
| rollout/           |          |
|    ep_len_mean     | 100      |
|    ep_rew_mean     | -100     |
|    success_rate    | 0        |
| time/              |          |
|    episodes        | 2252     |
|    fps             | 281      |
|    time_elapsed    | 805      |
|    total_timesteps | 226800   |
---------------------------------
---------------------------------
| rollout/           |          |
|    ep_len_mean     | 100      |
|    ep_rew_mean     | -100     |
|    success_rate    | 0        |
| time/              |          |
|    episodes        | 2256     |
|    fps             | 281      |
|    time_elapsed    | 805      |
|    total_timesteps | 226800   |
---------------------------------
---------------------------------
| rollout/           |          |
|    ep_len_mean     | 100      |
|    ep_rew_mean     | -100     |
|    success_rate    | 0        |
| time/              |          |
|    episodes        | 2260     |
|    fps             | 281      |
|    time_elapsed    | 805      |
|    total_timesteps | 226800   |
---------------------------------
---------------------------------
| rollout/           |          |
|    ep_len_mean     | 100      |
|    ep_rew_mean     | -100     |
|    success_rate    | 0        |
| time/              |          |
|    episodes        | 2264     |
|    fps             | 281      |
|    time_elapsed    | 805      |
|    total_timesteps | 226800   |
---------------------------------
---------------------------------
| rollout/           |          |
|    ep_len_mean     | 100      |
|    ep_rew_mean     | -100     |
|    success_rate    | 0        |
| time/              |          |
|    episodes        | 2268     |
|    fps             | 281      |
|    time_elapsed    | 805      |
|    total_timesteps | 226800   |
---------------------------------
---------------------------------
| rollout/           |          |
|    ep_len_mean     | 100      |
|    ep_rew_mean     | -100     |
|    success_rate    | 0        |
| time/              |          |
|    episodes        | 2272     |
|    fps             | 283      |
|    time_elapsed    | 813      |
|    total_timesteps | 230400   |
| train/             |          |
|    actor_loss      | 1.45     |
|    critic_loss     | 0.00259  |
|    ent_coef        | 0.00231  |
|    ent_coef_loss   | -173     |
|    learning_rate   | 0.001    |
|    n_updates       | 6122     |
---------------------------------
---------------------------------
| rollout/           |          |
|    ep_len_mean     | 100      |
|    ep_rew_mean     | -100     |
|    success_rate    | 0        |
| time/              |          |
|    episodes        | 2276     |
|    fps             | 283      |
|    time_elapsed    | 813      |
|    total_timesteps | 230400   |
---------------------------------
---------------------------------
| rollout/           |          |
|    ep_len_mean     | 100      |
|    ep_rew_mean     | -100     |
|    success_rate    | 0        |
| time/              |          |
|    episodes        | 2280     |
|    fps             | 283      |
|    time_elapsed    | 813      |
|    total_timesteps | 230400   |
---------------------------------
---------------------------------
| rollout/           |          |
|    ep_len_mean     | 100      |
|    ep_rew_mean     | -100     |
|    success_rate    | 0        |
| time/              |          |
|    episodes        | 2284     |
|    fps             | 283      |
|    time_elapsed    | 813      |
|    total_timesteps | 230400   |
---------------------------------
---------------------------------
| rollout/           |          |
|    ep_len_mean     | 100      |
|    ep_rew_mean     | -100     |
|    success_rate    | 0        |
| time/              |          |
|    episodes        | 2288     |
|    fps             | 283      |
|    time_elapsed    | 813      |
|    total_timesteps | 230400   |
---------------------------------
---------------------------------
| rollout/           |          |
|    ep_len_mean     | 100      |
|    ep_rew_mean     | -100     |
|    success_rate    | 0        |
| time/              |          |
|    episodes        | 2292     |
|    fps             | 283      |
|    time_elapsed    | 813      |
|    total_timesteps | 230400   |
---------------------------------
---------------------------------
| rollout/           |          |
|    ep_len_mean     | 100      |
|    ep_rew_mean     | -100     |
|    success_rate    | 0        |
| time/              |          |
|    episodes        | 2296     |
|    fps             | 283      |
|    time_elapsed    | 813      |
|    total_timesteps | 230400   |
---------------------------------
---------------------------------
| rollout/           |          |
|    ep_len_mean     | 100      |
|    ep_rew_mean     | -100     |
|    success_rate    | 0        |
| time/              |          |
|    episodes        | 2300     |
|    fps             | 283      |
|    time_elapsed    | 813      |
|    total_timesteps | 230400   |
---------------------------------
---------------------------------
| rollout/           |          |
|    ep_len_mean     | 100      |
|    ep_rew_mean     | -100     |
|    success_rate    | 0        |
| time/              |          |
|    episodes        | 2304     |
|    fps             | 283      |
|    time_elapsed    | 813      |
|    total_timesteps | 230400   |
---------------------------------
---------------------------------
| rollout/           |          |
|    ep_len_mean     | 100      |
|    ep_rew_mean     | -100     |
|    success_rate    | 0        |
| time/              |          |
|    episodes        | 2308     |
|    fps             | 284      |
|    time_elapsed    | 821      |
|    total_timesteps | 234000   |
| train/             |          |
|    actor_loss      | 1.54     |
|    critic_loss     | 0.00314  |
|    ent_coef        | 0.00212  |
|    ent_coef_loss   | -170     |
|    learning_rate   | 0.001    |
|    n_updates       | 6222     |
---------------------------------
---------------------------------
| rollout/           |          |
|    ep_len_mean     | 100      |
|    ep_rew_mean     | -100     |
|    success_rate    | 0        |
| time/              |          |
|    episodes        | 2312     |
|    fps             | 284      |
|    time_elapsed    | 821      |
|    total_timesteps | 234000   |
---------------------------------
---------------------------------
| rollout/           |          |
|    ep_len_mean     | 100      |
|    ep_rew_mean     | -100     |
|    success_rate    | 0        |
| time/              |          |
|    episodes        | 2316     |
|    fps             | 284      |
|    time_elapsed    | 821      |
|    total_timesteps | 234000   |
---------------------------------
---------------------------------
| rollout/           |          |
|    ep_len_mean     | 100      |
|    ep_rew_mean     | -100     |
|    success_rate    | 0        |
| time/              |          |
|    episodes        | 2320     |
|    fps             | 284      |
|    time_elapsed    | 821      |
|    total_timesteps | 234000   |
---------------------------------
---------------------------------
| rollout/           |          |
|    ep_len_mean     | 100      |
|    ep_rew_mean     | -100     |
|    success_rate    | 0        |
| time/              |          |
|    episodes        | 2324     |
|    fps             | 284      |
|    time_elapsed    | 821      |
|    total_timesteps | 234000   |
---------------------------------
---------------------------------
| rollout/           |          |
|    ep_len_mean     | 100      |
|    ep_rew_mean     | -100     |
|    success_rate    | 0        |
| time/              |          |
|    episodes        | 2328     |
|    fps             | 284      |
|    time_elapsed    | 821      |
|    total_timesteps | 234000   |
---------------------------------
---------------------------------
| rollout/           |          |
|    ep_len_mean     | 100      |
|    ep_rew_mean     | -100     |
|    success_rate    | 0        |
| time/              |          |
|    episodes        | 2332     |
|    fps             | 284      |
|    time_elapsed    | 821      |
|    total_timesteps | 234000   |
---------------------------------
---------------------------------
| rollout/           |          |
|    ep_len_mean     | 100      |
|    ep_rew_mean     | -100     |
|    success_rate    | 0        |
| time/              |          |
|    episodes        | 2336     |
|    fps             | 284      |
|    time_elapsed    | 821      |
|    total_timesteps | 234000   |
---------------------------------
---------------------------------
| rollout/           |          |
|    ep_len_mean     | 100      |
|    ep_rew_mean     | -100     |
|    success_rate    | 0        |
| time/              |          |
|    episodes        | 2340     |
|    fps             | 284      |
|    time_elapsed    | 821      |
|    total_timesteps | 234000   |
---------------------------------
---------------------------------
| rollout/           |          |
|    ep_len_mean     | 100      |
|    ep_rew_mean     | -100     |
|    success_rate    | 0        |
| time/              |          |
|    episodes        | 2344     |
|    fps             | 286      |
|    time_elapsed    | 830      |
|    total_timesteps | 237600   |
| train/             |          |
|    actor_loss      | 1.55     |
|    critic_loss     | 0.00314  |
|    ent_coef        | 0.00194  |
|    ent_coef_loss   | -167     |
|    learning_rate   | 0.001    |
|    n_updates       | 6322     |
---------------------------------
---------------------------------
| rollout/           |          |
|    ep_len_mean     | 100      |
|    ep_rew_mean     | -100     |
|    success_rate    | 0        |
| time/              |          |
|    episodes        | 2348     |
|    fps             | 286      |
|    time_elapsed    | 830      |
|    total_timesteps | 237600   |
---------------------------------
---------------------------------
| rollout/           |          |
|    ep_len_mean     | 100      |
|    ep_rew_mean     | -100     |
|    success_rate    | 0        |
| time/              |          |
|    episodes        | 2352     |
|    fps             | 286      |
|    time_elapsed    | 830      |
|    total_timesteps | 237600   |
---------------------------------
---------------------------------
| rollout/           |          |
|    ep_len_mean     | 100      |
|    ep_rew_mean     | -100     |
|    success_rate    | 0        |
| time/              |          |
|    episodes        | 2356     |
|    fps             | 286      |
|    time_elapsed    | 830      |
|    total_timesteps | 237600   |
---------------------------------
---------------------------------
| rollout/           |          |
|    ep_len_mean     | 100      |
|    ep_rew_mean     | -100     |
|    success_rate    | 0        |
| time/              |          |
|    episodes        | 2360     |
|    fps             | 286      |
|    time_elapsed    | 830      |
|    total_timesteps | 237600   |
---------------------------------
---------------------------------
| rollout/           |          |
|    ep_len_mean     | 100      |
|    ep_rew_mean     | -100     |
|    success_rate    | 0        |
| time/              |          |
|    episodes        | 2364     |
|    fps             | 286      |
|    time_elapsed    | 830      |
|    total_timesteps | 237600   |
---------------------------------
---------------------------------
| rollout/           |          |
|    ep_len_mean     | 100      |
|    ep_rew_mean     | -100     |
|    success_rate    | 0        |
| time/              |          |
|    episodes        | 2368     |
|    fps             | 286      |
|    time_elapsed    | 830      |
|    total_timesteps | 237600   |
---------------------------------
---------------------------------
| rollout/           |          |
|    ep_len_mean     | 100      |
|    ep_rew_mean     | -100     |
|    success_rate    | 0        |
| time/              |          |
|    episodes        | 2372     |
|    fps             | 286      |
|    time_elapsed    | 830      |
|    total_timesteps | 237600   |
---------------------------------
---------------------------------
| rollout/           |          |
|    ep_len_mean     | 100      |
|    ep_rew_mean     | -100     |
|    success_rate    | 0        |
| time/              |          |
|    episodes        | 2376     |
|    fps             | 286      |
|    time_elapsed    | 830      |
|    total_timesteps | 237600   |
---------------------------------

Running evaluation at 240192 timesteps...
Successfully copied normalization stats
Evaluation results: {'eval/mean_reward': np.float32(-100.0), 'eval/std_reward': np.float32(0.0), 'eval/success_rate': np.float64(0.0)}
---------------------------------
| rollout/           |          |
|    ep_len_mean     | 100      |
|    ep_rew_mean     | -100     |
|    success_rate    | 0        |
| time/              |          |
|    episodes        | 2380     |
|    fps             | 279      |
|    time_elapsed    | 862      |
|    total_timesteps | 241200   |
| train/             |          |
|    actor_loss      | 1.6      |
|    critic_loss     | 0.00314  |
|    ent_coef        | 0.00178  |
|    ent_coef_loss   | -161     |
|    learning_rate   | 0.001    |
|    n_updates       | 6422     |
---------------------------------
---------------------------------
| rollout/           |          |
|    ep_len_mean     | 100      |
|    ep_rew_mean     | -100     |
|    success_rate    | 0        |
| time/              |          |
|    episodes        | 2384     |
|    fps             | 279      |
|    time_elapsed    | 862      |
|    total_timesteps | 241200   |
---------------------------------
---------------------------------
| rollout/           |          |
|    ep_len_mean     | 100      |
|    ep_rew_mean     | -100     |
|    success_rate    | 0        |
| time/              |          |
|    episodes        | 2388     |
|    fps             | 279      |
|    time_elapsed    | 862      |
|    total_timesteps | 241200   |
---------------------------------
---------------------------------
| rollout/           |          |
|    ep_len_mean     | 100      |
|    ep_rew_mean     | -100     |
|    success_rate    | 0        |
| time/              |          |
|    episodes        | 2392     |
|    fps             | 279      |
|    time_elapsed    | 862      |
|    total_timesteps | 241200   |
---------------------------------
---------------------------------
| rollout/           |          |
|    ep_len_mean     | 100      |
|    ep_rew_mean     | -100     |
|    success_rate    | 0        |
| time/              |          |
|    episodes        | 2396     |
|    fps             | 279      |
|    time_elapsed    | 862      |
|    total_timesteps | 241200   |
---------------------------------
---------------------------------
| rollout/           |          |
|    ep_len_mean     | 100      |
|    ep_rew_mean     | -100     |
|    success_rate    | 0        |
| time/              |          |
|    episodes        | 2400     |
|    fps             | 279      |
|    time_elapsed    | 862      |
|    total_timesteps | 241200   |
---------------------------------
---------------------------------
| rollout/           |          |
|    ep_len_mean     | 100      |
|    ep_rew_mean     | -100     |
|    success_rate    | 0        |
| time/              |          |
|    episodes        | 2404     |
|    fps             | 279      |
|    time_elapsed    | 862      |
|    total_timesteps | 241200   |
---------------------------------
---------------------------------
| rollout/           |          |
|    ep_len_mean     | 100      |
|    ep_rew_mean     | -100     |
|    success_rate    | 0        |
| time/              |          |
|    episodes        | 2408     |
|    fps             | 279      |
|    time_elapsed    | 862      |
|    total_timesteps | 241200   |
---------------------------------
---------------------------------
| rollout/           |          |
|    ep_len_mean     | 100      |
|    ep_rew_mean     | -100     |
|    success_rate    | 0        |
| time/              |          |
|    episodes        | 2412     |
|    fps             | 279      |
|    time_elapsed    | 862      |
|    total_timesteps | 241200   |
---------------------------------
---------------------------------
| rollout/           |          |
|    ep_len_mean     | 100      |
|    ep_rew_mean     | -100     |
|    success_rate    | 0        |
| time/              |          |
|    episodes        | 2416     |
|    fps             | 281      |
|    time_elapsed    | 871      |
|    total_timesteps | 244800   |
| train/             |          |
|    actor_loss      | 1.73     |
|    critic_loss     | 0.00337  |
|    ent_coef        | 0.00163  |
|    ent_coef_loss   | -164     |
|    learning_rate   | 0.001    |
|    n_updates       | 6522     |
---------------------------------
---------------------------------
| rollout/           |          |
|    ep_len_mean     | 100      |
|    ep_rew_mean     | -100     |
|    success_rate    | 0        |
| time/              |          |
|    episodes        | 2420     |
|    fps             | 281      |
|    time_elapsed    | 871      |
|    total_timesteps | 244800   |
---------------------------------
---------------------------------
| rollout/           |          |
|    ep_len_mean     | 100      |
|    ep_rew_mean     | -100     |
|    success_rate    | 0        |
| time/              |          |
|    episodes        | 2424     |
|    fps             | 281      |
|    time_elapsed    | 871      |
|    total_timesteps | 244800   |
---------------------------------
---------------------------------
| rollout/           |          |
|    ep_len_mean     | 100      |
|    ep_rew_mean     | -100     |
|    success_rate    | 0        |
| time/              |          |
|    episodes        | 2428     |
|    fps             | 281      |
|    time_elapsed    | 871      |
|    total_timesteps | 244800   |
---------------------------------
---------------------------------
| rollout/           |          |
|    ep_len_mean     | 100      |
|    ep_rew_mean     | -100     |
|    success_rate    | 0        |
| time/              |          |
|    episodes        | 2432     |
|    fps             | 281      |
|    time_elapsed    | 871      |
|    total_timesteps | 244800   |
---------------------------------
---------------------------------
| rollout/           |          |
|    ep_len_mean     | 100      |
|    ep_rew_mean     | -100     |
|    success_rate    | 0        |
| time/              |          |
|    episodes        | 2436     |
|    fps             | 281      |
|    time_elapsed    | 871      |
|    total_timesteps | 244800   |
---------------------------------
---------------------------------
| rollout/           |          |
|    ep_len_mean     | 100      |
|    ep_rew_mean     | -100     |
|    success_rate    | 0        |
| time/              |          |
|    episodes        | 2440     |
|    fps             | 281      |
|    time_elapsed    | 871      |
|    total_timesteps | 244800   |
---------------------------------
---------------------------------
| rollout/           |          |
|    ep_len_mean     | 100      |
|    ep_rew_mean     | -100     |
|    success_rate    | 0        |
| time/              |          |
|    episodes        | 2444     |
|    fps             | 281      |
|    time_elapsed    | 871      |
|    total_timesteps | 244800   |
---------------------------------
---------------------------------
| rollout/           |          |
|    ep_len_mean     | 100      |
|    ep_rew_mean     | -100     |
|    success_rate    | 0        |
| time/              |          |
|    episodes        | 2448     |
|    fps             | 281      |
|    time_elapsed    | 871      |
|    total_timesteps | 244800   |
---------------------------------
---------------------------------
| rollout/           |          |
|    ep_len_mean     | 100      |
|    ep_rew_mean     | -100     |
|    success_rate    | 0        |
| time/              |          |
|    episodes        | 2452     |
|    fps             | 282      |
|    time_elapsed    | 879      |
|    total_timesteps | 248400   |
| train/             |          |
|    actor_loss      | 1.67     |
|    critic_loss     | 0.00271  |
|    ent_coef        | 0.0015   |
|    ent_coef_loss   | -159     |
|    learning_rate   | 0.001    |
|    n_updates       | 6622     |
---------------------------------
---------------------------------
| rollout/           |          |
|    ep_len_mean     | 100      |
|    ep_rew_mean     | -100     |
|    success_rate    | 0        |
| time/              |          |
|    episodes        | 2456     |
|    fps             | 282      |
|    time_elapsed    | 879      |
|    total_timesteps | 248400   |
---------------------------------
---------------------------------
| rollout/           |          |
|    ep_len_mean     | 100      |
|    ep_rew_mean     | -100     |
|    success_rate    | 0        |
| time/              |          |
|    episodes        | 2460     |
|    fps             | 282      |
|    time_elapsed    | 879      |
|    total_timesteps | 248400   |
---------------------------------
---------------------------------
| rollout/           |          |
|    ep_len_mean     | 100      |
|    ep_rew_mean     | -100     |
|    success_rate    | 0        |
| time/              |          |
|    episodes        | 2464     |
|    fps             | 282      |
|    time_elapsed    | 879      |
|    total_timesteps | 248400   |
---------------------------------
---------------------------------
| rollout/           |          |
|    ep_len_mean     | 100      |
|    ep_rew_mean     | -100     |
|    success_rate    | 0        |
| time/              |          |
|    episodes        | 2468     |
|    fps             | 282      |
|    time_elapsed    | 879      |
|    total_timesteps | 248400   |
---------------------------------
---------------------------------
| rollout/           |          |
|    ep_len_mean     | 100      |
|    ep_rew_mean     | -100     |
|    success_rate    | 0        |
| time/              |          |
|    episodes        | 2472     |
|    fps             | 282      |
|    time_elapsed    | 879      |
|    total_timesteps | 248400   |
---------------------------------
---------------------------------
| rollout/           |          |
|    ep_len_mean     | 100      |
|    ep_rew_mean     | -100     |
|    success_rate    | 0        |
| time/              |          |
|    episodes        | 2476     |
|    fps             | 282      |
|    time_elapsed    | 879      |
|    total_timesteps | 248400   |
---------------------------------
---------------------------------
| rollout/           |          |
|    ep_len_mean     | 100      |
|    ep_rew_mean     | -100     |
|    success_rate    | 0        |
| time/              |          |
|    episodes        | 2480     |
|    fps             | 282      |
|    time_elapsed    | 879      |
|    total_timesteps | 248400   |
---------------------------------
---------------------------------
| rollout/           |          |
|    ep_len_mean     | 100      |
|    ep_rew_mean     | -100     |
|    success_rate    | 0        |
| time/              |          |
|    episodes        | 2484     |
|    fps             | 282      |
|    time_elapsed    | 879      |
|    total_timesteps | 248400   |
---------------------------------
---------------------------------
| rollout/           |          |
|    ep_len_mean     | 100      |
|    ep_rew_mean     | -100     |
|    success_rate    | 0        |
| time/              |          |
|    episodes        | 2488     |
|    fps             | 283      |
|    time_elapsed    | 887      |
|    total_timesteps | 252000   |
| train/             |          |
|    actor_loss      | 1.67     |
|    critic_loss     | 0.00247  |
|    ent_coef        | 0.00138  |
|    ent_coef_loss   | -163     |
|    learning_rate   | 0.001    |
|    n_updates       | 6722     |
---------------------------------
---------------------------------
| rollout/           |          |
|    ep_len_mean     | 100      |
|    ep_rew_mean     | -100     |
|    success_rate    | 0        |
| time/              |          |
|    episodes        | 2492     |
|    fps             | 283      |
|    time_elapsed    | 887      |
|    total_timesteps | 252000   |
---------------------------------
---------------------------------
| rollout/           |          |
|    ep_len_mean     | 100      |
|    ep_rew_mean     | -100     |
|    success_rate    | 0        |
| time/              |          |
|    episodes        | 2496     |
|    fps             | 283      |
|    time_elapsed    | 887      |
|    total_timesteps | 252000   |
---------------------------------
---------------------------------
| rollout/           |          |
|    ep_len_mean     | 100      |
|    ep_rew_mean     | -100     |
|    success_rate    | 0        |
| time/              |          |
|    episodes        | 2500     |
|    fps             | 283      |
|    time_elapsed    | 887      |
|    total_timesteps | 252000   |
---------------------------------
---------------------------------
| rollout/           |          |
|    ep_len_mean     | 100      |
|    ep_rew_mean     | -100     |
|    success_rate    | 0        |
| time/              |          |
|    episodes        | 2504     |
|    fps             | 283      |
|    time_elapsed    | 887      |
|    total_timesteps | 252000   |
---------------------------------
---------------------------------
| rollout/           |          |
|    ep_len_mean     | 100      |
|    ep_rew_mean     | -100     |
|    success_rate    | 0        |
| time/              |          |
|    episodes        | 2508     |
|    fps             | 283      |
|    time_elapsed    | 887      |
|    total_timesteps | 252000   |
---------------------------------
---------------------------------
| rollout/           |          |
|    ep_len_mean     | 100      |
|    ep_rew_mean     | -100     |
|    success_rate    | 0        |
| time/              |          |
|    episodes        | 2512     |
|    fps             | 283      |
|    time_elapsed    | 887      |
|    total_timesteps | 252000   |
---------------------------------
---------------------------------
| rollout/           |          |
|    ep_len_mean     | 100      |
|    ep_rew_mean     | -100     |
|    success_rate    | 0        |
| time/              |          |
|    episodes        | 2516     |
|    fps             | 283      |
|    time_elapsed    | 887      |
|    total_timesteps | 252000   |
---------------------------------
---------------------------------
| rollout/           |          |
|    ep_len_mean     | 100      |
|    ep_rew_mean     | -100     |
|    success_rate    | 0        |
| time/              |          |
|    episodes        | 2520     |
|    fps             | 283      |
|    time_elapsed    | 887      |
|    total_timesteps | 252000   |
---------------------------------
---------------------------------
| rollout/           |          |
|    ep_len_mean     | 100      |
|    ep_rew_mean     | -100     |
|    success_rate    | 0        |
| time/              |          |
|    episodes        | 2524     |
|    fps             | 285      |
|    time_elapsed    | 896      |
|    total_timesteps | 255600   |
| train/             |          |
|    actor_loss      | 1.74     |
|    critic_loss     | 0.00321  |
|    ent_coef        | 0.00126  |
|    ent_coef_loss   | -157     |
|    learning_rate   | 0.001    |
|    n_updates       | 6822     |
---------------------------------
---------------------------------
| rollout/           |          |
|    ep_len_mean     | 100      |
|    ep_rew_mean     | -100     |
|    success_rate    | 0        |
| time/              |          |
|    episodes        | 2528     |
|    fps             | 285      |
|    time_elapsed    | 896      |
|    total_timesteps | 255600   |
---------------------------------
---------------------------------
| rollout/           |          |
|    ep_len_mean     | 100      |
|    ep_rew_mean     | -100     |
|    success_rate    | 0        |
| time/              |          |
|    episodes        | 2532     |
|    fps             | 285      |
|    time_elapsed    | 896      |
|    total_timesteps | 255600   |
---------------------------------
---------------------------------
| rollout/           |          |
|    ep_len_mean     | 100      |
|    ep_rew_mean     | -100     |
|    success_rate    | 0        |
| time/              |          |
|    episodes        | 2536     |
|    fps             | 285      |
|    time_elapsed    | 896      |
|    total_timesteps | 255600   |
---------------------------------
---------------------------------
| rollout/           |          |
|    ep_len_mean     | 100      |
|    ep_rew_mean     | -100     |
|    success_rate    | 0        |
| time/              |          |
|    episodes        | 2540     |
|    fps             | 285      |
|    time_elapsed    | 896      |
|    total_timesteps | 255600   |
---------------------------------
---------------------------------
| rollout/           |          |
|    ep_len_mean     | 100      |
|    ep_rew_mean     | -100     |
|    success_rate    | 0        |
| time/              |          |
|    episodes        | 2544     |
|    fps             | 285      |
|    time_elapsed    | 896      |
|    total_timesteps | 255600   |
---------------------------------
---------------------------------
| rollout/           |          |
|    ep_len_mean     | 100      |
|    ep_rew_mean     | -100     |
|    success_rate    | 0        |
| time/              |          |
|    episodes        | 2548     |
|    fps             | 285      |
|    time_elapsed    | 896      |
|    total_timesteps | 255600   |
---------------------------------
---------------------------------
| rollout/           |          |
|    ep_len_mean     | 100      |
|    ep_rew_mean     | -100     |
|    success_rate    | 0        |
| time/              |          |
|    episodes        | 2552     |
|    fps             | 285      |
|    time_elapsed    | 896      |
|    total_timesteps | 255600   |
---------------------------------
---------------------------------
| rollout/           |          |
|    ep_len_mean     | 100      |
|    ep_rew_mean     | -100     |
|    success_rate    | 0        |
| time/              |          |
|    episodes        | 2556     |
|    fps             | 285      |
|    time_elapsed    | 896      |
|    total_timesteps | 255600   |
---------------------------------
---------------------------------
| rollout/           |          |
|    ep_len_mean     | 100      |
|    ep_rew_mean     | -100     |
|    success_rate    | 0        |
| time/              |          |
|    episodes        | 2560     |
|    fps             | 286      |
|    time_elapsed    | 904      |
|    total_timesteps | 259200   |
| train/             |          |
|    actor_loss      | 1.74     |
|    critic_loss     | 0.00329  |
|    ent_coef        | 0.00116  |
|    ent_coef_loss   | -154     |
|    learning_rate   | 0.001    |
|    n_updates       | 6922     |
---------------------------------
---------------------------------
| rollout/           |          |
|    ep_len_mean     | 100      |
|    ep_rew_mean     | -100     |
|    success_rate    | 0        |
| time/              |          |
|    episodes        | 2564     |
|    fps             | 286      |
|    time_elapsed    | 904      |
|    total_timesteps | 259200   |
---------------------------------
---------------------------------
| rollout/           |          |
|    ep_len_mean     | 100      |
|    ep_rew_mean     | -100     |
|    success_rate    | 0        |
| time/              |          |
|    episodes        | 2568     |
|    fps             | 286      |
|    time_elapsed    | 904      |
|    total_timesteps | 259200   |
---------------------------------
---------------------------------
| rollout/           |          |
|    ep_len_mean     | 100      |
|    ep_rew_mean     | -100     |
|    success_rate    | 0        |
| time/              |          |
|    episodes        | 2572     |
|    fps             | 286      |
|    time_elapsed    | 904      |
|    total_timesteps | 259200   |
---------------------------------
---------------------------------
| rollout/           |          |
|    ep_len_mean     | 100      |
|    ep_rew_mean     | -100     |
|    success_rate    | 0        |
| time/              |          |
|    episodes        | 2576     |
|    fps             | 286      |
|    time_elapsed    | 904      |
|    total_timesteps | 259200   |
---------------------------------
---------------------------------
| rollout/           |          |
|    ep_len_mean     | 100      |
|    ep_rew_mean     | -100     |
|    success_rate    | 0        |
| time/              |          |
|    episodes        | 2580     |
|    fps             | 286      |
|    time_elapsed    | 904      |
|    total_timesteps | 259200   |
---------------------------------
---------------------------------
| rollout/           |          |
|    ep_len_mean     | 100      |
|    ep_rew_mean     | -100     |
|    success_rate    | 0        |
| time/              |          |
|    episodes        | 2584     |
|    fps             | 286      |
|    time_elapsed    | 904      |
|    total_timesteps | 259200   |
---------------------------------
---------------------------------
| rollout/           |          |
|    ep_len_mean     | 100      |
|    ep_rew_mean     | -100     |
|    success_rate    | 0        |
| time/              |          |
|    episodes        | 2588     |
|    fps             | 286      |
|    time_elapsed    | 904      |
|    total_timesteps | 259200   |
---------------------------------
---------------------------------
| rollout/           |          |
|    ep_len_mean     | 100      |
|    ep_rew_mean     | -100     |
|    success_rate    | 0        |
| time/              |          |
|    episodes        | 2592     |
|    fps             | 286      |
|    time_elapsed    | 904      |
|    total_timesteps | 259200   |
---------------------------------

Running evaluation at 260208 timesteps...
Successfully copied normalization stats
Evaluation results: {'eval/mean_reward': np.float32(-100.0), 'eval/std_reward': np.float32(0.0), 'eval/success_rate': np.float64(0.0)}
---------------------------------
| rollout/           |          |
|    ep_len_mean     | 100      |
|    ep_rew_mean     | -100     |
|    success_rate    | 0        |
| time/              |          |
|    episodes        | 2596     |
|    fps             | 279      |
|    time_elapsed    | 939      |
|    total_timesteps | 262800   |
| train/             |          |
|    actor_loss      | 1.76     |
|    critic_loss     | 0.00288  |
|    ent_coef        | 0.00107  |
|    ent_coef_loss   | -155     |
|    learning_rate   | 0.001    |
|    n_updates       | 7022     |
---------------------------------
---------------------------------
| rollout/           |          |
|    ep_len_mean     | 100      |
|    ep_rew_mean     | -100     |
|    success_rate    | 0        |
| time/              |          |
|    episodes        | 2600     |
|    fps             | 279      |
|    time_elapsed    | 939      |
|    total_timesteps | 262800   |
---------------------------------
---------------------------------
| rollout/           |          |
|    ep_len_mean     | 100      |
|    ep_rew_mean     | -100     |
|    success_rate    | 0        |
| time/              |          |
|    episodes        | 2604     |
|    fps             | 279      |
|    time_elapsed    | 940      |
|    total_timesteps | 262800   |
---------------------------------
---------------------------------
| rollout/           |          |
|    ep_len_mean     | 100      |
|    ep_rew_mean     | -100     |
|    success_rate    | 0        |
| time/              |          |
|    episodes        | 2608     |
|    fps             | 279      |
|    time_elapsed    | 940      |
|    total_timesteps | 262800   |
---------------------------------
---------------------------------
| rollout/           |          |
|    ep_len_mean     | 100      |
|    ep_rew_mean     | -100     |
|    success_rate    | 0        |
| time/              |          |
|    episodes        | 2612     |
|    fps             | 279      |
|    time_elapsed    | 940      |
|    total_timesteps | 262800   |
---------------------------------
---------------------------------
| rollout/           |          |
|    ep_len_mean     | 100      |
|    ep_rew_mean     | -100     |
|    success_rate    | 0        |
| time/              |          |
|    episodes        | 2616     |
|    fps             | 279      |
|    time_elapsed    | 940      |
|    total_timesteps | 262800   |
---------------------------------
---------------------------------
| rollout/           |          |
|    ep_len_mean     | 100      |
|    ep_rew_mean     | -100     |
|    success_rate    | 0        |
| time/              |          |
|    episodes        | 2620     |
|    fps             | 279      |
|    time_elapsed    | 940      |
|    total_timesteps | 262800   |
---------------------------------
---------------------------------
| rollout/           |          |
|    ep_len_mean     | 100      |
|    ep_rew_mean     | -100     |
|    success_rate    | 0        |
| time/              |          |
|    episodes        | 2624     |
|    fps             | 279      |
|    time_elapsed    | 940      |
|    total_timesteps | 262800   |
---------------------------------
---------------------------------
| rollout/           |          |
|    ep_len_mean     | 100      |
|    ep_rew_mean     | -100     |
|    success_rate    | 0        |
| time/              |          |
|    episodes        | 2628     |
|    fps             | 279      |
|    time_elapsed    | 940      |
|    total_timesteps | 262800   |
---------------------------------
---------------------------------
| rollout/           |          |
|    ep_len_mean     | 100      |
|    ep_rew_mean     | -100     |
|    success_rate    | 0        |
| time/              |          |
|    episodes        | 2632     |
|    fps             | 280      |
|    time_elapsed    | 948      |
|    total_timesteps | 266400   |
| train/             |          |
|    actor_loss      | 1.7      |
|    critic_loss     | 0.00298  |
|    ent_coef        | 0.000987 |
|    ent_coef_loss   | -144     |
|    learning_rate   | 0.001    |
|    n_updates       | 7122     |
---------------------------------
---------------------------------
| rollout/           |          |
|    ep_len_mean     | 100      |
|    ep_rew_mean     | -100     |
|    success_rate    | 0        |
| time/              |          |
|    episodes        | 2636     |
|    fps             | 280      |
|    time_elapsed    | 948      |
|    total_timesteps | 266400   |
---------------------------------
---------------------------------
| rollout/           |          |
|    ep_len_mean     | 100      |
|    ep_rew_mean     | -100     |
|    success_rate    | 0        |
| time/              |          |
|    episodes        | 2640     |
|    fps             | 280      |
|    time_elapsed    | 948      |
|    total_timesteps | 266400   |
---------------------------------
---------------------------------
| rollout/           |          |
|    ep_len_mean     | 100      |
|    ep_rew_mean     | -100     |
|    success_rate    | 0        |
| time/              |          |
|    episodes        | 2644     |
|    fps             | 280      |
|    time_elapsed    | 948      |
|    total_timesteps | 266400   |
---------------------------------
---------------------------------
| rollout/           |          |
|    ep_len_mean     | 100      |
|    ep_rew_mean     | -100     |
|    success_rate    | 0        |
| time/              |          |
|    episodes        | 2648     |
|    fps             | 280      |
|    time_elapsed    | 948      |
|    total_timesteps | 266400   |
---------------------------------
---------------------------------
| rollout/           |          |
|    ep_len_mean     | 100      |
|    ep_rew_mean     | -100     |
|    success_rate    | 0        |
| time/              |          |
|    episodes        | 2652     |
|    fps             | 280      |
|    time_elapsed    | 948      |
|    total_timesteps | 266400   |
---------------------------------
---------------------------------
| rollout/           |          |
|    ep_len_mean     | 100      |
|    ep_rew_mean     | -100     |
|    success_rate    | 0        |
| time/              |          |
|    episodes        | 2656     |
|    fps             | 280      |
|    time_elapsed    | 948      |
|    total_timesteps | 266400   |
---------------------------------
---------------------------------
| rollout/           |          |
|    ep_len_mean     | 100      |
|    ep_rew_mean     | -100     |
|    success_rate    | 0        |
| time/              |          |
|    episodes        | 2660     |
|    fps             | 280      |
|    time_elapsed    | 948      |
|    total_timesteps | 266400   |
---------------------------------
---------------------------------
| rollout/           |          |
|    ep_len_mean     | 100      |
|    ep_rew_mean     | -100     |
|    success_rate    | 0        |
| time/              |          |
|    episodes        | 2664     |
|    fps             | 280      |
|    time_elapsed    | 948      |
|    total_timesteps | 266400   |
---------------------------------
---------------------------------
| rollout/           |          |
|    ep_len_mean     | 100      |
|    ep_rew_mean     | -100     |
|    success_rate    | 0        |
| time/              |          |
|    episodes        | 2668     |
|    fps             | 282      |
|    time_elapsed    | 957      |
|    total_timesteps | 270000   |
| train/             |          |
|    actor_loss      | 1.77     |
|    critic_loss     | 0.00334  |
|    ent_coef        | 0.000911 |
|    ent_coef_loss   | -151     |
|    learning_rate   | 0.001    |
|    n_updates       | 7222     |
---------------------------------
---------------------------------
| rollout/           |          |
|    ep_len_mean     | 100      |
|    ep_rew_mean     | -100     |
|    success_rate    | 0        |
| time/              |          |
|    episodes        | 2672     |
|    fps             | 282      |
|    time_elapsed    | 957      |
|    total_timesteps | 270000   |
---------------------------------
---------------------------------
| rollout/           |          |
|    ep_len_mean     | 100      |
|    ep_rew_mean     | -100     |
|    success_rate    | 0        |
| time/              |          |
|    episodes        | 2676     |
|    fps             | 282      |
|    time_elapsed    | 957      |
|    total_timesteps | 270000   |
---------------------------------
---------------------------------
| rollout/           |          |
|    ep_len_mean     | 100      |
|    ep_rew_mean     | -100     |
|    success_rate    | 0        |
| time/              |          |
|    episodes        | 2680     |
|    fps             | 282      |
|    time_elapsed    | 957      |
|    total_timesteps | 270000   |
---------------------------------
---------------------------------
| rollout/           |          |
|    ep_len_mean     | 100      |
|    ep_rew_mean     | -100     |
|    success_rate    | 0        |
| time/              |          |
|    episodes        | 2684     |
|    fps             | 282      |
|    time_elapsed    | 957      |
|    total_timesteps | 270000   |
---------------------------------
---------------------------------
| rollout/           |          |
|    ep_len_mean     | 100      |
|    ep_rew_mean     | -100     |
|    success_rate    | 0        |
| time/              |          |
|    episodes        | 2688     |
|    fps             | 282      |
|    time_elapsed    | 957      |
|    total_timesteps | 270000   |
---------------------------------
---------------------------------
| rollout/           |          |
|    ep_len_mean     | 100      |
|    ep_rew_mean     | -100     |
|    success_rate    | 0        |
| time/              |          |
|    episodes        | 2692     |
|    fps             | 282      |
|    time_elapsed    | 957      |
|    total_timesteps | 270000   |
---------------------------------
---------------------------------
| rollout/           |          |
|    ep_len_mean     | 100      |
|    ep_rew_mean     | -100     |
|    success_rate    | 0        |
| time/              |          |
|    episodes        | 2696     |
|    fps             | 282      |
|    time_elapsed    | 957      |
|    total_timesteps | 270000   |
---------------------------------
---------------------------------
| rollout/           |          |
|    ep_len_mean     | 100      |
|    ep_rew_mean     | -100     |
|    success_rate    | 0        |
| time/              |          |
|    episodes        | 2700     |
|    fps             | 282      |
|    time_elapsed    | 957      |
|    total_timesteps | 270000   |
---------------------------------
---------------------------------
| rollout/           |          |
|    ep_len_mean     | 100      |
|    ep_rew_mean     | -100     |
|    success_rate    | 0        |
| time/              |          |
|    episodes        | 2704     |
|    fps             | 283      |
|    time_elapsed    | 965      |
|    total_timesteps | 273600   |
| train/             |          |
|    actor_loss      | 1.69     |
|    critic_loss     | 0.0034   |
|    ent_coef        | 0.000841 |
|    ent_coef_loss   | -135     |
|    learning_rate   | 0.001    |
|    n_updates       | 7322     |
---------------------------------
---------------------------------
| rollout/           |          |
|    ep_len_mean     | 100      |
|    ep_rew_mean     | -100     |
|    success_rate    | 0        |
| time/              |          |
|    episodes        | 2708     |
|    fps             | 283      |
|    time_elapsed    | 965      |
|    total_timesteps | 273600   |
---------------------------------
---------------------------------
| rollout/           |          |
|    ep_len_mean     | 100      |
|    ep_rew_mean     | -100     |
|    success_rate    | 0        |
| time/              |          |
|    episodes        | 2712     |
|    fps             | 283      |
|    time_elapsed    | 965      |
|    total_timesteps | 273600   |
---------------------------------
---------------------------------
| rollout/           |          |
|    ep_len_mean     | 100      |
|    ep_rew_mean     | -100     |
|    success_rate    | 0        |
| time/              |          |
|    episodes        | 2716     |
|    fps             | 283      |
|    time_elapsed    | 965      |
|    total_timesteps | 273600   |
---------------------------------
---------------------------------
| rollout/           |          |
|    ep_len_mean     | 100      |
|    ep_rew_mean     | -100     |
|    success_rate    | 0        |
| time/              |          |
|    episodes        | 2720     |
|    fps             | 283      |
|    time_elapsed    | 965      |
|    total_timesteps | 273600   |
---------------------------------
---------------------------------
| rollout/           |          |
|    ep_len_mean     | 100      |
|    ep_rew_mean     | -100     |
|    success_rate    | 0        |
| time/              |          |
|    episodes        | 2724     |
|    fps             | 283      |
|    time_elapsed    | 965      |
|    total_timesteps | 273600   |
---------------------------------
---------------------------------
| rollout/           |          |
|    ep_len_mean     | 100      |
|    ep_rew_mean     | -100     |
|    success_rate    | 0        |
| time/              |          |
|    episodes        | 2728     |
|    fps             | 283      |
|    time_elapsed    | 965      |
|    total_timesteps | 273600   |
---------------------------------
---------------------------------
| rollout/           |          |
|    ep_len_mean     | 100      |
|    ep_rew_mean     | -100     |
|    success_rate    | 0        |
| time/              |          |
|    episodes        | 2732     |
|    fps             | 283      |
|    time_elapsed    | 965      |
|    total_timesteps | 273600   |
---------------------------------
---------------------------------
| rollout/           |          |
|    ep_len_mean     | 100      |
|    ep_rew_mean     | -100     |
|    success_rate    | 0        |
| time/              |          |
|    episodes        | 2736     |
|    fps             | 283      |
|    time_elapsed    | 965      |
|    total_timesteps | 273600   |
---------------------------------
---------------------------------
| rollout/           |          |
|    ep_len_mean     | 100      |
|    ep_rew_mean     | -100     |
|    success_rate    | 0        |
| time/              |          |
|    episodes        | 2740     |
|    fps             | 284      |
|    time_elapsed    | 974      |
|    total_timesteps | 277200   |
| train/             |          |
|    actor_loss      | 1.71     |
|    critic_loss     | 0.00317  |
|    ent_coef        | 0.000777 |
|    ent_coef_loss   | -137     |
|    learning_rate   | 0.001    |
|    n_updates       | 7422     |
---------------------------------
---------------------------------
| rollout/           |          |
|    ep_len_mean     | 100      |
|    ep_rew_mean     | -100     |
|    success_rate    | 0        |
| time/              |          |
|    episodes        | 2744     |
|    fps             | 284      |
|    time_elapsed    | 974      |
|    total_timesteps | 277200   |
---------------------------------
---------------------------------
| rollout/           |          |
|    ep_len_mean     | 100      |
|    ep_rew_mean     | -100     |
|    success_rate    | 0        |
| time/              |          |
|    episodes        | 2748     |
|    fps             | 284      |
|    time_elapsed    | 974      |
|    total_timesteps | 277200   |
---------------------------------
---------------------------------
| rollout/           |          |
|    ep_len_mean     | 100      |
|    ep_rew_mean     | -100     |
|    success_rate    | 0        |
| time/              |          |
|    episodes        | 2752     |
|    fps             | 284      |
|    time_elapsed    | 974      |
|    total_timesteps | 277200   |
---------------------------------
---------------------------------
| rollout/           |          |
|    ep_len_mean     | 100      |
|    ep_rew_mean     | -100     |
|    success_rate    | 0        |
| time/              |          |
|    episodes        | 2756     |
|    fps             | 284      |
|    time_elapsed    | 974      |
|    total_timesteps | 277200   |
---------------------------------
---------------------------------
| rollout/           |          |
|    ep_len_mean     | 100      |
|    ep_rew_mean     | -100     |
|    success_rate    | 0        |
| time/              |          |
|    episodes        | 2760     |
|    fps             | 284      |
|    time_elapsed    | 974      |
|    total_timesteps | 277200   |
---------------------------------
---------------------------------
| rollout/           |          |
|    ep_len_mean     | 100      |
|    ep_rew_mean     | -100     |
|    success_rate    | 0        |
| time/              |          |
|    episodes        | 2764     |
|    fps             | 284      |
|    time_elapsed    | 974      |
|    total_timesteps | 277200   |
---------------------------------
---------------------------------
| rollout/           |          |
|    ep_len_mean     | 100      |
|    ep_rew_mean     | -100     |
|    success_rate    | 0        |
| time/              |          |
|    episodes        | 2768     |
|    fps             | 284      |
|    time_elapsed    | 974      |
|    total_timesteps | 277200   |
---------------------------------
---------------------------------
| rollout/           |          |
|    ep_len_mean     | 100      |
|    ep_rew_mean     | -100     |
|    success_rate    | 0        |
| time/              |          |
|    episodes        | 2772     |
|    fps             | 284      |
|    time_elapsed    | 974      |
|    total_timesteps | 277200   |
---------------------------------

Running evaluation at 280224 timesteps...
Successfully copied normalization stats
Evaluation results: {'eval/mean_reward': np.float32(-100.0), 'eval/std_reward': np.float32(0.0), 'eval/success_rate': np.float64(0.0)}
---------------------------------
| rollout/           |          |
|    ep_len_mean     | 100      |
|    ep_rew_mean     | -100     |
|    success_rate    | 0        |
| time/              |          |
|    episodes        | 2776     |
|    fps             | 278      |
|    time_elapsed    | 1009     |
|    total_timesteps | 280800   |
| train/             |          |
|    actor_loss      | 1.77     |
|    critic_loss     | 0.0033   |
|    ent_coef        | 0.000718 |
|    ent_coef_loss   | -148     |
|    learning_rate   | 0.001    |
|    n_updates       | 7522     |
---------------------------------
---------------------------------
| rollout/           |          |
|    ep_len_mean     | 100      |
|    ep_rew_mean     | -100     |
|    success_rate    | 0        |
| time/              |          |
|    episodes        | 2780     |
|    fps             | 278      |
|    time_elapsed    | 1009     |
|    total_timesteps | 280800   |
---------------------------------
---------------------------------
| rollout/           |          |
|    ep_len_mean     | 100      |
|    ep_rew_mean     | -100     |
|    success_rate    | 0        |
| time/              |          |
|    episodes        | 2784     |
|    fps             | 278      |
|    time_elapsed    | 1009     |
|    total_timesteps | 280800   |
---------------------------------
---------------------------------
| rollout/           |          |
|    ep_len_mean     | 100      |
|    ep_rew_mean     | -100     |
|    success_rate    | 0        |
| time/              |          |
|    episodes        | 2788     |
|    fps             | 278      |
|    time_elapsed    | 1009     |
|    total_timesteps | 280800   |
---------------------------------
---------------------------------
| rollout/           |          |
|    ep_len_mean     | 100      |
|    ep_rew_mean     | -100     |
|    success_rate    | 0        |
| time/              |          |
|    episodes        | 2792     |
|    fps             | 278      |
|    time_elapsed    | 1009     |
|    total_timesteps | 280800   |
---------------------------------
---------------------------------
| rollout/           |          |
|    ep_len_mean     | 100      |
|    ep_rew_mean     | -100     |
|    success_rate    | 0        |
| time/              |          |
|    episodes        | 2796     |
|    fps             | 278      |
|    time_elapsed    | 1009     |
|    total_timesteps | 280800   |
---------------------------------
---------------------------------
| rollout/           |          |
|    ep_len_mean     | 100      |
|    ep_rew_mean     | -100     |
|    success_rate    | 0        |
| time/              |          |
|    episodes        | 2800     |
|    fps             | 278      |
|    time_elapsed    | 1009     |
|    total_timesteps | 280800   |
---------------------------------
---------------------------------
| rollout/           |          |
|    ep_len_mean     | 100      |
|    ep_rew_mean     | -100     |
|    success_rate    | 0        |
| time/              |          |
|    episodes        | 2804     |
|    fps             | 278      |
|    time_elapsed    | 1009     |
|    total_timesteps | 280800   |
---------------------------------
---------------------------------
| rollout/           |          |
|    ep_len_mean     | 100      |
|    ep_rew_mean     | -100     |
|    success_rate    | 0        |
| time/              |          |
|    episodes        | 2808     |
|    fps             | 278      |
|    time_elapsed    | 1009     |
|    total_timesteps | 280800   |
---------------------------------
---------------------------------
| rollout/           |          |
|    ep_len_mean     | 100      |
|    ep_rew_mean     | -100     |
|    success_rate    | 0        |
| time/              |          |
|    episodes        | 2812     |
|    fps             | 279      |
|    time_elapsed    | 1017     |
|    total_timesteps | 284400   |
| train/             |          |
|    actor_loss      | 1.73     |
|    critic_loss     | 0.00289  |
|    ent_coef        | 0.000665 |
|    ent_coef_loss   | -144     |
|    learning_rate   | 0.001    |
|    n_updates       | 7622     |
---------------------------------
---------------------------------
| rollout/           |          |
|    ep_len_mean     | 100      |
|    ep_rew_mean     | -100     |
|    success_rate    | 0        |
| time/              |          |
|    episodes        | 2816     |
|    fps             | 279      |
|    time_elapsed    | 1017     |
|    total_timesteps | 284400   |
---------------------------------
---------------------------------
| rollout/           |          |
|    ep_len_mean     | 100      |
|    ep_rew_mean     | -100     |
|    success_rate    | 0        |
| time/              |          |
|    episodes        | 2820     |
|    fps             | 279      |
|    time_elapsed    | 1017     |
|    total_timesteps | 284400   |
---------------------------------
---------------------------------
| rollout/           |          |
|    ep_len_mean     | 100      |
|    ep_rew_mean     | -100     |
|    success_rate    | 0        |
| time/              |          |
|    episodes        | 2824     |
|    fps             | 279      |
|    time_elapsed    | 1017     |
|    total_timesteps | 284400   |
---------------------------------
---------------------------------
| rollout/           |          |
|    ep_len_mean     | 100      |
|    ep_rew_mean     | -100     |
|    success_rate    | 0        |
| time/              |          |
|    episodes        | 2828     |
|    fps             | 279      |
|    time_elapsed    | 1017     |
|    total_timesteps | 284400   |
---------------------------------
---------------------------------
| rollout/           |          |
|    ep_len_mean     | 100      |
|    ep_rew_mean     | -100     |
|    success_rate    | 0        |
| time/              |          |
|    episodes        | 2832     |
|    fps             | 279      |
|    time_elapsed    | 1017     |
|    total_timesteps | 284400   |
---------------------------------
---------------------------------
| rollout/           |          |
|    ep_len_mean     | 100      |
|    ep_rew_mean     | -100     |
|    success_rate    | 0        |
| time/              |          |
|    episodes        | 2836     |
|    fps             | 279      |
|    time_elapsed    | 1017     |
|    total_timesteps | 284400   |
---------------------------------
---------------------------------
| rollout/           |          |
|    ep_len_mean     | 100      |
|    ep_rew_mean     | -100     |
|    success_rate    | 0        |
| time/              |          |
|    episodes        | 2840     |
|    fps             | 279      |
|    time_elapsed    | 1017     |
|    total_timesteps | 284400   |
---------------------------------
---------------------------------
| rollout/           |          |
|    ep_len_mean     | 100      |
|    ep_rew_mean     | -100     |
|    success_rate    | 0        |
| time/              |          |
|    episodes        | 2844     |
|    fps             | 279      |
|    time_elapsed    | 1017     |
|    total_timesteps | 284400   |
---------------------------------
---------------------------------
| rollout/           |          |
|    ep_len_mean     | 100      |
|    ep_rew_mean     | -100     |
|    success_rate    | 0        |
| time/              |          |
|    episodes        | 2848     |
|    fps             | 280      |
|    time_elapsed    | 1026     |
|    total_timesteps | 288000   |
| train/             |          |
|    actor_loss      | 1.74     |
|    critic_loss     | 0.00295  |
|    ent_coef        | 0.000616 |
|    ent_coef_loss   | -134     |
|    learning_rate   | 0.001    |
|    n_updates       | 7722     |
---------------------------------
---------------------------------
| rollout/           |          |
|    ep_len_mean     | 100      |
|    ep_rew_mean     | -100     |
|    success_rate    | 0        |
| time/              |          |
|    episodes        | 2852     |
|    fps             | 280      |
|    time_elapsed    | 1026     |
|    total_timesteps | 288000   |
---------------------------------
---------------------------------
| rollout/           |          |
|    ep_len_mean     | 100      |
|    ep_rew_mean     | -100     |
|    success_rate    | 0        |
| time/              |          |
|    episodes        | 2856     |
|    fps             | 280      |
|    time_elapsed    | 1026     |
|    total_timesteps | 288000   |
---------------------------------
---------------------------------
| rollout/           |          |
|    ep_len_mean     | 100      |
|    ep_rew_mean     | -100     |
|    success_rate    | 0        |
| time/              |          |
|    episodes        | 2860     |
|    fps             | 280      |
|    time_elapsed    | 1026     |
|    total_timesteps | 288000   |
---------------------------------
---------------------------------
| rollout/           |          |
|    ep_len_mean     | 100      |
|    ep_rew_mean     | -100     |
|    success_rate    | 0        |
| time/              |          |
|    episodes        | 2864     |
|    fps             | 280      |
|    time_elapsed    | 1026     |
|    total_timesteps | 288000   |
---------------------------------
---------------------------------
| rollout/           |          |
|    ep_len_mean     | 100      |
|    ep_rew_mean     | -100     |
|    success_rate    | 0        |
| time/              |          |
|    episodes        | 2868     |
|    fps             | 280      |
|    time_elapsed    | 1026     |
|    total_timesteps | 288000   |
---------------------------------
---------------------------------
| rollout/           |          |
|    ep_len_mean     | 100      |
|    ep_rew_mean     | -100     |
|    success_rate    | 0        |
| time/              |          |
|    episodes        | 2872     |
|    fps             | 280      |
|    time_elapsed    | 1026     |
|    total_timesteps | 288000   |
---------------------------------
---------------------------------
| rollout/           |          |
|    ep_len_mean     | 100      |
|    ep_rew_mean     | -100     |
|    success_rate    | 0        |
| time/              |          |
|    episodes        | 2876     |
|    fps             | 280      |
|    time_elapsed    | 1026     |
|    total_timesteps | 288000   |
---------------------------------
---------------------------------
| rollout/           |          |
|    ep_len_mean     | 100      |
|    ep_rew_mean     | -100     |
|    success_rate    | 0        |
| time/              |          |
|    episodes        | 2880     |
|    fps             | 280      |
|    time_elapsed    | 1026     |
|    total_timesteps | 288000   |
---------------------------------
---------------------------------
| rollout/           |          |
|    ep_len_mean     | 100      |
|    ep_rew_mean     | -100     |
|    success_rate    | 0        |
| time/              |          |
|    episodes        | 2884     |
|    fps             | 281      |
|    time_elapsed    | 1034     |
|    total_timesteps | 291600   |
| train/             |          |
|    actor_loss      | 1.77     |
|    critic_loss     | 0.00316  |
|    ent_coef        | 0.000572 |
|    ent_coef_loss   | -136     |
|    learning_rate   | 0.001    |
|    n_updates       | 7822     |
---------------------------------
---------------------------------
| rollout/           |          |
|    ep_len_mean     | 100      |
|    ep_rew_mean     | -100     |
|    success_rate    | 0        |
| time/              |          |
|    episodes        | 2888     |
|    fps             | 281      |
|    time_elapsed    | 1034     |
|    total_timesteps | 291600   |
---------------------------------
---------------------------------
| rollout/           |          |
|    ep_len_mean     | 100      |
|    ep_rew_mean     | -100     |
|    success_rate    | 0        |
| time/              |          |
|    episodes        | 2892     |
|    fps             | 281      |
|    time_elapsed    | 1034     |
|    total_timesteps | 291600   |
---------------------------------
---------------------------------
| rollout/           |          |
|    ep_len_mean     | 100      |
|    ep_rew_mean     | -100     |
|    success_rate    | 0        |
| time/              |          |
|    episodes        | 2896     |
|    fps             | 281      |
|    time_elapsed    | 1034     |
|    total_timesteps | 291600   |
---------------------------------
---------------------------------
| rollout/           |          |
|    ep_len_mean     | 100      |
|    ep_rew_mean     | -100     |
|    success_rate    | 0        |
| time/              |          |
|    episodes        | 2900     |
|    fps             | 281      |
|    time_elapsed    | 1034     |
|    total_timesteps | 291600   |
---------------------------------
---------------------------------
| rollout/           |          |
|    ep_len_mean     | 100      |
|    ep_rew_mean     | -100     |
|    success_rate    | 0        |
| time/              |          |
|    episodes        | 2904     |
|    fps             | 281      |
|    time_elapsed    | 1034     |
|    total_timesteps | 291600   |
---------------------------------
---------------------------------
| rollout/           |          |
|    ep_len_mean     | 100      |
|    ep_rew_mean     | -100     |
|    success_rate    | 0        |
| time/              |          |
|    episodes        | 2908     |
|    fps             | 281      |
|    time_elapsed    | 1034     |
|    total_timesteps | 291600   |
---------------------------------
---------------------------------
| rollout/           |          |
|    ep_len_mean     | 100      |
|    ep_rew_mean     | -100     |
|    success_rate    | 0        |
| time/              |          |
|    episodes        | 2912     |
|    fps             | 281      |
|    time_elapsed    | 1034     |
|    total_timesteps | 291600   |
---------------------------------
---------------------------------
| rollout/           |          |
|    ep_len_mean     | 100      |
|    ep_rew_mean     | -100     |
|    success_rate    | 0        |
| time/              |          |
|    episodes        | 2916     |
|    fps             | 281      |
|    time_elapsed    | 1034     |
|    total_timesteps | 291600   |
---------------------------------
---------------------------------
| rollout/           |          |
|    ep_len_mean     | 100      |
|    ep_rew_mean     | -100     |
|    success_rate    | 0        |
| time/              |          |
|    episodes        | 2920     |
|    fps             | 283      |
|    time_elapsed    | 1042     |
|    total_timesteps | 295200   |
| train/             |          |
|    actor_loss      | 1.82     |
|    critic_loss     | 0.0026   |
|    ent_coef        | 0.000531 |
|    ent_coef_loss   | -124     |
|    learning_rate   | 0.001    |
|    n_updates       | 7922     |
---------------------------------
---------------------------------
| rollout/           |          |
|    ep_len_mean     | 100      |
|    ep_rew_mean     | -100     |
|    success_rate    | 0        |
| time/              |          |
|    episodes        | 2924     |
|    fps             | 283      |
|    time_elapsed    | 1042     |
|    total_timesteps | 295200   |
---------------------------------
---------------------------------
| rollout/           |          |
|    ep_len_mean     | 100      |
|    ep_rew_mean     | -100     |
|    success_rate    | 0        |
| time/              |          |
|    episodes        | 2928     |
|    fps             | 283      |
|    time_elapsed    | 1042     |
|    total_timesteps | 295200   |
---------------------------------
---------------------------------
| rollout/           |          |
|    ep_len_mean     | 100      |
|    ep_rew_mean     | -100     |
|    success_rate    | 0        |
| time/              |          |
|    episodes        | 2932     |
|    fps             | 283      |
|    time_elapsed    | 1042     |
|    total_timesteps | 295200   |
---------------------------------
---------------------------------
| rollout/           |          |
|    ep_len_mean     | 100      |
|    ep_rew_mean     | -100     |
|    success_rate    | 0        |
| time/              |          |
|    episodes        | 2936     |
|    fps             | 283      |
|    time_elapsed    | 1042     |
|    total_timesteps | 295200   |
---------------------------------
---------------------------------
| rollout/           |          |
|    ep_len_mean     | 100      |
|    ep_rew_mean     | -100     |
|    success_rate    | 0        |
| time/              |          |
|    episodes        | 2940     |
|    fps             | 283      |
|    time_elapsed    | 1042     |
|    total_timesteps | 295200   |
---------------------------------
---------------------------------
| rollout/           |          |
|    ep_len_mean     | 100      |
|    ep_rew_mean     | -100     |
|    success_rate    | 0        |
| time/              |          |
|    episodes        | 2944     |
|    fps             | 283      |
|    time_elapsed    | 1042     |
|    total_timesteps | 295200   |
---------------------------------
---------------------------------
| rollout/           |          |
|    ep_len_mean     | 100      |
|    ep_rew_mean     | -100     |
|    success_rate    | 0        |
| time/              |          |
|    episodes        | 2948     |
|    fps             | 283      |
|    time_elapsed    | 1042     |
|    total_timesteps | 295200   |
---------------------------------
---------------------------------
| rollout/           |          |
|    ep_len_mean     | 100      |
|    ep_rew_mean     | -100     |
|    success_rate    | 0        |
| time/              |          |
|    episodes        | 2952     |
|    fps             | 283      |
|    time_elapsed    | 1042     |
|    total_timesteps | 295200   |
---------------------------------
---------------------------------
| rollout/           |          |
|    ep_len_mean     | 100      |
|    ep_rew_mean     | -100     |
|    success_rate    | 0        |
| time/              |          |
|    episodes        | 2956     |
|    fps             | 284      |
|    time_elapsed    | 1051     |
|    total_timesteps | 298800   |
| train/             |          |
|    actor_loss      | 1.77     |
|    critic_loss     | 0.00268  |
|    ent_coef        | 0.000494 |
|    ent_coef_loss   | -125     |
|    learning_rate   | 0.001    |
|    n_updates       | 8022     |
---------------------------------
---------------------------------
| rollout/           |          |
|    ep_len_mean     | 100      |
|    ep_rew_mean     | -100     |
|    success_rate    | 0        |
| time/              |          |
|    episodes        | 2960     |
|    fps             | 284      |
|    time_elapsed    | 1051     |
|    total_timesteps | 298800   |
---------------------------------
---------------------------------
| rollout/           |          |
|    ep_len_mean     | 100      |
|    ep_rew_mean     | -100     |
|    success_rate    | 0        |
| time/              |          |
|    episodes        | 2964     |
|    fps             | 284      |
|    time_elapsed    | 1051     |
|    total_timesteps | 298800   |
---------------------------------
---------------------------------
| rollout/           |          |
|    ep_len_mean     | 100      |
|    ep_rew_mean     | -100     |
|    success_rate    | 0        |
| time/              |          |
|    episodes        | 2968     |
|    fps             | 284      |
|    time_elapsed    | 1051     |
|    total_timesteps | 298800   |
---------------------------------
---------------------------------
| rollout/           |          |
|    ep_len_mean     | 100      |
|    ep_rew_mean     | -100     |
|    success_rate    | 0        |
| time/              |          |
|    episodes        | 2972     |
|    fps             | 284      |
|    time_elapsed    | 1051     |
|    total_timesteps | 298800   |
---------------------------------
---------------------------------
| rollout/           |          |
|    ep_len_mean     | 100      |
|    ep_rew_mean     | -100     |
|    success_rate    | 0        |
| time/              |          |
|    episodes        | 2976     |
|    fps             | 284      |
|    time_elapsed    | 1051     |
|    total_timesteps | 298800   |
---------------------------------
---------------------------------
| rollout/           |          |
|    ep_len_mean     | 100      |
|    ep_rew_mean     | -100     |
|    success_rate    | 0        |
| time/              |          |
|    episodes        | 2980     |
|    fps             | 284      |
|    time_elapsed    | 1051     |
|    total_timesteps | 298800   |
---------------------------------
---------------------------------
| rollout/           |          |
|    ep_len_mean     | 100      |
|    ep_rew_mean     | -100     |
|    success_rate    | 0        |
| time/              |          |
|    episodes        | 2984     |
|    fps             | 284      |
|    time_elapsed    | 1051     |
|    total_timesteps | 298800   |
---------------------------------
---------------------------------
| rollout/           |          |
|    ep_len_mean     | 100      |
|    ep_rew_mean     | -100     |
|    success_rate    | 0        |
| time/              |          |
|    episodes        | 2988     |
|    fps             | 284      |
|    time_elapsed    | 1051     |
|    total_timesteps | 298800   |
---------------------------------

Running evaluation at 300240 timesteps...
Successfully copied normalization stats
Evaluation results: {'eval/mean_reward': np.float32(-100.0), 'eval/std_reward': np.float32(0.0), 'eval/success_rate': np.float64(0.0)}
---------------------------------
| rollout/           |          |
|    ep_len_mean     | 100      |
|    ep_rew_mean     | -100     |
|    success_rate    | 0        |
| time/              |          |
|    episodes        | 2992     |
|    fps             | 277      |
|    time_elapsed    | 1087     |
|    total_timesteps | 302400   |
| train/             |          |
|    actor_loss      | 1.83     |
|    critic_loss     | 0.00364  |
|    ent_coef        | 0.00046  |
|    ent_coef_loss   | -100     |
|    learning_rate   | 0.001    |
|    n_updates       | 8122     |
---------------------------------
---------------------------------
| rollout/           |          |
|    ep_len_mean     | 100      |
|    ep_rew_mean     | -100     |
|    success_rate    | 0        |
| time/              |          |
|    episodes        | 2996     |
|    fps             | 277      |
|    time_elapsed    | 1087     |
|    total_timesteps | 302400   |
---------------------------------
---------------------------------
| rollout/           |          |
|    ep_len_mean     | 100      |
|    ep_rew_mean     | -100     |
|    success_rate    | 0        |
| time/              |          |
|    episodes        | 3000     |
|    fps             | 277      |
|    time_elapsed    | 1087     |
|    total_timesteps | 302400   |
---------------------------------
---------------------------------
| rollout/           |          |
|    ep_len_mean     | 100      |
|    ep_rew_mean     | -100     |
|    success_rate    | 0        |
| time/              |          |
|    episodes        | 3004     |
|    fps             | 277      |
|    time_elapsed    | 1087     |
|    total_timesteps | 302400   |
---------------------------------
---------------------------------
| rollout/           |          |
|    ep_len_mean     | 100      |
|    ep_rew_mean     | -100     |
|    success_rate    | 0        |
| time/              |          |
|    episodes        | 3008     |
|    fps             | 277      |
|    time_elapsed    | 1087     |
|    total_timesteps | 302400   |
---------------------------------
---------------------------------
| rollout/           |          |
|    ep_len_mean     | 100      |
|    ep_rew_mean     | -100     |
|    success_rate    | 0        |
| time/              |          |
|    episodes        | 3012     |
|    fps             | 277      |
|    time_elapsed    | 1087     |
|    total_timesteps | 302400   |
---------------------------------
---------------------------------
| rollout/           |          |
|    ep_len_mean     | 100      |
|    ep_rew_mean     | -100     |
|    success_rate    | 0        |
| time/              |          |
|    episodes        | 3016     |
|    fps             | 277      |
|    time_elapsed    | 1087     |
|    total_timesteps | 302400   |
---------------------------------
---------------------------------
| rollout/           |          |
|    ep_len_mean     | 100      |
|    ep_rew_mean     | -100     |
|    success_rate    | 0        |
| time/              |          |
|    episodes        | 3020     |
|    fps             | 277      |
|    time_elapsed    | 1087     |
|    total_timesteps | 302400   |
---------------------------------
---------------------------------
| rollout/           |          |
|    ep_len_mean     | 100      |
|    ep_rew_mean     | -100     |
|    success_rate    | 0        |
| time/              |          |
|    episodes        | 3024     |
|    fps             | 277      |
|    time_elapsed    | 1087     |
|    total_timesteps | 302400   |
---------------------------------
---------------------------------
| rollout/           |          |
|    ep_len_mean     | 100      |
|    ep_rew_mean     | -100     |
|    success_rate    | 0        |
| time/              |          |
|    episodes        | 3028     |
|    fps             | 279      |
|    time_elapsed    | 1096     |
|    total_timesteps | 306000   |
| train/             |          |
|    actor_loss      | 1.78     |
|    critic_loss     | 0.00331  |
|    ent_coef        | 0.00043  |
|    ent_coef_loss   | -105     |
|    learning_rate   | 0.001    |
|    n_updates       | 8222     |
---------------------------------
---------------------------------
| rollout/           |          |
|    ep_len_mean     | 100      |
|    ep_rew_mean     | -100     |
|    success_rate    | 0        |
| time/              |          |
|    episodes        | 3032     |
|    fps             | 279      |
|    time_elapsed    | 1096     |
|    total_timesteps | 306000   |
---------------------------------
---------------------------------
| rollout/           |          |
|    ep_len_mean     | 100      |
|    ep_rew_mean     | -100     |
|    success_rate    | 0        |
| time/              |          |
|    episodes        | 3036     |
|    fps             | 279      |
|    time_elapsed    | 1096     |
|    total_timesteps | 306000   |
---------------------------------
---------------------------------
| rollout/           |          |
|    ep_len_mean     | 100      |
|    ep_rew_mean     | -100     |
|    success_rate    | 0        |
| time/              |          |
|    episodes        | 3040     |
|    fps             | 279      |
|    time_elapsed    | 1096     |
|    total_timesteps | 306000   |
---------------------------------
---------------------------------
| rollout/           |          |
|    ep_len_mean     | 100      |
|    ep_rew_mean     | -100     |
|    success_rate    | 0        |
| time/              |          |
|    episodes        | 3044     |
|    fps             | 279      |
|    time_elapsed    | 1096     |
|    total_timesteps | 306000   |
---------------------------------
---------------------------------
| rollout/           |          |
|    ep_len_mean     | 100      |
|    ep_rew_mean     | -100     |
|    success_rate    | 0        |
| time/              |          |
|    episodes        | 3048     |
|    fps             | 279      |
|    time_elapsed    | 1096     |
|    total_timesteps | 306000   |
---------------------------------
---------------------------------
| rollout/           |          |
|    ep_len_mean     | 100      |
|    ep_rew_mean     | -100     |
|    success_rate    | 0        |
| time/              |          |
|    episodes        | 3052     |
|    fps             | 279      |
|    time_elapsed    | 1096     |
|    total_timesteps | 306000   |
---------------------------------
---------------------------------
| rollout/           |          |
|    ep_len_mean     | 100      |
|    ep_rew_mean     | -100     |
|    success_rate    | 0        |
| time/              |          |
|    episodes        | 3056     |
|    fps             | 279      |
|    time_elapsed    | 1096     |
|    total_timesteps | 306000   |
---------------------------------
---------------------------------
| rollout/           |          |
|    ep_len_mean     | 100      |
|    ep_rew_mean     | -100     |
|    success_rate    | 0        |
| time/              |          |
|    episodes        | 3060     |
|    fps             | 279      |
|    time_elapsed    | 1096     |
|    total_timesteps | 306000   |
---------------------------------
---------------------------------
| rollout/           |          |
|    ep_len_mean     | 100      |
|    ep_rew_mean     | -100     |
|    success_rate    | 0        |
| time/              |          |
|    episodes        | 3064     |
|    fps             | 280      |
|    time_elapsed    | 1105     |
|    total_timesteps | 309600   |
| train/             |          |
|    actor_loss      | 1.78     |
|    critic_loss     | 0.00289  |
|    ent_coef        | 0.000402 |
|    ent_coef_loss   | -111     |
|    learning_rate   | 0.001    |
|    n_updates       | 8322     |
---------------------------------
---------------------------------
| rollout/           |          |
|    ep_len_mean     | 100      |
|    ep_rew_mean     | -100     |
|    success_rate    | 0        |
| time/              |          |
|    episodes        | 3068     |
|    fps             | 280      |
|    time_elapsed    | 1105     |
|    total_timesteps | 309600   |
---------------------------------
---------------------------------
| rollout/           |          |
|    ep_len_mean     | 100      |
|    ep_rew_mean     | -100     |
|    success_rate    | 0        |
| time/              |          |
|    episodes        | 3072     |
|    fps             | 280      |
|    time_elapsed    | 1105     |
|    total_timesteps | 309600   |
---------------------------------
---------------------------------
| rollout/           |          |
|    ep_len_mean     | 100      |
|    ep_rew_mean     | -100     |
|    success_rate    | 0        |
| time/              |          |
|    episodes        | 3076     |
|    fps             | 280      |
|    time_elapsed    | 1105     |
|    total_timesteps | 309600   |
---------------------------------
---------------------------------
| rollout/           |          |
|    ep_len_mean     | 100      |
|    ep_rew_mean     | -100     |
|    success_rate    | 0        |
| time/              |          |
|    episodes        | 3080     |
|    fps             | 280      |
|    time_elapsed    | 1105     |
|    total_timesteps | 309600   |
---------------------------------
---------------------------------
| rollout/           |          |
|    ep_len_mean     | 100      |
|    ep_rew_mean     | -100     |
|    success_rate    | 0        |
| time/              |          |
|    episodes        | 3084     |
|    fps             | 280      |
|    time_elapsed    | 1105     |
|    total_timesteps | 309600   |
---------------------------------
---------------------------------
| rollout/           |          |
|    ep_len_mean     | 100      |
|    ep_rew_mean     | -100     |
|    success_rate    | 0        |
| time/              |          |
|    episodes        | 3088     |
|    fps             | 280      |
|    time_elapsed    | 1105     |
|    total_timesteps | 309600   |
---------------------------------
---------------------------------
| rollout/           |          |
|    ep_len_mean     | 100      |
|    ep_rew_mean     | -100     |
|    success_rate    | 0        |
| time/              |          |
|    episodes        | 3092     |
|    fps             | 280      |
|    time_elapsed    | 1105     |
|    total_timesteps | 309600   |
---------------------------------
---------------------------------
| rollout/           |          |
|    ep_len_mean     | 100      |
|    ep_rew_mean     | -100     |
|    success_rate    | 0        |
| time/              |          |
|    episodes        | 3096     |
|    fps             | 280      |
|    time_elapsed    | 1105     |
|    total_timesteps | 309600   |
---------------------------------
---------------------------------
| rollout/           |          |
|    ep_len_mean     | 100      |
|    ep_rew_mean     | -100     |
|    success_rate    | 0        |
| time/              |          |
|    episodes        | 3100     |
|    fps             | 281      |
|    time_elapsed    | 1113     |
|    total_timesteps | 313200   |
| train/             |          |
|    actor_loss      | 1.81     |
|    critic_loss     | 0.00278  |
|    ent_coef        | 0.000376 |
|    ent_coef_loss   | -102     |
|    learning_rate   | 0.001    |
|    n_updates       | 8422     |
---------------------------------
---------------------------------
| rollout/           |          |
|    ep_len_mean     | 100      |
|    ep_rew_mean     | -100     |
|    success_rate    | 0        |
| time/              |          |
|    episodes        | 3104     |
|    fps             | 281      |
|    time_elapsed    | 1113     |
|    total_timesteps | 313200   |
---------------------------------
---------------------------------
| rollout/           |          |
|    ep_len_mean     | 100      |
|    ep_rew_mean     | -100     |
|    success_rate    | 0        |
| time/              |          |
|    episodes        | 3108     |
|    fps             | 281      |
|    time_elapsed    | 1113     |
|    total_timesteps | 313200   |
---------------------------------
---------------------------------
| rollout/           |          |
|    ep_len_mean     | 100      |
|    ep_rew_mean     | -100     |
|    success_rate    | 0        |
| time/              |          |
|    episodes        | 3112     |
|    fps             | 281      |
|    time_elapsed    | 1113     |
|    total_timesteps | 313200   |
---------------------------------
---------------------------------
| rollout/           |          |
|    ep_len_mean     | 100      |
|    ep_rew_mean     | -100     |
|    success_rate    | 0        |
| time/              |          |
|    episodes        | 3116     |
|    fps             | 281      |
|    time_elapsed    | 1113     |
|    total_timesteps | 313200   |
---------------------------------
---------------------------------
| rollout/           |          |
|    ep_len_mean     | 100      |
|    ep_rew_mean     | -100     |
|    success_rate    | 0        |
| time/              |          |
|    episodes        | 3120     |
|    fps             | 281      |
|    time_elapsed    | 1113     |
|    total_timesteps | 313200   |
---------------------------------
---------------------------------
| rollout/           |          |
|    ep_len_mean     | 100      |
|    ep_rew_mean     | -100     |
|    success_rate    | 0        |
| time/              |          |
|    episodes        | 3124     |
|    fps             | 281      |
|    time_elapsed    | 1113     |
|    total_timesteps | 313200   |
---------------------------------
---------------------------------
| rollout/           |          |
|    ep_len_mean     | 100      |
|    ep_rew_mean     | -100     |
|    success_rate    | 0        |
| time/              |          |
|    episodes        | 3128     |
|    fps             | 281      |
|    time_elapsed    | 1113     |
|    total_timesteps | 313200   |
---------------------------------
---------------------------------
| rollout/           |          |
|    ep_len_mean     | 100      |
|    ep_rew_mean     | -100     |
|    success_rate    | 0        |
| time/              |          |
|    episodes        | 3132     |
|    fps             | 281      |
|    time_elapsed    | 1113     |
|    total_timesteps | 313200   |
---------------------------------
---------------------------------
| rollout/           |          |
|    ep_len_mean     | 100      |
|    ep_rew_mean     | -100     |
|    success_rate    | 0        |
| time/              |          |
|    episodes        | 3136     |
|    fps             | 282      |
|    time_elapsed    | 1121     |
|    total_timesteps | 316800   |
| train/             |          |
|    actor_loss      | 1.65     |
|    critic_loss     | 0.00359  |
|    ent_coef        | 0.000354 |
|    ent_coef_loss   | -88.3    |
|    learning_rate   | 0.001    |
|    n_updates       | 8522     |
---------------------------------
---------------------------------
| rollout/           |          |
|    ep_len_mean     | 100      |
|    ep_rew_mean     | -100     |
|    success_rate    | 0        |
| time/              |          |
|    episodes        | 3140     |
|    fps             | 282      |
|    time_elapsed    | 1121     |
|    total_timesteps | 316800   |
---------------------------------
---------------------------------
| rollout/           |          |
|    ep_len_mean     | 100      |
|    ep_rew_mean     | -100     |
|    success_rate    | 0        |
| time/              |          |
|    episodes        | 3144     |
|    fps             | 282      |
|    time_elapsed    | 1121     |
|    total_timesteps | 316800   |
---------------------------------
---------------------------------
| rollout/           |          |
|    ep_len_mean     | 100      |
|    ep_rew_mean     | -100     |
|    success_rate    | 0        |
| time/              |          |
|    episodes        | 3148     |
|    fps             | 282      |
|    time_elapsed    | 1121     |
|    total_timesteps | 316800   |
---------------------------------
---------------------------------
| rollout/           |          |
|    ep_len_mean     | 100      |
|    ep_rew_mean     | -100     |
|    success_rate    | 0        |
| time/              |          |
|    episodes        | 3152     |
|    fps             | 282      |
|    time_elapsed    | 1121     |
|    total_timesteps | 316800   |
---------------------------------
---------------------------------
| rollout/           |          |
|    ep_len_mean     | 100      |
|    ep_rew_mean     | -100     |
|    success_rate    | 0        |
| time/              |          |
|    episodes        | 3156     |
|    fps             | 282      |
|    time_elapsed    | 1121     |
|    total_timesteps | 316800   |
---------------------------------
---------------------------------
| rollout/           |          |
|    ep_len_mean     | 100      |
|    ep_rew_mean     | -100     |
|    success_rate    | 0        |
| time/              |          |
|    episodes        | 3160     |
|    fps             | 282      |
|    time_elapsed    | 1121     |
|    total_timesteps | 316800   |
---------------------------------
---------------------------------
| rollout/           |          |
|    ep_len_mean     | 100      |
|    ep_rew_mean     | -100     |
|    success_rate    | 0        |
| time/              |          |
|    episodes        | 3164     |
|    fps             | 282      |
|    time_elapsed    | 1121     |
|    total_timesteps | 316800   |
---------------------------------
---------------------------------
| rollout/           |          |
|    ep_len_mean     | 100      |
|    ep_rew_mean     | -100     |
|    success_rate    | 0        |
| time/              |          |
|    episodes        | 3168     |
|    fps             | 282      |
|    time_elapsed    | 1121     |
|    total_timesteps | 316800   |
---------------------------------

Running evaluation at 320256 timesteps...
Successfully copied normalization stats
Evaluation results: {'eval/mean_reward': np.float32(-100.0), 'eval/std_reward': np.float32(0.0), 'eval/success_rate': np.float64(0.0)}
---------------------------------
| rollout/           |          |
|    ep_len_mean     | 100      |
|    ep_rew_mean     | -100     |
|    success_rate    | 0        |
| time/              |          |
|    episodes        | 3172     |
|    fps             | 277      |
|    time_elapsed    | 1154     |
|    total_timesteps | 320400   |
| train/             |          |
|    actor_loss      | 1.8      |
|    critic_loss     | 0.00289  |
|    ent_coef        | 0.000334 |
|    ent_coef_loss   | -74.7    |
|    learning_rate   | 0.001    |
|    n_updates       | 8622     |
---------------------------------
---------------------------------
| rollout/           |          |
|    ep_len_mean     | 100      |
|    ep_rew_mean     | -100     |
|    success_rate    | 0        |
| time/              |          |
|    episodes        | 3176     |
|    fps             | 277      |
|    time_elapsed    | 1154     |
|    total_timesteps | 320400   |
---------------------------------
---------------------------------
| rollout/           |          |
|    ep_len_mean     | 100      |
|    ep_rew_mean     | -100     |
|    success_rate    | 0        |
| time/              |          |
|    episodes        | 3180     |
|    fps             | 277      |
|    time_elapsed    | 1154     |
|    total_timesteps | 320400   |
---------------------------------
---------------------------------
| rollout/           |          |
|    ep_len_mean     | 100      |
|    ep_rew_mean     | -100     |
|    success_rate    | 0        |
| time/              |          |
|    episodes        | 3184     |
|    fps             | 277      |
|    time_elapsed    | 1154     |
|    total_timesteps | 320400   |
---------------------------------
---------------------------------
| rollout/           |          |
|    ep_len_mean     | 100      |
|    ep_rew_mean     | -100     |
|    success_rate    | 0        |
| time/              |          |
|    episodes        | 3188     |
|    fps             | 277      |
|    time_elapsed    | 1154     |
|    total_timesteps | 320400   |
---------------------------------
---------------------------------
| rollout/           |          |
|    ep_len_mean     | 100      |
|    ep_rew_mean     | -100     |
|    success_rate    | 0        |
| time/              |          |
|    episodes        | 3192     |
|    fps             | 277      |
|    time_elapsed    | 1154     |
|    total_timesteps | 320400   |
---------------------------------
---------------------------------
| rollout/           |          |
|    ep_len_mean     | 100      |
|    ep_rew_mean     | -100     |
|    success_rate    | 0        |
| time/              |          |
|    episodes        | 3196     |
|    fps             | 277      |
|    time_elapsed    | 1154     |
|    total_timesteps | 320400   |
---------------------------------
---------------------------------
| rollout/           |          |
|    ep_len_mean     | 100      |
|    ep_rew_mean     | -100     |
|    success_rate    | 0        |
| time/              |          |
|    episodes        | 3200     |
|    fps             | 277      |
|    time_elapsed    | 1154     |
|    total_timesteps | 320400   |
---------------------------------
---------------------------------
| rollout/           |          |
|    ep_len_mean     | 100      |
|    ep_rew_mean     | -100     |
|    success_rate    | 0        |
| time/              |          |
|    episodes        | 3204     |
|    fps             | 277      |
|    time_elapsed    | 1154     |
|    total_timesteps | 320400   |
---------------------------------
---------------------------------
| rollout/           |          |
|    ep_len_mean     | 100      |
|    ep_rew_mean     | -100     |
|    success_rate    | 0        |
| time/              |          |
|    episodes        | 3208     |
|    fps             | 278      |
|    time_elapsed    | 1163     |
|    total_timesteps | 324000   |
| train/             |          |
|    actor_loss      | 1.8      |
|    critic_loss     | 0.00317  |
|    ent_coef        | 0.000314 |
|    ent_coef_loss   | -64.8    |
|    learning_rate   | 0.001    |
|    n_updates       | 8722     |
---------------------------------
---------------------------------
| rollout/           |          |
|    ep_len_mean     | 100      |
|    ep_rew_mean     | -100     |
|    success_rate    | 0        |
| time/              |          |
|    episodes        | 3212     |
|    fps             | 278      |
|    time_elapsed    | 1163     |
|    total_timesteps | 324000   |
---------------------------------
---------------------------------
| rollout/           |          |
|    ep_len_mean     | 100      |
|    ep_rew_mean     | -100     |
|    success_rate    | 0        |
| time/              |          |
|    episodes        | 3216     |
|    fps             | 278      |
|    time_elapsed    | 1163     |
|    total_timesteps | 324000   |
---------------------------------
---------------------------------
| rollout/           |          |
|    ep_len_mean     | 100      |
|    ep_rew_mean     | -100     |
|    success_rate    | 0        |
| time/              |          |
|    episodes        | 3220     |
|    fps             | 278      |
|    time_elapsed    | 1163     |
|    total_timesteps | 324000   |
---------------------------------
---------------------------------
| rollout/           |          |
|    ep_len_mean     | 100      |
|    ep_rew_mean     | -100     |
|    success_rate    | 0        |
| time/              |          |
|    episodes        | 3224     |
|    fps             | 278      |
|    time_elapsed    | 1163     |
|    total_timesteps | 324000   |
---------------------------------
---------------------------------
| rollout/           |          |
|    ep_len_mean     | 100      |
|    ep_rew_mean     | -100     |
|    success_rate    | 0        |
| time/              |          |
|    episodes        | 3228     |
|    fps             | 278      |
|    time_elapsed    | 1163     |
|    total_timesteps | 324000   |
---------------------------------
---------------------------------
| rollout/           |          |
|    ep_len_mean     | 100      |
|    ep_rew_mean     | -100     |
|    success_rate    | 0        |
| time/              |          |
|    episodes        | 3232     |
|    fps             | 278      |
|    time_elapsed    | 1163     |
|    total_timesteps | 324000   |
---------------------------------
---------------------------------
| rollout/           |          |
|    ep_len_mean     | 100      |
|    ep_rew_mean     | -100     |
|    success_rate    | 0        |
| time/              |          |
|    episodes        | 3236     |
|    fps             | 278      |
|    time_elapsed    | 1163     |
|    total_timesteps | 324000   |
---------------------------------
---------------------------------
| rollout/           |          |
|    ep_len_mean     | 100      |
|    ep_rew_mean     | -100     |
|    success_rate    | 0        |
| time/              |          |
|    episodes        | 3240     |
|    fps             | 278      |
|    time_elapsed    | 1163     |
|    total_timesteps | 324000   |
---------------------------------
---------------------------------
| rollout/           |          |
|    ep_len_mean     | 100      |
|    ep_rew_mean     | -100     |
|    success_rate    | 0        |
| time/              |          |
|    episodes        | 3244     |
|    fps             | 279      |
|    time_elapsed    | 1171     |
|    total_timesteps | 327600   |
| train/             |          |
|    actor_loss      | 1.73     |
|    critic_loss     | 0.00258  |
|    ent_coef        | 0.000298 |
|    ent_coef_loss   | -61.9    |
|    learning_rate   | 0.001    |
|    n_updates       | 8822     |
---------------------------------
---------------------------------
| rollout/           |          |
|    ep_len_mean     | 100      |
|    ep_rew_mean     | -100     |
|    success_rate    | 0        |
| time/              |          |
|    episodes        | 3248     |
|    fps             | 279      |
|    time_elapsed    | 1171     |
|    total_timesteps | 327600   |
---------------------------------
---------------------------------
| rollout/           |          |
|    ep_len_mean     | 100      |
|    ep_rew_mean     | -100     |
|    success_rate    | 0        |
| time/              |          |
|    episodes        | 3252     |
|    fps             | 279      |
|    time_elapsed    | 1171     |
|    total_timesteps | 327600   |
---------------------------------
---------------------------------
| rollout/           |          |
|    ep_len_mean     | 100      |
|    ep_rew_mean     | -100     |
|    success_rate    | 0        |
| time/              |          |
|    episodes        | 3256     |
|    fps             | 279      |
|    time_elapsed    | 1171     |
|    total_timesteps | 327600   |
---------------------------------
---------------------------------
| rollout/           |          |
|    ep_len_mean     | 100      |
|    ep_rew_mean     | -100     |
|    success_rate    | 0        |
| time/              |          |
|    episodes        | 3260     |
|    fps             | 279      |
|    time_elapsed    | 1171     |
|    total_timesteps | 327600   |
---------------------------------
---------------------------------
| rollout/           |          |
|    ep_len_mean     | 100      |
|    ep_rew_mean     | -100     |
|    success_rate    | 0        |
| time/              |          |
|    episodes        | 3264     |
|    fps             | 279      |
|    time_elapsed    | 1171     |
|    total_timesteps | 327600   |
---------------------------------
---------------------------------
| rollout/           |          |
|    ep_len_mean     | 100      |
|    ep_rew_mean     | -100     |
|    success_rate    | 0        |
| time/              |          |
|    episodes        | 3268     |
|    fps             | 279      |
|    time_elapsed    | 1171     |
|    total_timesteps | 327600   |
---------------------------------
---------------------------------
| rollout/           |          |
|    ep_len_mean     | 100      |
|    ep_rew_mean     | -100     |
|    success_rate    | 0        |
| time/              |          |
|    episodes        | 3272     |
|    fps             | 279      |
|    time_elapsed    | 1171     |
|    total_timesteps | 327600   |
---------------------------------
---------------------------------
| rollout/           |          |
|    ep_len_mean     | 100      |
|    ep_rew_mean     | -100     |
|    success_rate    | 0        |
| time/              |          |
|    episodes        | 3276     |
|    fps             | 279      |
|    time_elapsed    | 1171     |
|    total_timesteps | 327600   |
---------------------------------
---------------------------------
| rollout/           |          |
|    ep_len_mean     | 100      |
|    ep_rew_mean     | -100     |
|    success_rate    | 0        |
| time/              |          |
|    episodes        | 3280     |
|    fps             | 280      |
|    time_elapsed    | 1179     |
|    total_timesteps | 331200   |
| train/             |          |
|    actor_loss      | 1.76     |
|    critic_loss     | 0.00316  |
|    ent_coef        | 0.000283 |
|    ent_coef_loss   | -77.7    |
|    learning_rate   | 0.001    |
|    n_updates       | 8922     |
---------------------------------
---------------------------------
| rollout/           |          |
|    ep_len_mean     | 100      |
|    ep_rew_mean     | -100     |
|    success_rate    | 0        |
| time/              |          |
|    episodes        | 3284     |
|    fps             | 280      |
|    time_elapsed    | 1179     |
|    total_timesteps | 331200   |
---------------------------------
---------------------------------
| rollout/           |          |
|    ep_len_mean     | 100      |
|    ep_rew_mean     | -100     |
|    success_rate    | 0        |
| time/              |          |
|    episodes        | 3288     |
|    fps             | 280      |
|    time_elapsed    | 1179     |
|    total_timesteps | 331200   |
---------------------------------
---------------------------------
| rollout/           |          |
|    ep_len_mean     | 100      |
|    ep_rew_mean     | -100     |
|    success_rate    | 0        |
| time/              |          |
|    episodes        | 3292     |
|    fps             | 280      |
|    time_elapsed    | 1179     |
|    total_timesteps | 331200   |
---------------------------------
---------------------------------
| rollout/           |          |
|    ep_len_mean     | 100      |
|    ep_rew_mean     | -100     |
|    success_rate    | 0        |
| time/              |          |
|    episodes        | 3296     |
|    fps             | 280      |
|    time_elapsed    | 1179     |
|    total_timesteps | 331200   |
---------------------------------
---------------------------------
| rollout/           |          |
|    ep_len_mean     | 100      |
|    ep_rew_mean     | -100     |
|    success_rate    | 0        |
| time/              |          |
|    episodes        | 3300     |
|    fps             | 280      |
|    time_elapsed    | 1179     |
|    total_timesteps | 331200   |
---------------------------------
---------------------------------
| rollout/           |          |
|    ep_len_mean     | 100      |
|    ep_rew_mean     | -100     |
|    success_rate    | 0        |
| time/              |          |
|    episodes        | 3304     |
|    fps             | 280      |
|    time_elapsed    | 1179     |
|    total_timesteps | 331200   |
---------------------------------
---------------------------------
| rollout/           |          |
|    ep_len_mean     | 100      |
|    ep_rew_mean     | -100     |
|    success_rate    | 0        |
| time/              |          |
|    episodes        | 3308     |
|    fps             | 280      |
|    time_elapsed    | 1179     |
|    total_timesteps | 331200   |
---------------------------------
---------------------------------
| rollout/           |          |
|    ep_len_mean     | 100      |
|    ep_rew_mean     | -100     |
|    success_rate    | 0        |
| time/              |          |
|    episodes        | 3312     |
|    fps             | 280      |
|    time_elapsed    | 1179     |
|    total_timesteps | 331200   |
---------------------------------
---------------------------------
| rollout/           |          |
|    ep_len_mean     | 100      |
|    ep_rew_mean     | -100     |
|    success_rate    | 0        |
| time/              |          |
|    episodes        | 3316     |
|    fps             | 281      |
|    time_elapsed    | 1187     |
|    total_timesteps | 334800   |
| train/             |          |
|    actor_loss      | 1.69     |
|    critic_loss     | 0.00327  |
|    ent_coef        | 0.000272 |
|    ent_coef_loss   | -81.3    |
|    learning_rate   | 0.001    |
|    n_updates       | 9022     |
---------------------------------
---------------------------------
| rollout/           |          |
|    ep_len_mean     | 100      |
|    ep_rew_mean     | -100     |
|    success_rate    | 0        |
| time/              |          |
|    episodes        | 3320     |
|    fps             | 281      |
|    time_elapsed    | 1187     |
|    total_timesteps | 334800   |
---------------------------------
---------------------------------
| rollout/           |          |
|    ep_len_mean     | 100      |
|    ep_rew_mean     | -100     |
|    success_rate    | 0        |
| time/              |          |
|    episodes        | 3324     |
|    fps             | 281      |
|    time_elapsed    | 1187     |
|    total_timesteps | 334800   |
---------------------------------
---------------------------------
| rollout/           |          |
|    ep_len_mean     | 100      |
|    ep_rew_mean     | -100     |
|    success_rate    | 0        |
| time/              |          |
|    episodes        | 3328     |
|    fps             | 281      |
|    time_elapsed    | 1187     |
|    total_timesteps | 334800   |
---------------------------------
---------------------------------
| rollout/           |          |
|    ep_len_mean     | 100      |
|    ep_rew_mean     | -100     |
|    success_rate    | 0        |
| time/              |          |
|    episodes        | 3332     |
|    fps             | 281      |
|    time_elapsed    | 1187     |
|    total_timesteps | 334800   |
---------------------------------
---------------------------------
| rollout/           |          |
|    ep_len_mean     | 100      |
|    ep_rew_mean     | -100     |
|    success_rate    | 0        |
| time/              |          |
|    episodes        | 3336     |
|    fps             | 281      |
|    time_elapsed    | 1187     |
|    total_timesteps | 334800   |
---------------------------------
---------------------------------
| rollout/           |          |
|    ep_len_mean     | 100      |
|    ep_rew_mean     | -100     |
|    success_rate    | 0        |
| time/              |          |
|    episodes        | 3340     |
|    fps             | 281      |
|    time_elapsed    | 1187     |
|    total_timesteps | 334800   |
---------------------------------
---------------------------------
| rollout/           |          |
|    ep_len_mean     | 100      |
|    ep_rew_mean     | -100     |
|    success_rate    | 0        |
| time/              |          |
|    episodes        | 3344     |
|    fps             | 281      |
|    time_elapsed    | 1187     |
|    total_timesteps | 334800   |
---------------------------------
---------------------------------
| rollout/           |          |
|    ep_len_mean     | 100      |
|    ep_rew_mean     | -100     |
|    success_rate    | 0        |
| time/              |          |
|    episodes        | 3348     |
|    fps             | 281      |
|    time_elapsed    | 1187     |
|    total_timesteps | 334800   |
---------------------------------
---------------------------------
| rollout/           |          |
|    ep_len_mean     | 100      |
|    ep_rew_mean     | -100     |
|    success_rate    | 0        |
| time/              |          |
|    episodes        | 3352     |
|    fps             | 282      |
|    time_elapsed    | 1196     |
|    total_timesteps | 338400   |
| train/             |          |
|    actor_loss      | 1.62     |
|    critic_loss     | 0.00354  |
|    ent_coef        | 0.00026  |
|    ent_coef_loss   | -34.2    |
|    learning_rate   | 0.001    |
|    n_updates       | 9122     |
---------------------------------
---------------------------------
| rollout/           |          |
|    ep_len_mean     | 100      |
|    ep_rew_mean     | -100     |
|    success_rate    | 0        |
| time/              |          |
|    episodes        | 3356     |
|    fps             | 282      |
|    time_elapsed    | 1196     |
|    total_timesteps | 338400   |
---------------------------------
---------------------------------
| rollout/           |          |
|    ep_len_mean     | 100      |
|    ep_rew_mean     | -100     |
|    success_rate    | 0        |
| time/              |          |
|    episodes        | 3360     |
|    fps             | 282      |
|    time_elapsed    | 1196     |
|    total_timesteps | 338400   |
---------------------------------
---------------------------------
| rollout/           |          |
|    ep_len_mean     | 100      |
|    ep_rew_mean     | -100     |
|    success_rate    | 0        |
| time/              |          |
|    episodes        | 3364     |
|    fps             | 282      |
|    time_elapsed    | 1196     |
|    total_timesteps | 338400   |
---------------------------------
---------------------------------
| rollout/           |          |
|    ep_len_mean     | 100      |
|    ep_rew_mean     | -100     |
|    success_rate    | 0        |
| time/              |          |
|    episodes        | 3368     |
|    fps             | 282      |
|    time_elapsed    | 1196     |
|    total_timesteps | 338400   |
---------------------------------
---------------------------------
| rollout/           |          |
|    ep_len_mean     | 100      |
|    ep_rew_mean     | -100     |
|    success_rate    | 0        |
| time/              |          |
|    episodes        | 3372     |
|    fps             | 282      |
|    time_elapsed    | 1196     |
|    total_timesteps | 338400   |
---------------------------------
---------------------------------
| rollout/           |          |
|    ep_len_mean     | 100      |
|    ep_rew_mean     | -100     |
|    success_rate    | 0        |
| time/              |          |
|    episodes        | 3376     |
|    fps             | 282      |
|    time_elapsed    | 1196     |
|    total_timesteps | 338400   |
---------------------------------
---------------------------------
| rollout/           |          |
|    ep_len_mean     | 100      |
|    ep_rew_mean     | -100     |
|    success_rate    | 0        |
| time/              |          |
|    episodes        | 3380     |
|    fps             | 282      |
|    time_elapsed    | 1196     |
|    total_timesteps | 338400   |
---------------------------------
---------------------------------
| rollout/           |          |
|    ep_len_mean     | 100      |
|    ep_rew_mean     | -100     |
|    success_rate    | 0        |
| time/              |          |
|    episodes        | 3384     |
|    fps             | 282      |
|    time_elapsed    | 1196     |
|    total_timesteps | 338400   |
---------------------------------

Running evaluation at 340272 timesteps...
Successfully copied normalization stats
Evaluation results: {'eval/mean_reward': np.float32(-100.0), 'eval/std_reward': np.float32(0.0), 'eval/success_rate': np.float64(0.0)}
---------------------------------
| rollout/           |          |
|    ep_len_mean     | 100      |
|    ep_rew_mean     | -100     |
|    success_rate    | 0        |
| time/              |          |
|    episodes        | 3388     |
|    fps             | 277      |
|    time_elapsed    | 1233     |
|    total_timesteps | 342000   |
| train/             |          |
|    actor_loss      | 1.67     |
|    critic_loss     | 0.00313  |
|    ent_coef        | 0.00025  |
|    ent_coef_loss   | -40.8    |
|    learning_rate   | 0.001    |
|    n_updates       | 9222     |
---------------------------------
---------------------------------
| rollout/           |          |
|    ep_len_mean     | 100      |
|    ep_rew_mean     | -100     |
|    success_rate    | 0        |
| time/              |          |
|    episodes        | 3392     |
|    fps             | 277      |
|    time_elapsed    | 1233     |
|    total_timesteps | 342000   |
---------------------------------
---------------------------------
| rollout/           |          |
|    ep_len_mean     | 100      |
|    ep_rew_mean     | -100     |
|    success_rate    | 0        |
| time/              |          |
|    episodes        | 3396     |
|    fps             | 277      |
|    time_elapsed    | 1233     |
|    total_timesteps | 342000   |
---------------------------------
---------------------------------
| rollout/           |          |
|    ep_len_mean     | 100      |
|    ep_rew_mean     | -100     |
|    success_rate    | 0        |
| time/              |          |
|    episodes        | 3400     |
|    fps             | 277      |
|    time_elapsed    | 1233     |
|    total_timesteps | 342000   |
---------------------------------
---------------------------------
| rollout/           |          |
|    ep_len_mean     | 100      |
|    ep_rew_mean     | -100     |
|    success_rate    | 0        |
| time/              |          |
|    episodes        | 3404     |
|    fps             | 277      |
|    time_elapsed    | 1233     |
|    total_timesteps | 342000   |
---------------------------------
---------------------------------
| rollout/           |          |
|    ep_len_mean     | 100      |
|    ep_rew_mean     | -100     |
|    success_rate    | 0        |
| time/              |          |
|    episodes        | 3408     |
|    fps             | 277      |
|    time_elapsed    | 1233     |
|    total_timesteps | 342000   |
---------------------------------
---------------------------------
| rollout/           |          |
|    ep_len_mean     | 100      |
|    ep_rew_mean     | -100     |
|    success_rate    | 0        |
| time/              |          |
|    episodes        | 3412     |
|    fps             | 277      |
|    time_elapsed    | 1233     |
|    total_timesteps | 342000   |
---------------------------------
---------------------------------
| rollout/           |          |
|    ep_len_mean     | 100      |
|    ep_rew_mean     | -100     |
|    success_rate    | 0        |
| time/              |          |
|    episodes        | 3416     |
|    fps             | 277      |
|    time_elapsed    | 1233     |
|    total_timesteps | 342000   |
---------------------------------
---------------------------------
| rollout/           |          |
|    ep_len_mean     | 100      |
|    ep_rew_mean     | -100     |
|    success_rate    | 0        |
| time/              |          |
|    episodes        | 3420     |
|    fps             | 277      |
|    time_elapsed    | 1233     |
|    total_timesteps | 342000   |
---------------------------------
---------------------------------
| rollout/           |          |
|    ep_len_mean     | 100      |
|    ep_rew_mean     | -100     |
|    success_rate    | 0        |
| time/              |          |
|    episodes        | 3424     |
|    fps             | 278      |
|    time_elapsed    | 1241     |
|    total_timesteps | 345600   |
| train/             |          |
|    actor_loss      | 1.56     |
|    critic_loss     | 0.00324  |
|    ent_coef        | 0.000243 |
|    ent_coef_loss   | -40.5    |
|    learning_rate   | 0.001    |
|    n_updates       | 9322     |
---------------------------------
---------------------------------
| rollout/           |          |
|    ep_len_mean     | 100      |
|    ep_rew_mean     | -100     |
|    success_rate    | 0        |
| time/              |          |
|    episodes        | 3428     |
|    fps             | 278      |
|    time_elapsed    | 1241     |
|    total_timesteps | 345600   |
---------------------------------
---------------------------------
| rollout/           |          |
|    ep_len_mean     | 100      |
|    ep_rew_mean     | -100     |
|    success_rate    | 0        |
| time/              |          |
|    episodes        | 3432     |
|    fps             | 278      |
|    time_elapsed    | 1241     |
|    total_timesteps | 345600   |
---------------------------------
---------------------------------
| rollout/           |          |
|    ep_len_mean     | 100      |
|    ep_rew_mean     | -100     |
|    success_rate    | 0        |
| time/              |          |
|    episodes        | 3436     |
|    fps             | 278      |
|    time_elapsed    | 1241     |
|    total_timesteps | 345600   |
---------------------------------
---------------------------------
| rollout/           |          |
|    ep_len_mean     | 100      |
|    ep_rew_mean     | -100     |
|    success_rate    | 0        |
| time/              |          |
|    episodes        | 3440     |
|    fps             | 278      |
|    time_elapsed    | 1241     |
|    total_timesteps | 345600   |
---------------------------------
---------------------------------
| rollout/           |          |
|    ep_len_mean     | 100      |
|    ep_rew_mean     | -100     |
|    success_rate    | 0        |
| time/              |          |
|    episodes        | 3444     |
|    fps             | 278      |
|    time_elapsed    | 1241     |
|    total_timesteps | 345600   |
---------------------------------
---------------------------------
| rollout/           |          |
|    ep_len_mean     | 100      |
|    ep_rew_mean     | -100     |
|    success_rate    | 0        |
| time/              |          |
|    episodes        | 3448     |
|    fps             | 278      |
|    time_elapsed    | 1241     |
|    total_timesteps | 345600   |
---------------------------------
---------------------------------
| rollout/           |          |
|    ep_len_mean     | 100      |
|    ep_rew_mean     | -100     |
|    success_rate    | 0        |
| time/              |          |
|    episodes        | 3452     |
|    fps             | 278      |
|    time_elapsed    | 1241     |
|    total_timesteps | 345600   |
---------------------------------
---------------------------------
| rollout/           |          |
|    ep_len_mean     | 100      |
|    ep_rew_mean     | -100     |
|    success_rate    | 0        |
| time/              |          |
|    episodes        | 3456     |
|    fps             | 278      |
|    time_elapsed    | 1241     |
|    total_timesteps | 345600   |
---------------------------------
---------------------------------
| rollout/           |          |
|    ep_len_mean     | 100      |
|    ep_rew_mean     | -100     |
|    success_rate    | 0        |
| time/              |          |
|    episodes        | 3460     |
|    fps             | 279      |
|    time_elapsed    | 1250     |
|    total_timesteps | 349200   |
| train/             |          |
|    actor_loss      | 1.51     |
|    critic_loss     | 0.00293  |
|    ent_coef        | 0.000236 |
|    ent_coef_loss   | -44.3    |
|    learning_rate   | 0.001    |
|    n_updates       | 9422     |
---------------------------------
---------------------------------
| rollout/           |          |
|    ep_len_mean     | 100      |
|    ep_rew_mean     | -100     |
|    success_rate    | 0        |
| time/              |          |
|    episodes        | 3464     |
|    fps             | 279      |
|    time_elapsed    | 1250     |
|    total_timesteps | 349200   |
---------------------------------
---------------------------------
| rollout/           |          |
|    ep_len_mean     | 100      |
|    ep_rew_mean     | -100     |
|    success_rate    | 0        |
| time/              |          |
|    episodes        | 3468     |
|    fps             | 279      |
|    time_elapsed    | 1250     |
|    total_timesteps | 349200   |
---------------------------------
---------------------------------
| rollout/           |          |
|    ep_len_mean     | 100      |
|    ep_rew_mean     | -100     |
|    success_rate    | 0        |
| time/              |          |
|    episodes        | 3472     |
|    fps             | 279      |
|    time_elapsed    | 1250     |
|    total_timesteps | 349200   |
---------------------------------
---------------------------------
| rollout/           |          |
|    ep_len_mean     | 100      |
|    ep_rew_mean     | -100     |
|    success_rate    | 0        |
| time/              |          |
|    episodes        | 3476     |
|    fps             | 279      |
|    time_elapsed    | 1250     |
|    total_timesteps | 349200   |
---------------------------------
---------------------------------
| rollout/           |          |
|    ep_len_mean     | 100      |
|    ep_rew_mean     | -100     |
|    success_rate    | 0        |
| time/              |          |
|    episodes        | 3480     |
|    fps             | 279      |
|    time_elapsed    | 1250     |
|    total_timesteps | 349200   |
---------------------------------
---------------------------------
| rollout/           |          |
|    ep_len_mean     | 100      |
|    ep_rew_mean     | -100     |
|    success_rate    | 0        |
| time/              |          |
|    episodes        | 3484     |
|    fps             | 279      |
|    time_elapsed    | 1250     |
|    total_timesteps | 349200   |
---------------------------------
---------------------------------
| rollout/           |          |
|    ep_len_mean     | 100      |
|    ep_rew_mean     | -100     |
|    success_rate    | 0        |
| time/              |          |
|    episodes        | 3488     |
|    fps             | 279      |
|    time_elapsed    | 1250     |
|    total_timesteps | 349200   |
---------------------------------
---------------------------------
| rollout/           |          |
|    ep_len_mean     | 100      |
|    ep_rew_mean     | -100     |
|    success_rate    | 0        |
| time/              |          |
|    episodes        | 3492     |
|    fps             | 279      |
|    time_elapsed    | 1250     |
|    total_timesteps | 349200   |
---------------------------------
